Record Length,Analog:10000
Sample Interval,5.000000E-04
Vertical Units,V,
Vertical Scale,+1.000000E-03
Vertical Offset,-7.500000E-04
Horizontal Units,s
Horizontal Scale,+5.000000E-01
Model,SDS814X HD
Serial Number,SDS08A0Q808352
Software Version,3.8.12.1.1.3.8
Source,CH1
Second,Value
-2.5031000000E+00,+9.750000E-04
-2.5026000000E+00,+9.250000E-04
-2.5021000000E+00,+7.270834E-04
-2.5016000000E+00,+7.229167E-04
-2.5011000000E+00,+4.958333E-04
-2.5006000000E+00,+7.520833E-04
-2.5001000000E+00,+1.058333E-03
-2.4996000000E+00,+7.437500E-04
-2.4991000000E+00,+4.604167E-04
-2.4986000000E+00,+5.083333E-04
-2.4981000000E+00,+4.062500E-04
-2.4976000000E+00,+7.333333E-04
-2.4971000000E+00,+8.562500E-04
-2.4966000000E+00,+5.937500E-04
-2.4961000000E+00,+1.083333E-04
-2.4956000000E+00,+2.500000E-04
-2.4951000000E+00,+3.687500E-04
-2.4946000000E+00,+3.520833E-04
-2.4941000000E+00,+1.291667E-04
-2.4936000000E+00,+4.250000E-04
-2.4931000000E+00,+2.458333E-04
-2.4926000000E+00,+2.833333E-04
-2.4921000000E+00,+1.458333E-05
-2.4916000000E+00,+5.750000E-04
-2.4911000000E+00,-3.208334E-04
-2.4906000000E+00,-4.166667E-05
-2.4901000000E+00,-4.166667E-05
-2.4896000000E+00,-7.708334E-05
-2.4891000000E+00,+8.333333E-05
-2.4886000000E+00,+2.312500E-04
-2.4881000000E+00,-4.583333E-05
-2.4876000000E+00,-2.520834E-04
-2.4871000000E+00,-7.500000E-05
-2.4866000000E+00,-2.270833E-04
-2.4861000000E+00,-1.291667E-04
-2.4856000000E+00,+9.583333E-05
-2.4851000000E+00,-2.708333E-04
-2.4846000000E+00,-4.166667E-04
-2.4841000000E+00,-2.916667E-04
-2.4836000000E+00,-3.645833E-04
-2.4831000000E+00,-3.250000E-04
-2.4826000000E+00,-3.604167E-04
-2.4821000000E+00,-7.312500E-04
-2.4816000000E+00,-6.291667E-04
-2.4811000000E+00,-9.604167E-04
-2.4806000000E+00,-4.583334E-04
-2.4801000000E+00,-5.875000E-04
-2.4796000000E+00,-8.395833E-04
-2.4791000000E+00,-1.033333E-03
-2.4786000000E+00,-5.708333E-04
-2.4781000000E+00,-8.666667E-04
-2.4776000000E+00,-4.708333E-04
-2.4771000000E+00,-9.125000E-04
-2.4766000000E+00,-9.437500E-04
-2.4761000000E+00,-1.129167E-03
-2.4756000000E+00,-6.062500E-04
-2.4751000000E+00,-7.229167E-04
-2.4746000000E+00,-8.958334E-04
-2.4741000000E+00,-1.260417E-03
-2.4736000000E+00,-1.220833E-03
-2.4731000000E+00,-9.666667E-04
-2.4726000000E+00,-1.154167E-03
-2.4721000000E+00,-7.916667E-04
-2.4716000000E+00,-7.604167E-04
-2.4711000000E+00,-1.047917E-03
-2.4706000000E+00,-1.175000E-03
-2.4701000000E+00,-1.341667E-03
-2.4696000000E+00,-1.066667E-03
-2.4691000000E+00,-1.006250E-03
-2.4686000000E+00,-8.666667E-04
-2.4681000000E+00,-1.252083E-03
-2.4676000000E+00,-1.216667E-03
-2.4671000000E+00,-9.145833E-04
-2.4666000000E+00,-9.729167E-04
-2.4661000000E+00,-1.139583E-03
-2.4656000000E+00,-1.068750E-03
-2.4651000000E+00,-1.235417E-03
-2.4646000000E+00,-1.168750E-03
-2.4641000000E+00,-1.158333E-03
-2.4636000000E+00,-1.133333E-03
-2.4631000000E+00,-1.018750E-03
-2.4626000000E+00,-1.018750E-03
-2.4621000000E+00,-1.441667E-03
-2.4616000000E+00,-1.364583E-03
-2.4611000000E+00,-9.750000E-04
-2.4606000000E+00,-7.604167E-04
-2.4601000000E+00,-9.541667E-04
-2.4596000000E+00,-1.020833E-03
-2.4591000000E+00,-1.125000E-03
-2.4586000000E+00,-9.958333E-04
-2.4581000000E+00,-7.583334E-04
-2.4576000000E+00,-6.562500E-04
-2.4571000000E+00,-1.110417E-03
-2.4566000000E+00,-1.079167E-03
-2.4561000000E+00,-1.062500E-03
-2.4556000000E+00,-7.166667E-04
-2.4551000000E+00,-8.750000E-04
-2.4546000000E+00,-6.020833E-04
-2.4541000000E+00,-7.083333E-04
-2.4536000000E+00,-8.062500E-04
-2.4531000000E+00,-8.333334E-04
-2.4526000000E+00,-5.354166E-04
-2.4521000000E+00,-5.041667E-04
-2.4516000000E+00,-5.979167E-04
-2.4511000000E+00,-5.854167E-04
-2.4506000000E+00,-6.333333E-04
-2.4501000000E+00,-4.062500E-04
-2.4496000000E+00,-3.125000E-04
-2.4491000000E+00,-2.020833E-04
-2.4486000000E+00,-5.916667E-04
-2.4481000000E+00,-5.458333E-04
-2.4476000000E+00,-1.479167E-04
-2.4471000000E+00,+2.145833E-04
-2.4466000000E+00,-6.875000E-05
-2.4461000000E+00,-3.250000E-04
-2.4456000000E+00,-8.750000E-05
-2.4451000000E+00,+2.812500E-04
-2.4446000000E+00,-1.333333E-04
-2.4441000000E+00,+1.625000E-04
-2.4436000000E+00,+2.104167E-04
-2.4431000000E+00,+5.208333E-05
-2.4426000000E+00,-4.791667E-05
-2.4421000000E+00,+1.145833E-04
-2.4416000000E+00,+1.666667E-04
-2.4411000000E+00,+2.729167E-04
-2.4406000000E+00,+5.000000E-04
-2.4401000000E+00,+1.312500E-04
-2.4396000000E+00,+4.333333E-04
-2.4391000000E+00,+2.125000E-04
-2.4386000000E+00,+7.354167E-04
-2.4381000000E+00,+6.333333E-04
-2.4376000000E+00,+2.729167E-04
-2.4371000000E+00,+2.604167E-04
-2.4366000000E+00,+3.916667E-04
-2.4361000000E+00,+7.479167E-04
-2.4356000000E+00,+7.000000E-04
-2.4351000000E+00,+6.812500E-04
-2.4346000000E+00,+6.437500E-04
-2.4341000000E+00,+5.000000E-04
-2.4336000000E+00,+8.791666E-04
-2.4331000000E+00,+7.166667E-04
-2.4326000000E+00,+7.770833E-04
-2.4321000000E+00,+1.014583E-03
-2.4316000000E+00,+3.958333E-04
-2.4311000000E+00,+5.000000E-04
-2.4306000000E+00,+7.333333E-04
-2.4301000000E+00,+8.625000E-04
-2.4296000000E+00,+8.666667E-04
-2.4291000000E+00,+7.770833E-04
-2.4286000000E+00,+3.666667E-04
-2.4281000000E+00,+8.020833E-04
-2.4276000000E+00,+1.008333E-03
-2.4271000000E+00,+1.060417E-03
-2.4266000000E+00,+9.479166E-04
-2.4261000000E+00,+8.041667E-04
-2.4256000000E+00,+6.395833E-04
-2.4251000000E+00,+9.104167E-04
-2.4246000000E+00,+8.500000E-04
-2.4241000000E+00,+8.791666E-04
-2.4236000000E+00,+8.729167E-04
-2.4231000000E+00,+8.041667E-04
-2.4226000000E+00,+7.270834E-04
-2.4221000000E+00,+7.875000E-04
-2.4216000000E+00,+1.287500E-03
-2.4211000000E+00,+1.068750E-03
-2.4206000000E+00,+7.187500E-04
-2.4201000000E+00,+7.854167E-04
-2.4196000000E+00,+6.750000E-04
-2.4191000000E+00,+9.729167E-04
-2.4186000000E+00,+1.129167E-03
-2.4181000000E+00,+7.312500E-04
-2.4176000000E+00,+5.562500E-04
-2.4171000000E+00,+5.854167E-04
-2.4166000000E+00,+6.395833E-04
-2.4161000000E+00,+8.645834E-04
-2.4156000000E+00,+7.062500E-04
-2.4151000000E+00,+7.062500E-04
-2.4146000000E+00,+1.479167E-04
-2.4141000000E+00,+4.791667E-04
-2.4136000000E+00,+5.750000E-04
-2.4131000000E+00,+8.708333E-04
-2.4126000000E+00,+6.354167E-04
-2.4121000000E+00,+4.458333E-04
-2.4116000000E+00,-6.875000E-05
-2.4111000000E+00,+4.625000E-04
-2.4106000000E+00,+2.312500E-04
-2.4101000000E+00,+5.666667E-04
-2.4096000000E+00,+6.250000E-04
-2.4091000000E+00,+5.208333E-05
-2.4086000000E+00,+8.333333E-05
-2.4081000000E+00,+1.833333E-04
-2.4076000000E+00,+2.500000E-04
-2.4071000000E+00,+1.625000E-04
-2.4066000000E+00,+1.250000E-05
-2.4061000000E+00,-7.500000E-05
-2.4056000000E+00,-1.979167E-04
-2.4051000000E+00,+1.125000E-04
-2.4046000000E+00,+7.291666E-05
-2.4041000000E+00,-5.000000E-05
-2.4036000000E+00,-2.562500E-04
-2.4031000000E+00,-2.083333E-04
-2.4026000000E+00,-4.375000E-04
-2.4021000000E+00,-1.062500E-04
-2.4016000000E+00,-1.041667E-04
-2.4011000000E+00,-1.770833E-04
-2.4006000000E+00,-5.291667E-04
-2.4001000000E+00,-5.145833E-04
-2.3996000000E+00,-1.187500E-04
-2.3991000000E+00,-1.854167E-04
-2.3986000000E+00,-3.270833E-04
-2.3981000000E+00,-5.145833E-04
-2.3976000000E+00,-6.458333E-04
-2.3971000000E+00,-6.208334E-04
-2.3966000000E+00,-4.291667E-04
-2.3961000000E+00,-4.854167E-04
-2.3956000000E+00,-6.229167E-04
-2.3951000000E+00,-7.916667E-04
-2.3946000000E+00,-7.229167E-04
-2.3941000000E+00,-8.791667E-04
-2.3936000000E+00,-6.895834E-04
-2.3931000000E+00,-5.062500E-04
-2.3926000000E+00,-8.062500E-04
-2.3921000000E+00,-1.045833E-03
-2.3916000000E+00,-9.604167E-04
-2.3911000000E+00,-8.541667E-04
-2.3906000000E+00,-5.604167E-04
-2.3901000000E+00,-8.562500E-04
-2.3896000000E+00,-1.245833E-03
-2.3891000000E+00,-1.175000E-03
-2.3886000000E+00,-7.187500E-04
-2.3881000000E+00,-1.002083E-03
-2.3876000000E+00,-1.002083E-03
-2.3871000000E+00,-1.081250E-03
-2.3866000000E+00,-1.260417E-03
-2.3861000000E+00,-1.216667E-03
-2.3856000000E+00,-1.006250E-03
-2.3851000000E+00,-9.458333E-04
-2.3846000000E+00,-1.091667E-03
-2.3841000000E+00,-1.012500E-03
-2.3836000000E+00,-1.222917E-03
-2.3831000000E+00,-1.252083E-03
-2.3826000000E+00,-9.708334E-04
-2.3821000000E+00,-1.041667E-03
-2.3816000000E+00,-1.087500E-03
-2.3811000000E+00,-1.229167E-03
-2.3806000000E+00,-1.206250E-03
-2.3801000000E+00,-9.250000E-04
-2.3796000000E+00,-1.035417E-03
-2.3791000000E+00,-8.250000E-04
-2.3786000000E+00,-1.052083E-03
-2.3781000000E+00,-1.318750E-03
-2.3776000000E+00,-1.312500E-03
-2.3771000000E+00,-1.016667E-03
-2.3766000000E+00,-8.895833E-04
-2.3761000000E+00,-1.016667E-03
-2.3756000000E+00,-9.791667E-04
-2.3751000000E+00,-9.937501E-04
-2.3746000000E+00,-1.118750E-03
-2.3741000000E+00,-9.729167E-04
-2.3736000000E+00,-9.791667E-04
-2.3731000000E+00,-8.937500E-04
-2.3726000000E+00,-9.875001E-04
-2.3721000000E+00,-1.162500E-03
-2.3716000000E+00,-8.770833E-04
-2.3711000000E+00,-5.145833E-04
-2.3706000000E+00,-6.104167E-04
-2.3701000000E+00,-9.937501E-04
-2.3696000000E+00,-9.145833E-04
-2.3691000000E+00,-7.437500E-04
-2.3686000000E+00,-6.333333E-04
-2.3681000000E+00,-3.854167E-04
-2.3676000000E+00,-4.583334E-04
-2.3671000000E+00,-5.000000E-04
-2.3666000000E+00,-5.916667E-04
-2.3661000000E+00,-7.541667E-04
-2.3656000000E+00,+7.291666E-05
-2.3651000000E+00,-3.250000E-04
-2.3646000000E+00,-4.125000E-04
-2.3641000000E+00,-4.729167E-04
-2.3636000000E+00,-4.333333E-04
-2.3631000000E+00,-1.479167E-04
-2.3626000000E+00,-2.291667E-05
-2.3621000000E+00,-9.583333E-05
-2.3616000000E+00,-1.937500E-04
-2.3611000000E+00,-4.416667E-04
-2.3606000000E+00,+3.750000E-05
-2.3601000000E+00,+1.062500E-04
-2.3596000000E+00,+2.291667E-04
-2.3591000000E+00,+1.791667E-04
-2.3586000000E+00,-1.208333E-04
-2.3581000000E+00,-1.770833E-04
-2.3576000000E+00,+3.250000E-04
-2.3571000000E+00,+4.937500E-04
-2.3566000000E+00,+4.854167E-04
-2.3561000000E+00,+7.500000E-05
-2.3556000000E+00,+3.145833E-04
-2.3551000000E+00,+3.229167E-04
-2.3546000000E+00,+4.416667E-04
-2.3541000000E+00,+6.729166E-04
-2.3536000000E+00,+6.333333E-04
-2.3531000000E+00,+3.187500E-04
-2.3526000000E+00,+4.145833E-04
-2.3521000000E+00,+4.187500E-04
-2.3516000000E+00,+5.062500E-04
-2.3511000000E+00,+8.520833E-04
-2.3506000000E+00,+6.375000E-04
-2.3501000000E+00,+4.791667E-04
-2.3496000000E+00,+4.979167E-04
-2.3491000000E+00,+7.500000E-04
-2.3486000000E+00,+8.791666E-04
-2.3481000000E+00,+6.770833E-04
-2.3476000000E+00,+7.437500E-04
-2.3471000000E+00,+6.187500E-04
-2.3466000000E+00,+8.833333E-04
-2.3461000000E+00,+9.750000E-04
-2.3456000000E+00,+9.041667E-04
-2.3451000000E+00,+8.416667E-04
-2.3446000000E+00,+6.104167E-04
-2.3441000000E+00,+7.479167E-04
-2.3436000000E+00,+5.270833E-04
-2.3431000000E+00,+1.106250E-03
-2.3426000000E+00,+8.437500E-04
-2.3421000000E+00,+7.875000E-04
-2.3416000000E+00,+8.062500E-04
-2.3411000000E+00,+7.937500E-04
-2.3406000000E+00,+5.312500E-04
-2.3401000000E+00,+1.189583E-03
-2.3396000000E+00,+1.035417E-03
-2.3391000000E+00,+6.854167E-04
-2.3386000000E+00,+6.541667E-04
-2.3381000000E+00,+6.708333E-04
-2.3376000000E+00,+8.666667E-04
-2.3371000000E+00,+8.708333E-04
-2.3366000000E+00,+9.562500E-04
-2.3361000000E+00,+8.270834E-04
-2.3356000000E+00,+5.354166E-04
-2.3351000000E+00,+8.187500E-04
-2.3346000000E+00,+8.104166E-04
-2.3341000000E+00,+1.360417E-03
-2.3336000000E+00,+6.125000E-04
-2.3331000000E+00,+4.541667E-04
-2.3326000000E+00,+7.500000E-04
-2.3321000000E+00,+7.041667E-04
-2.3316000000E+00,+7.333333E-04
-2.3311000000E+00,+8.000000E-04
-2.3306000000E+00,+2.812500E-04
-2.3301000000E+00,+4.395833E-04
-2.3296000000E+00,+7.166667E-04
-2.3291000000E+00,+5.937500E-04
-2.3286000000E+00,+6.270834E-04
-2.3281000000E+00,+4.625000E-04
-2.3276000000E+00,+4.500000E-04
-2.3271000000E+00,+3.125000E-04
-2.3266000000E+00,+3.979167E-04
-2.3261000000E+00,+4.875000E-04
-2.3256000000E+00,+3.562500E-04
-2.3251000000E+00,+3.937500E-04
-2.3246000000E+00,+1.208333E-04
-2.3241000000E+00,+1.020833E-04
-2.3236000000E+00,+4.604167E-04
-2.3231000000E+00,+3.395833E-04
-2.3226000000E+00,+2.916667E-04
-2.3221000000E+00,-7.291667E-05
-2.3216000000E+00,+5.208333E-05
-2.3211000000E+00,-3.541667E-05
-2.3206000000E+00,+1.208333E-04
-2.3201000000E+00,-4.583333E-05
-2.3196000000E+00,-1.291667E-04
-2.3191000000E+00,-4.145833E-04
-2.3186000000E+00,-3.062500E-04
-2.3181000000E+00,-2.645833E-04
-2.3176000000E+00,-3.375000E-04
-2.3171000000E+00,-4.312500E-04
-2.3166000000E+00,-3.562500E-04
-2.3161000000E+00,-4.916667E-04
-2.3156000000E+00,-5.500000E-04
-2.3151000000E+00,-2.520834E-04
-2.3146000000E+00,-4.125000E-04
-2.3141000000E+00,-2.708333E-04
-2.3136000000E+00,-7.145833E-04
-2.3131000000E+00,-5.604167E-04
-2.3126000000E+00,-6.354167E-04
-2.3121000000E+00,-5.083333E-04
-2.3116000000E+00,-4.375000E-04
-2.3111000000E+00,-4.520833E-04
-2.3106000000E+00,-9.770833E-04
-2.3101000000E+00,-9.875001E-04
-2.3096000000E+00,-7.812500E-04
-2.3091000000E+00,-8.541667E-04
-2.3086000000E+00,-7.583334E-04
-2.3081000000E+00,-8.937500E-04
-2.3076000000E+00,-9.291667E-04
-2.3071000000E+00,-8.395833E-04
-2.3066000000E+00,-7.875000E-04
-2.3061000000E+00,-7.916667E-04
-2.3056000000E+00,-9.708334E-04
-2.3051000000E+00,-1.164583E-03
-2.3046000000E+00,-8.062500E-04
-2.3041000000E+00,-9.541667E-04
-2.3036000000E+00,-7.541667E-04
-2.3031000000E+00,-1.000000E-03
-2.3026000000E+00,-1.152083E-03
-2.3021000000E+00,-1.279167E-03
-2.3016000000E+00,-1.212500E-03
-2.3011000000E+00,-8.458333E-04
-2.3006000000E+00,-1.087500E-03
-2.3001000000E+00,-6.875000E-04
-2.2996000000E+00,-1.439583E-03
-2.2991000000E+00,-1.308333E-03
-2.2986000000E+00,-1.018750E-03
-2.2981000000E+00,-7.479167E-04
-2.2976000000E+00,-1.133333E-03
-2.2971000000E+00,-1.225000E-03
-2.2966000000E+00,-1.406250E-03
-2.2961000000E+00,-1.152083E-03
-2.2956000000E+00,-1.120833E-03
-2.2951000000E+00,-8.958334E-04
-2.2946000000E+00,-9.895833E-04
-2.2941000000E+00,-1.018750E-03
-2.2936000000E+00,-1.418750E-03
-2.2931000000E+00,-1.087500E-03
-2.2926000000E+00,-9.770833E-04
-2.2921000000E+00,-7.833333E-04
-2.2916000000E+00,-9.125000E-04
-2.2911000000E+00,-1.222917E-03
-2.2906000000E+00,-1.137500E-03
-2.2901000000E+00,-8.125000E-04
-2.2896000000E+00,-5.770833E-04
-2.2891000000E+00,-6.812500E-04
-2.2886000000E+00,-8.291667E-04
-2.2881000000E+00,-1.077083E-03
-2.2876000000E+00,-8.979167E-04
-2.2871000000E+00,-8.229167E-04
-2.2866000000E+00,-6.395833E-04
-2.2861000000E+00,-7.395833E-04
-2.2856000000E+00,-8.666667E-04
-2.2851000000E+00,-9.062500E-04
-2.2846000000E+00,-7.166667E-04
-2.2841000000E+00,-4.979167E-04
-2.2836000000E+00,-5.708333E-04
-2.2831000000E+00,-3.479167E-04
-2.2826000000E+00,-7.645834E-04
-2.2821000000E+00,-6.062500E-04
-2.2816000000E+00,-5.187500E-04
-2.2811000000E+00,-1.979167E-04
-2.2806000000E+00,-3.270833E-04
-2.2801000000E+00,-5.854167E-04
-2.2796000000E+00,-5.312500E-04
-2.2791000000E+00,-1.583333E-04
-2.2786000000E+00,-1.125000E-04
-2.2781000000E+00,-1.395833E-04
-2.2776000000E+00,+5.416667E-05
-2.2771000000E+00,-2.166667E-04
-2.2766000000E+00,-6.875000E-05
-2.2761000000E+00,-5.416667E-05
-2.2756000000E+00,+1.229167E-04
-2.2751000000E+00,+3.458333E-04
-2.2746000000E+00,-8.750000E-05
-2.2741000000E+00,+5.208333E-05
-2.2736000000E+00,+1.750000E-04
-2.2731000000E+00,+6.354167E-04
-2.2726000000E+00,+2.395833E-04
-2.2721000000E+00,+5.854167E-04
-2.2716000000E+00,+4.166667E-04
-2.2711000000E+00,+4.666667E-04
-2.2706000000E+00,+2.833333E-04
-2.2701000000E+00,+5.666667E-04
-2.2696000000E+00,+6.583334E-04
-2.2691000000E+00,+5.395833E-04
-2.2686000000E+00,+4.708333E-04
-2.2681000000E+00,+6.437500E-04
-2.2676000000E+00,+4.625000E-04
-2.2671000000E+00,+5.854167E-04
-2.2666000000E+00,+7.666667E-04
-2.2661000000E+00,+6.229167E-04
-2.2656000000E+00,+5.958333E-04
-2.2651000000E+00,+5.583334E-04
-2.2646000000E+00,+7.083333E-04
-2.2641000000E+00,+8.041667E-04
-2.2636000000E+00,+8.541667E-04
-2.2631000000E+00,+7.333333E-04
-2.2626000000E+00,+6.500000E-04
-2.2621000000E+00,+5.437500E-04
-2.2616000000E+00,+1.127083E-03
-2.2611000000E+00,+9.729167E-04
-2.2606000000E+00,+5.791667E-04
-2.2601000000E+00,+5.687500E-04
-2.2596000000E+00,+8.270834E-04
-2.2591000000E+00,+8.083333E-04
-2.2586000000E+00,+9.375000E-04
-2.2581000000E+00,+7.562500E-04
-2.2576000000E+00,+9.041667E-04
-2.2571000000E+00,+5.520834E-04
-2.2566000000E+00,+6.416666E-04
-2.2561000000E+00,+9.687500E-04
-2.2556000000E+00,+9.937501E-04
-2.2551000000E+00,+1.266667E-03
-2.2546000000E+00,+7.541667E-04
-2.2541000000E+00,+2.666667E-04
-2.2536000000E+00,+6.104167E-04
-2.2531000000E+00,+9.812500E-04
-2.2526000000E+00,+7.479167E-04
-2.2521000000E+00,+9.083333E-04
-2.2516000000E+00,+8.791666E-04
-2.2511000000E+00,+9.333334E-04
-2.2506000000E+00,+1.068750E-03
-2.2501000000E+00,+8.854167E-04
-2.2496000000E+00,+6.229167E-04
-2.2491000000E+00,+8.437500E-04
-2.2486000000E+00,+6.020833E-04
-2.2481000000E+00,+5.854167E-04
-2.2476000000E+00,+7.770833E-04
-2.2471000000E+00,+7.645834E-04
-2.2466000000E+00,+7.625000E-04
-2.2461000000E+00,+6.062500E-04
-2.2456000000E+00,+6.395833E-04
-2.2451000000E+00,+3.854167E-04
-2.2446000000E+00,+6.729166E-04
-2.2441000000E+00,+7.437500E-04
-2.2436000000E+00,+5.666667E-04
-2.2431000000E+00,+1.833333E-04
-2.2426000000E+00,+2.479167E-04
-2.2421000000E+00,+4.979167E-04
-2.2416000000E+00,+8.520833E-04
-2.2411000000E+00,+4.020833E-04
-2.2406000000E+00,+1.687500E-04
-2.2401000000E+00,+1.458333E-05
-2.2396000000E+00,+2.583333E-04
-2.2391000000E+00,+1.583333E-04
-2.2386000000E+00,+1.750000E-04
-2.2381000000E+00,+9.166667E-05
-2.2376000000E+00,+4.375000E-05
-2.2371000000E+00,-1.895833E-04
-2.2366000000E+00,-5.041667E-04
-2.2361000000E+00,-1.979167E-04
-2.2356000000E+00,-1.041667E-05
-2.2351000000E+00,-1.166667E-04
-2.2346000000E+00,-3.770833E-04
-2.2341000000E+00,-3.666667E-04
-2.2336000000E+00,-1.020833E-04
-2.2331000000E+00,-7.083334E-05
-2.2326000000E+00,+1.416667E-04
-2.2321000000E+00,-6.041666E-04
-2.2316000000E+00,-8.541667E-04
-2.2311000000E+00,-4.416667E-04
-2.2306000000E+00,-2.083333E-04
-2.2301000000E+00,-4.104167E-04
-2.2296000000E+00,-4.854167E-04
-2.2291000000E+00,-4.458333E-04
-2.2286000000E+00,-7.187500E-04
-2.2281000000E+00,-5.041667E-04
-2.2276000000E+00,-4.291667E-04
-2.2271000000E+00,-6.250000E-04
-2.2266000000E+00,-9.000000E-04
-2.2261000000E+00,-8.541667E-04
-2.2256000000E+00,-1.029167E-03
-2.2251000000E+00,-7.312500E-04
-2.2246000000E+00,-4.833333E-04
-2.2241000000E+00,-7.166667E-04
-2.2236000000E+00,-9.520833E-04
-2.2231000000E+00,-1.072917E-03
-2.2226000000E+00,-1.050000E-03
-2.2221000000E+00,-6.333333E-04
-2.2216000000E+00,-7.187500E-04
-2.2211000000E+00,-1.095833E-03
-2.2206000000E+00,-1.197917E-03
-2.2201000000E+00,-9.958333E-04
-2.2196000000E+00,-9.500000E-04
-2.2191000000E+00,-9.020834E-04
-2.2186000000E+00,-1.054167E-03
-2.2181000000E+00,-1.314583E-03
-2.2176000000E+00,-1.170833E-03
-2.2171000000E+00,-8.604167E-04
-2.2166000000E+00,-1.064583E-03
-2.2161000000E+00,-1.114583E-03
-2.2156000000E+00,-8.312500E-04
-2.2151000000E+00,-1.275000E-03
-2.2146000000E+00,-1.450000E-03
-2.2141000000E+00,-1.152083E-03
-2.2136000000E+00,-1.066667E-03
-2.2131000000E+00,-1.535417E-03
-2.2126000000E+00,-1.312500E-03
-2.2121000000E+00,-1.358333E-03
-2.2116000000E+00,-1.275000E-03
-2.2111000000E+00,-9.541667E-04
-2.2106000000E+00,-9.937501E-04
-2.2101000000E+00,-1.035417E-03
-2.2096000000E+00,-8.104167E-04
-2.2091000000E+00,-1.283333E-03
-2.2086000000E+00,-1.177083E-03
-2.2081000000E+00,-1.206250E-03
-2.2076000000E+00,-1.004167E-03
-2.2071000000E+00,-9.750000E-04
-2.2066000000E+00,-1.064583E-03
-2.2061000000E+00,-1.091667E-03
-2.2056000000E+00,-8.645834E-04
-2.2051000000E+00,-6.666667E-04
-2.2046000000E+00,-4.208333E-04
-2.2041000000E+00,-8.354167E-04
-2.2036000000E+00,-8.833333E-04
-2.2031000000E+00,-1.102083E-03
-2.2026000000E+00,-9.708334E-04
-2.2021000000E+00,-9.583334E-04
-2.2016000000E+00,-6.104167E-04
-2.2011000000E+00,-8.416667E-04
-2.2006000000E+00,-8.250000E-04
-2.2001000000E+00,-9.250000E-04
-2.1996000000E+00,-2.958333E-04
-2.1991000000E+00,-2.979167E-04
-2.1986000000E+00,-6.333333E-04
-2.1981000000E+00,-5.604167E-04
-2.1976000000E+00,-5.000000E-04
-2.1971000000E+00,-4.312500E-04
-2.1966000000E+00,-5.208333E-05
-2.1961000000E+00,-3.020833E-04
-2.1956000000E+00,-1.895833E-04
-2.1951000000E+00,-6.229167E-04
-2.1946000000E+00,-2.541667E-04
-2.1941000000E+00,+6.041667E-05
-2.1936000000E+00,-5.833333E-05
-2.1931000000E+00,-7.916667E-05
-2.1926000000E+00,-1.937500E-04
-2.1921000000E+00,-1.818989E-12
-2.1916000000E+00,+3.312500E-04
-2.1911000000E+00,+2.437500E-04
-2.1906000000E+00,-8.541667E-05
-2.1901000000E+00,+1.458333E-05
-2.1896000000E+00,-6.458334E-05
-2.1891000000E+00,-1.208333E-04
-2.1886000000E+00,+1.250000E-04
-2.1881000000E+00,+3.708333E-04
-2.1876000000E+00,+5.208334E-04
-2.1871000000E+00,+2.875000E-04
-2.1866000000E+00,+2.125000E-04
-2.1861000000E+00,+2.500000E-04
-2.1856000000E+00,+5.770833E-04
-2.1851000000E+00,+4.958333E-04
-2.1846000000E+00,+6.520833E-04
-2.1841000000E+00,+3.291667E-04
-2.1836000000E+00,+5.979167E-04
-2.1831000000E+00,+6.312500E-04
-2.1826000000E+00,+9.125000E-04
-2.1821000000E+00,+7.645834E-04
-2.1816000000E+00,+5.625000E-04
-2.1811000000E+00,+5.916667E-04
-2.1806000000E+00,+3.625000E-04
-2.1801000000E+00,+7.312500E-04
-2.1796000000E+00,+9.395833E-04
-2.1791000000E+00,+7.270834E-04
-2.1786000000E+00,+6.750000E-04
-2.1781000000E+00,+7.395833E-04
-2.1776000000E+00,+7.208333E-04
-2.1771000000E+00,+6.854167E-04
-2.1766000000E+00,+9.395833E-04
-2.1761000000E+00,+8.729167E-04
-2.1756000000E+00,+5.416667E-04
-2.1751000000E+00,+5.145833E-04
-2.1746000000E+00,+7.583334E-04
-2.1741000000E+00,+1.143750E-03
-2.1736000000E+00,+1.002083E-03
-2.1731000000E+00,+8.562500E-04
-2.1726000000E+00,+8.437500E-04
-2.1721000000E+00,+7.812500E-04
-2.1716000000E+00,+8.354167E-04
-2.1711000000E+00,+1.041667E-03
-2.1706000000E+00,+1.120833E-03
-2.1701000000E+00,+8.229167E-04
-2.1696000000E+00,+5.895834E-04
-2.1691000000E+00,+7.833333E-04
-2.1686000000E+00,+8.583334E-04
-2.1681000000E+00,+7.854167E-04
-2.1676000000E+00,+7.520833E-04
-2.1671000000E+00,+5.854167E-04
-2.1666000000E+00,+4.562500E-04
-2.1661000000E+00,+9.250000E-04
-2.1656000000E+00,+8.875000E-04
-2.1651000000E+00,+8.000000E-04
-2.1646000000E+00,+6.750000E-04
-2.1641000000E+00,+6.125000E-04
-2.1636000000E+00,+4.479167E-04
-2.1631000000E+00,+6.312500E-04
-2.1626000000E+00,+8.229167E-04
-2.1621000000E+00,+6.583334E-04
-2.1616000000E+00,+1.583333E-04
-2.1611000000E+00,+6.812500E-04
-2.1606000000E+00,+5.312500E-04
-2.1601000000E+00,+5.562500E-04
-2.1596000000E+00,+5.812500E-04
-2.1591000000E+00,+5.687500E-04
-2.1586000000E+00,+7.250000E-04
-2.1581000000E+00,+1.937500E-04
-2.1576000000E+00,+3.708333E-04
-2.1571000000E+00,+4.937500E-04
-2.1566000000E+00,+4.708333E-04
-2.1561000000E+00,+8.541666E-05
-2.1556000000E+00,-1.812500E-04
-2.1551000000E+00,+3.958333E-05
-2.1546000000E+00,+3.750000E-04
-2.1541000000E+00,+3.208333E-04
-2.1536000000E+00,+6.458334E-05
-2.1531000000E+00,-2.687500E-04
-2.1526000000E+00,-1.625000E-04
-2.1521000000E+00,+2.500000E-05
-2.1516000000E+00,-2.770833E-04
-2.1511000000E+00,+2.083333E-04
-2.1506000000E+00,-1.875000E-05
-2.1501000000E+00,-4.958333E-04
-2.1496000000E+00,-2.166667E-04
-2.1491000000E+00,-3.104167E-04
-2.1486000000E+00,-1.812500E-04
-2.1481000000E+00,-2.312500E-04
-2.1476000000E+00,-3.687500E-04
-2.1471000000E+00,-7.229167E-04
-2.1466000000E+00,-5.750000E-04
-2.1461000000E+00,-3.604167E-04
-2.1456000000E+00,-3.375000E-04
-2.1451000000E+00,-5.895834E-04
-2.1446000000E+00,-7.895834E-04
-2.1441000000E+00,-8.958334E-04
-2.1436000000E+00,-8.750000E-04
-2.1431000000E+00,-4.437500E-04
-2.1426000000E+00,-3.645833E-04
-2.1421000000E+00,-8.458333E-04
-2.1416000000E+00,-1.062500E-03
-2.1411000000E+00,-7.541667E-04
-2.1406000000E+00,-6.208334E-04
-2.1401000000E+00,-5.291667E-04
-2.1396000000E+00,-7.541667E-04
-2.1391000000E+00,-8.583334E-04
-2.1386000000E+00,-1.218750E-03
-2.1381000000E+00,-7.229167E-04
-2.1376000000E+00,-7.666667E-04
-2.1371000000E+00,-7.395833E-04
-2.1366000000E+00,-9.145833E-04
-2.1361000000E+00,-1.127083E-03
-2.1356000000E+00,-1.058333E-03
-2.1351000000E+00,-1.106250E-03
-2.1346000000E+00,-9.000000E-04
-2.1341000000E+00,-1.075000E-03
-2.1336000000E+00,-1.208333E-03
-2.1331000000E+00,-1.339583E-03
-2.1326000000E+00,-1.216667E-03
-2.1321000000E+00,-7.791667E-04
-2.1316000000E+00,-8.708333E-04
-2.1311000000E+00,-1.327083E-03
-2.1306000000E+00,-1.435417E-03
-2.1301000000E+00,-1.383333E-03
-2.1296000000E+00,-1.127083E-03
-2.1291000000E+00,-1.143750E-03
-2.1286000000E+00,-9.500000E-04
-2.1281000000E+00,-1.135417E-03
-2.1276000000E+00,-1.281250E-03
-2.1271000000E+00,-1.206250E-03
-2.1266000000E+00,-1.152083E-03
-2.1261000000E+00,-8.875000E-04
-2.1256000000E+00,-8.937500E-04
-2.1251000000E+00,-1.272917E-03
-2.1246000000E+00,-1.285417E-03
-2.1241000000E+00,-1.083333E-03
-2.1236000000E+00,-1.083333E-03
-2.1231000000E+00,-7.187500E-04
-2.1226000000E+00,-1.058333E-03
-2.1221000000E+00,-1.166667E-03
-2.1216000000E+00,-1.043750E-03
-2.1211000000E+00,-8.479167E-04
-2.1206000000E+00,-7.520833E-04
-2.1201000000E+00,-9.145833E-04
-2.1196000000E+00,-6.937500E-04
-2.1191000000E+00,-8.437500E-04
-2.1186000000E+00,-9.416667E-04
-2.1181000000E+00,-7.833333E-04
-2.1176000000E+00,-5.437500E-04
-2.1171000000E+00,-7.375000E-04
-2.1166000000E+00,-9.875001E-04
-2.1161000000E+00,-8.895833E-04
-2.1156000000E+00,-8.520833E-04
-2.1151000000E+00,-2.166667E-04
-2.1146000000E+00,-3.666667E-04
-2.1141000000E+00,-4.500000E-04
-2.1136000000E+00,-6.083333E-04
-2.1131000000E+00,-6.895834E-04
-2.1126000000E+00,-5.020833E-04
-2.1121000000E+00,-4.583334E-04
-2.1116000000E+00,-3.437500E-04
-2.1111000000E+00,-2.645833E-04
-2.1106000000E+00,-1.541667E-04
-2.1101000000E+00,-3.958333E-05
-2.1096000000E+00,-1.750000E-04
-2.1091000000E+00,+2.104167E-04
-2.1086000000E+00,+8.750000E-05
-2.1081000000E+00,-2.958333E-04
-2.1076000000E+00,-3.000000E-04
-2.1071000000E+00,-6.041667E-05
-2.1066000000E+00,-1.458334E-05
-2.1061000000E+00,+4.062500E-04
-2.1056000000E+00,+1.958333E-04
-2.1051000000E+00,+2.520833E-04
-2.1046000000E+00,-1.937500E-04
-2.1041000000E+00,+2.395833E-04
-2.1036000000E+00,+4.958333E-04
-2.1031000000E+00,+2.895833E-04
-2.1026000000E+00,+2.145833E-04
-2.1021000000E+00,+3.062500E-04
-2.1016000000E+00,+5.854167E-04
-2.1011000000E+00,+4.270833E-04
-2.1006000000E+00,+7.000000E-04
-2.1001000000E+00,+4.833333E-04
-2.0996000000E+00,+5.875000E-04
-2.0991000000E+00,+3.625000E-04
-2.0986000000E+00,+4.520833E-04
-2.0981000000E+00,+6.750000E-04
-2.0976000000E+00,+8.604167E-04
-2.0971000000E+00,+9.583333E-04
-2.0966000000E+00,+5.375000E-04
-2.0961000000E+00,+6.416666E-04
-2.0956000000E+00,+8.875000E-04
-2.0951000000E+00,+9.104167E-04
-2.0946000000E+00,+8.875000E-04
-2.0941000000E+00,+7.729167E-04
-2.0936000000E+00,+7.604167E-04
-2.0931000000E+00,+8.250000E-04
-2.0926000000E+00,+1.064583E-03
-2.0921000000E+00,+1.066667E-03
-2.0916000000E+00,+9.312500E-04
-2.0911000000E+00,+7.666667E-04
-2.0906000000E+00,+7.604167E-04
-2.0901000000E+00,+6.979167E-04
-2.0896000000E+00,+1.135417E-03
-2.0891000000E+00,+1.045833E-03
-2.0886000000E+00,+8.312500E-04
-2.0881000000E+00,+9.958333E-04
-2.0876000000E+00,+5.875000E-04
-2.0871000000E+00,+8.145833E-04
-2.0866000000E+00,+9.666667E-04
-2.0861000000E+00,+1.004167E-03
-2.0856000000E+00,+8.000000E-04
-2.0851000000E+00,+7.229167E-04
-2.0846000000E+00,+7.666667E-04
-2.0841000000E+00,+9.104167E-04
-2.0836000000E+00,+1.035417E-03
-2.0831000000E+00,+9.604167E-04
-2.0826000000E+00,+5.937500E-04
-2.0821000000E+00,+4.729167E-04
-2.0816000000E+00,+9.333334E-04
-2.0811000000E+00,+9.604167E-04
-2.0806000000E+00,+7.166667E-04
-2.0801000000E+00,+6.791667E-04
-2.0796000000E+00,+4.958333E-04
-2.0791000000E+00,+4.604167E-04
-2.0786000000E+00,+6.541667E-04
-2.0781000000E+00,+7.604167E-04
-2.0776000000E+00,+7.666667E-04
-2.0771000000E+00,+2.500000E-04
-2.0766000000E+00,+4.562500E-04
-2.0761000000E+00,+4.062500E-04
-2.0756000000E+00,+6.145833E-04
-2.0751000000E+00,+5.312500E-04
-2.0746000000E+00,+3.041667E-04
-2.0741000000E+00,+2.833333E-04
-2.0736000000E+00,+2.083333E-05
-2.0731000000E+00,+3.729167E-04
-2.0726000000E+00,+4.250000E-04
-2.0721000000E+00,+3.291667E-04
-2.0716000000E+00,+2.458333E-04
-2.0711000000E+00,+3.958333E-05
-2.0706000000E+00,+2.895833E-04
-2.0701000000E+00,+4.791667E-05
-2.0696000000E+00,+5.416667E-05
-2.0691000000E+00,+1.041666E-05
-2.0686000000E+00,-1.562500E-04
-2.0681000000E+00,-3.708334E-04
-2.0676000000E+00,+1.312500E-04
-2.0671000000E+00,-5.770833E-04
-2.0666000000E+00,+8.541666E-05
-2.0661000000E+00,-3.895834E-04
-2.0656000000E+00,-5.104167E-04
-2.0651000000E+00,-4.125000E-04
-2.0646000000E+00,-2.625000E-04
-2.0641000000E+00,-1.166667E-04
-2.0636000000E+00,-2.020833E-04
-2.0631000000E+00,-7.041667E-04
-2.0626000000E+00,-7.062500E-04
-2.0621000000E+00,-6.833333E-04
-2.0616000000E+00,-4.208333E-04
-2.0611000000E+00,-4.937500E-04
-2.0606000000E+00,-3.750000E-04
-2.0601000000E+00,-8.666667E-04
-2.0596000000E+00,-8.000000E-04
-2.0591000000E+00,-7.062500E-04
-2.0586000000E+00,-6.458333E-04
-2.0581000000E+00,-8.604167E-04
-2.0576000000E+00,-7.395833E-04
-2.0571000000E+00,-9.291667E-04
-2.0566000000E+00,-8.145833E-04
-2.0561000000E+00,-6.041666E-04
-2.0556000000E+00,-5.208334E-04
-2.0551000000E+00,-8.354167E-04
-2.0546000000E+00,-1.052083E-03
-2.0541000000E+00,-1.310417E-03
-2.0536000000E+00,-9.187500E-04
-2.0531000000E+00,-7.750000E-04
-2.0526000000E+00,-8.958334E-04
-2.0521000000E+00,-1.054167E-03
-2.0516000000E+00,-1.264583E-03
-2.0511000000E+00,-1.018750E-03
-2.0506000000E+00,-1.202083E-03
-2.0501000000E+00,-9.854167E-04
-2.0496000000E+00,-8.645834E-04
-2.0491000000E+00,-1.016667E-03
-2.0486000000E+00,-1.147917E-03
-2.0481000000E+00,-1.206250E-03
-2.0476000000E+00,-1.122917E-03
-2.0471000000E+00,-8.479167E-04
-2.0466000000E+00,-1.035417E-03
-2.0461000000E+00,-1.187500E-03
-2.0456000000E+00,-1.491667E-03
-2.0451000000E+00,-9.562500E-04
-2.0446000000E+00,-9.562500E-04
-2.0441000000E+00,-9.645834E-04
-2.0436000000E+00,-1.277083E-03
-2.0431000000E+00,-1.285417E-03
-2.0426000000E+00,-9.541667E-04
-2.0421000000E+00,-9.312500E-04
-2.0416000000E+00,-1.152083E-03
-2.0411000000E+00,-1.070833E-03
-2.0406000000E+00,-1.041667E-03
-2.0401000000E+00,-1.037500E-03
-2.0396000000E+00,-1.016667E-03
-2.0391000000E+00,-1.041667E-03
-2.0386000000E+00,-5.645833E-04
-2.0381000000E+00,-8.041667E-04
-2.0376000000E+00,-1.514583E-03
-2.0371000000E+00,-1.114583E-03
-2.0366000000E+00,-9.250000E-04
-2.0361000000E+00,-6.645833E-04
-2.0356000000E+00,-7.291667E-04
-2.0351000000E+00,-8.708333E-04
-2.0346000000E+00,-1.014583E-03
-2.0341000000E+00,-9.187500E-04
-2.0336000000E+00,-7.416666E-04
-2.0331000000E+00,-5.604167E-04
-2.0326000000E+00,-5.750000E-04
-2.0321000000E+00,-7.854167E-04
-2.0316000000E+00,-8.541667E-04
-2.0311000000E+00,-4.729167E-04
-2.0306000000E+00,-3.708334E-04
-2.0301000000E+00,-4.687500E-04
-2.0296000000E+00,-1.708333E-04
-2.0291000000E+00,-3.750000E-04
-2.0286000000E+00,-6.250000E-04
-2.0281000000E+00,-3.687500E-04
-2.0276000000E+00,-2.333333E-04
-2.0271000000E+00,-1.083333E-04
-2.0266000000E+00,-3.729167E-04
-2.0261000000E+00,-3.125000E-04
-2.0256000000E+00,-2.125000E-04
-2.0251000000E+00,-1.000000E-04
-2.0246000000E+00,-4.166669E-06
-2.0241000000E+00,+4.583333E-05
-2.0236000000E+00,-2.208333E-04
-2.0231000000E+00,-3.333334E-05
-2.0226000000E+00,-1.729167E-04
-2.0221000000E+00,+2.020833E-04
-2.0216000000E+00,+2.666667E-04
-2.0211000000E+00,+3.125000E-04
-2.0206000000E+00,+2.375000E-04
-2.0201000000E+00,+2.145833E-04
-2.0196000000E+00,+4.000000E-04
-2.0191000000E+00,+4.041667E-04
-2.0186000000E+00,+2.687500E-04
-2.0181000000E+00,+4.437500E-04
-2.0176000000E+00,+2.458333E-04
-2.0171000000E+00,+4.625000E-04
-2.0166000000E+00,+4.895834E-04
-2.0161000000E+00,+6.708333E-04
-2.0156000000E+00,+5.666667E-04
-2.0151000000E+00,+1.291667E-04
-2.0146000000E+00,+5.166667E-04
-2.0141000000E+00,+6.854167E-04
-2.0136000000E+00,+4.520833E-04
-2.0131000000E+00,+6.854167E-04
-2.0126000000E+00,+5.791667E-04
-2.0121000000E+00,+6.895834E-04
-2.0116000000E+00,+6.937500E-04
-2.0111000000E+00,+7.208333E-04
-2.0106000000E+00,+9.229167E-04
-2.0101000000E+00,+9.333334E-04
-2.0096000000E+00,+8.312500E-04
-2.0091000000E+00,+9.458333E-04
-2.0086000000E+00,+7.520833E-04
-2.0081000000E+00,+8.812500E-04
-2.0076000000E+00,+1.206250E-03
-2.0071000000E+00,+9.625000E-04
-2.0066000000E+00,+7.875000E-04
-2.0061000000E+00,+7.875000E-04
-2.0056000000E+00,+9.208333E-04
-2.0051000000E+00,+1.039583E-03
-2.0046000000E+00,+1.052083E-03
-2.0041000000E+00,+7.541667E-04
-2.0036000000E+00,+6.666667E-04
-2.0031000000E+00,+8.354167E-04
-2.0026000000E+00,+7.375000E-04
-2.0021000000E+00,+9.770833E-04
-2.0016000000E+00,+1.014583E-03
-2.0011000000E+00,+1.185417E-03
-2.0006000000E+00,+8.895833E-04
-2.0001000000E+00,+7.395833E-04
-1.9996000000E+00,+8.437500E-04
-1.9991000000E+00,+7.625000E-04
-1.9986000000E+00,+1.014583E-03
-1.9981000000E+00,+8.500000E-04
-1.9976000000E+00,+5.145833E-04
-1.9971000000E+00,+7.104167E-04
-1.9966000000E+00,+8.291667E-04
-1.9961000000E+00,+8.062500E-04
-1.9956000000E+00,+5.520834E-04
-1.9951000000E+00,+3.000000E-04
-1.9946000000E+00,+3.812500E-04
-1.9941000000E+00,+6.562500E-04
-1.9936000000E+00,+6.979167E-04
-1.9931000000E+00,+3.020833E-04
-1.9926000000E+00,+3.375000E-04
-1.9921000000E+00,+2.541667E-04
-1.9916000000E+00,+2.020833E-04
-1.9911000000E+00,+3.312500E-04
-1.9906000000E+00,+5.125000E-04
-1.9901000000E+00,+4.562500E-04
-1.9896000000E+00,+1.208333E-04
-1.9891000000E+00,-2.541667E-04
-1.9886000000E+00,+3.833333E-04
-1.9881000000E+00,+3.020833E-04
-1.9876000000E+00,+3.687500E-04
-1.9871000000E+00,+1.208333E-04
-1.9866000000E+00,+6.875000E-05
-1.9861000000E+00,-7.291667E-05
-1.9856000000E+00,+4.166667E-05
-1.9851000000E+00,+1.416667E-04
-1.9846000000E+00,-4.583333E-05
-1.9841000000E+00,-1.312500E-04
-1.9836000000E+00,-2.875000E-04
-1.9831000000E+00,-1.916667E-04
-1.9826000000E+00,+1.333333E-04
-1.9821000000E+00,-2.479167E-04
-1.9816000000E+00,-2.416667E-04
-1.9811000000E+00,-3.625000E-04
-1.9806000000E+00,-2.875000E-04
-1.9801000000E+00,-2.437500E-04
-1.9796000000E+00,+7.708334E-05
-1.9791000000E+00,-3.958333E-04
-1.9786000000E+00,-2.687500E-04
-1.9781000000E+00,-4.895834E-04
-1.9776000000E+00,-7.583334E-04
-1.9771000000E+00,-3.145833E-04
-1.9766000000E+00,-4.166667E-04
-1.9761000000E+00,-5.375000E-04
-1.9756000000E+00,-7.291667E-04
-1.9751000000E+00,-8.854167E-04
-1.9746000000E+00,-6.062500E-04
-1.9741000000E+00,-4.500000E-04
-1.9736000000E+00,-6.375000E-04
-1.9731000000E+00,-9.395833E-04
-1.9726000000E+00,-8.333334E-04
-1.9721000000E+00,-8.375000E-04
-1.9716000000E+00,-9.687500E-04
-1.9711000000E+00,-1.002083E-03
-1.9706000000E+00,-7.145833E-04
-1.9701000000E+00,-8.500000E-04
-1.9696000000E+00,-1.141667E-03
-1.9691000000E+00,-8.083333E-04
-1.9686000000E+00,-7.833333E-04
-1.9681000000E+00,-7.604167E-04
-1.9676000000E+00,-8.541667E-04
-1.9671000000E+00,-1.231250E-03
-1.9666000000E+00,-1.254167E-03
-1.9661000000E+00,-1.179167E-03
-1.9656000000E+00,-7.520833E-04
-1.9651000000E+00,-5.520834E-04
-1.9646000000E+00,-1.256250E-03
-1.9641000000E+00,-1.189583E-03
-1.9636000000E+00,-1.189583E-03
-1.9631000000E+00,-1.116667E-03
-1.9626000000E+00,-9.333334E-04
-1.9621000000E+00,-1.133333E-03
-1.9616000000E+00,-7.854167E-04
-1.9611000000E+00,-1.289583E-03
-1.9606000000E+00,-1.412500E-03
-1.9601000000E+00,-1.058333E-03
-1.9596000000E+00,-8.708333E-04
-1.9591000000E+00,-1.200000E-03
-1.9586000000E+00,-8.000000E-04
-1.9581000000E+00,-1.187500E-03
-1.9576000000E+00,-1.314583E-03
-1.9571000000E+00,-8.416667E-04
-1.9566000000E+00,-1.012500E-03
-1.9561000000E+00,-1.181250E-03
-1.9556000000E+00,-1.166667E-03
-1.9551000000E+00,-9.333334E-04
-1.9546000000E+00,-8.208333E-04
-1.9541000000E+00,-8.791667E-04
-1.9536000000E+00,-7.937500E-04
-1.9531000000E+00,-1.033333E-03
-1.9526000000E+00,-1.175000E-03
-1.9521000000E+00,-9.333334E-04
-1.9516000000E+00,-6.104167E-04
-1.9511000000E+00,-5.375000E-04
-1.9506000000E+00,-6.604167E-04
-1.9501000000E+00,-6.437500E-04
-1.9496000000E+00,-7.604167E-04
-1.9491000000E+00,-8.833333E-04
-1.9486000000E+00,-4.770833E-04
-1.9481000000E+00,-4.375000E-04
-1.9476000000E+00,-6.791667E-04
-1.9471000000E+00,-6.187500E-04
-1.9466000000E+00,-8.125000E-04
-1.9461000000E+00,-3.250000E-04
-1.9456000000E+00,-2.333333E-04
-1.9451000000E+00,-4.520833E-04
-1.9446000000E+00,-7.854167E-04
-1.9441000000E+00,-3.479167E-04
-1.9436000000E+00,-3.250000E-04
-1.9431000000E+00,-2.895833E-04
-1.9426000000E+00,-8.125000E-05
-1.9421000000E+00,-7.500000E-05
-1.9416000000E+00,-1.729167E-04
-1.9411000000E+00,-1.979167E-04
-1.9406000000E+00,+1.875000E-05
-1.9401000000E+00,+1.604167E-04
-1.9396000000E+00,-2.083333E-04
-1.9391000000E+00,+6.250000E-05
-1.9386000000E+00,-2.083333E-05
-1.9381000000E+00,+3.541667E-05
-1.9376000000E+00,+1.166667E-04
-1.9371000000E+00,+5.812500E-04
-1.9366000000E+00,+2.645833E-04
-1.9361000000E+00,-1.166667E-04
-1.9356000000E+00,+2.833333E-04
-1.9351000000E+00,+4.395833E-04
-1.9346000000E+00,+6.270834E-04
-1.9341000000E+00,+4.937500E-04
-1.9336000000E+00,+5.208334E-04
-1.9331000000E+00,+3.937500E-04
-1.9326000000E+00,+3.854167E-04
-1.9321000000E+00,+5.437500E-04
-1.9316000000E+00,+7.833333E-04
-1.9311000000E+00,+5.562500E-04
-1.9306000000E+00,+5.145833E-04
-1.9301000000E+00,+4.979167E-04
-1.9296000000E+00,+3.604167E-04
-1.9291000000E+00,+9.229167E-04
-1.9286000000E+00,+9.500000E-04
-1.9281000000E+00,+7.145833E-04
-1.9276000000E+00,+5.437500E-04
-1.9271000000E+00,+6.479167E-04
-1.9266000000E+00,+8.208333E-04
-1.9261000000E+00,+9.375000E-04
-1.9256000000E+00,+9.770833E-04
-1.9251000000E+00,+7.312500E-04
-1.9246000000E+00,+7.604167E-04
-1.9241000000E+00,+6.958334E-04
-1.9236000000E+00,+1.297917E-03
-1.9231000000E+00,+9.625000E-04
-1.9226000000E+00,+2.291667E-04
-1.9221000000E+00,+8.625000E-04
-1.9216000000E+00,+1.108333E-03
-1.9211000000E+00,+9.250000E-04
-1.9206000000E+00,+9.541667E-04
-1.9201000000E+00,+8.916667E-04
-1.9196000000E+00,+1.064583E-03
-1.9191000000E+00,+6.333333E-04
-1.9186000000E+00,+7.104167E-04
-1.9181000000E+00,+8.166667E-04
-1.9176000000E+00,+9.645834E-04
-1.9171000000E+00,+1.039583E-03
-1.9166000000E+00,+8.729167E-04
-1.9161000000E+00,+5.583334E-04
-1.9156000000E+00,+1.083333E-03
-1.9151000000E+00,+1.089583E-03
-1.9146000000E+00,+1.000000E-03
-1.9141000000E+00,+7.812500E-04
-1.9136000000E+00,+7.979167E-04
-1.9131000000E+00,+5.937500E-04
-1.9126000000E+00,+7.270834E-04
-1.9121000000E+00,+1.137500E-03
-1.9116000000E+00,+7.812500E-04
-1.9111000000E+00,+6.562500E-04
-1.9106000000E+00,+3.916667E-04
-1.9101000000E+00,+2.729167E-04
-1.9096000000E+00,+2.895833E-04
-1.9091000000E+00,+9.000000E-04
-1.9086000000E+00,+5.791667E-04
-1.9081000000E+00,+6.500000E-04
-1.9076000000E+00,+3.270833E-04
-1.9071000000E+00,+1.666667E-04
-1.9066000000E+00,+5.125000E-04
-1.9061000000E+00,+5.979167E-04
-1.9056000000E+00,+4.416667E-04
-1.9051000000E+00,-1.791667E-04
-1.9046000000E+00,+2.770833E-04
-1.9041000000E+00,+2.145833E-04
-1.9036000000E+00,+4.395833E-04
-1.9031000000E+00,+2.500000E-04
-1.9026000000E+00,+2.541667E-04
-1.9021000000E+00,+1.666667E-04
-1.9016000000E+00,+8.541666E-05
-1.9011000000E+00,+9.791667E-05
-1.9006000000E+00,+9.375000E-05
-1.9001000000E+00,-2.083335E-06
-1.8996000000E+00,-2.416667E-04
-1.8991000000E+00,-2.375000E-04
-1.8986000000E+00,-1.500000E-04
-1.8981000000E+00,-1.208333E-04
-1.8976000000E+00,+1.666667E-04
-1.8971000000E+00,-4.791667E-05
-1.8966000000E+00,-5.937500E-04
-1.8961000000E+00,-2.145833E-04
-1.8956000000E+00,-4.312500E-04
-1.8951000000E+00,-3.916667E-04
-1.8946000000E+00,-2.937500E-04
-1.8941000000E+00,-5.937500E-04
-1.8936000000E+00,-5.604167E-04
-1.8931000000E+00,-5.770833E-04
-1.8926000000E+00,-9.395833E-04
-1.8921000000E+00,-6.250000E-04
-1.8916000000E+00,-4.333333E-04
-1.8911000000E+00,-5.895834E-04
-1.8906000000E+00,-9.708334E-04
-1.8901000000E+00,-8.604167E-04
-1.8896000000E+00,-5.437500E-04
-1.8891000000E+00,-6.270834E-04
-1.8886000000E+00,-8.500000E-04
-1.8881000000E+00,-9.166667E-04
-1.8876000000E+00,-9.437500E-04
-1.8871000000E+00,-8.520833E-04
-1.8866000000E+00,-4.395834E-04
-1.8861000000E+00,-8.916667E-04
-1.8856000000E+00,-1.043750E-03
-1.8851000000E+00,-1.127083E-03
-1.8846000000E+00,-9.187500E-04
-1.8841000000E+00,-8.875000E-04
-1.8836000000E+00,-8.062500E-04
-1.8831000000E+00,-1.108333E-03
-1.8826000000E+00,-1.306250E-03
-1.8821000000E+00,-1.147917E-03
-1.8816000000E+00,-1.195833E-03
-1.8811000000E+00,-9.833333E-04
-1.8806000000E+00,-9.500000E-04
-1.8801000000E+00,-1.191667E-03
-1.8796000000E+00,-1.295833E-03
-1.8791000000E+00,-1.231250E-03
-1.8786000000E+00,-8.937500E-04
-1.8781000000E+00,-7.958334E-04
-1.8776000000E+00,-8.520833E-04
-1.8771000000E+00,-1.247917E-03
-1.8766000000E+00,-1.129167E-03
-1.8761000000E+00,-1.162500E-03
-1.8756000000E+00,-1.102083E-03
-1.8751000000E+00,-1.056250E-03
-1.8746000000E+00,-1.002083E-03
-1.8741000000E+00,-1.310417E-03
-1.8736000000E+00,-1.260417E-03
-1.8731000000E+00,-1.006250E-03
-1.8726000000E+00,-9.541667E-04
-1.8721000000E+00,-9.083333E-04
-1.8716000000E+00,-9.979167E-04
-1.8711000000E+00,-1.068750E-03
-1.8706000000E+00,-1.081250E-03
-1.8701000000E+00,-8.666667E-04
-1.8696000000E+00,-5.145833E-04
-1.8691000000E+00,-8.229167E-04
-1.8686000000E+00,-1.162500E-03
-1.8681000000E+00,-1.043750E-03
-1.8676000000E+00,-8.812500E-04
-1.8671000000E+00,-5.041667E-04
-1.8666000000E+00,-3.479167E-04
-1.8661000000E+00,-9.625000E-04
-1.8656000000E+00,-9.854167E-04
-1.8651000000E+00,-7.750000E-04
-1.8646000000E+00,-4.687500E-04
-1.8641000000E+00,-6.729166E-04
-1.8636000000E+00,-5.812500E-04
-1.8631000000E+00,-5.958333E-04
-1.8626000000E+00,-9.687500E-04
-1.8621000000E+00,-4.437500E-04
-1.8616000000E+00,-5.937500E-04
-1.8611000000E+00,-1.125000E-04
-1.8606000000E+00,-2.000000E-04
-1.8601000000E+00,-4.791667E-04
-1.8596000000E+00,-3.958333E-04
-1.8591000000E+00,-1.437500E-04
-1.8586000000E+00,+4.166665E-06
-1.8581000000E+00,+1.979167E-04
-1.8576000000E+00,-5.208333E-05
-1.8571000000E+00,-4.479167E-04
-1.8566000000E+00,+1.291667E-04
-1.8561000000E+00,+4.291667E-04
-1.8556000000E+00,+1.979167E-04
-1.8551000000E+00,+2.708333E-05
-1.8546000000E+00,+3.541667E-05
-1.8541000000E+00,+4.791667E-05
-1.8536000000E+00,+1.437500E-04
-1.8531000000E+00,+2.645833E-04
-1.8526000000E+00,+4.916667E-04
-1.8521000000E+00,+2.458333E-04
-1.8516000000E+00,+4.291667E-04
-1.8511000000E+00,+3.416667E-04
-1.8506000000E+00,+2.583333E-04
-1.8501000000E+00,+5.666667E-04
-1.8496000000E+00,+6.770833E-04
-1.8491000000E+00,+4.416667E-04
-1.8486000000E+00,+2.791667E-04
-1.8481000000E+00,+2.479167E-04
-1.8476000000E+00,+6.916667E-04
-1.8471000000E+00,+7.270834E-04
-1.8466000000E+00,+6.687500E-04
-1.8461000000E+00,+3.583333E-04
-1.8456000000E+00,+7.291667E-04
-1.8451000000E+00,+4.750000E-04
-1.8446000000E+00,+7.250000E-04
-1.8441000000E+00,+9.625000E-04
-1.8436000000E+00,+5.041666E-04
-1.8431000000E+00,+7.833333E-04
-1.8426000000E+00,+7.479167E-04
-1.8421000000E+00,+9.437500E-04
-1.8416000000E+00,+8.833333E-04
-1.8411000000E+00,+9.270834E-04
-1.8406000000E+00,+7.770833E-04
-1.8401000000E+00,+8.916667E-04
-1.8396000000E+00,+5.916667E-04
-1.8391000000E+00,+1.097917E-03
-1.8386000000E+00,+8.354167E-04
-1.8381000000E+00,+1.020833E-03
-1.8376000000E+00,+9.937501E-04
-1.8371000000E+00,+5.145833E-04
-1.8366000000E+00,+8.145833E-04
-1.8361000000E+00,+1.008333E-03
-1.8356000000E+00,+8.562500E-04
-1.8351000000E+00,+4.875000E-04
-1.8346000000E+00,+8.208333E-04
-1.8341000000E+00,+7.500000E-04
-1.8336000000E+00,+1.108333E-03
-1.8331000000E+00,+8.354167E-04
-1.8326000000E+00,+8.250000E-04
-1.8321000000E+00,+8.041667E-04
-1.8316000000E+00,+5.270833E-04
-1.8311000000E+00,+6.395833E-04
-1.8306000000E+00,+6.875000E-04
-1.8301000000E+00,+9.437500E-04
-1.8296000000E+00,+7.437500E-04
-1.8291000000E+00,+5.145833E-04
-1.8286000000E+00,+3.312500E-04
-1.8281000000E+00,+6.166667E-04
-1.8276000000E+00,+9.187500E-04
-1.8271000000E+00,+7.354167E-04
-1.8266000000E+00,+6.000000E-04
-1.8261000000E+00,+4.312500E-04
-1.8256000000E+00,+4.416667E-04
-1.8251000000E+00,+7.541667E-04
-1.8246000000E+00,+7.062500E-04
-1.8241000000E+00,+5.458333E-04
-1.8236000000E+00,+5.562500E-04
-1.8231000000E+00,+1.375000E-04
-1.8226000000E+00,+4.625000E-04
-1.8221000000E+00,+5.833333E-04
-1.8216000000E+00,+5.000000E-04
-1.8211000000E+00,+2.833333E-04
-1.8206000000E+00,+1.041667E-04
-1.8201000000E+00,+9.166667E-05
-1.8196000000E+00,+2.312500E-04
-1.8191000000E+00,+5.145833E-04
-1.8186000000E+00,+4.458333E-04
-1.8181000000E+00,+4.375000E-05
-1.8176000000E+00,-1.312500E-04
-1.8171000000E+00,-6.250000E-05
-1.8166000000E+00,+8.333333E-05
-1.8161000000E+00,+4.375000E-05
-1.8156000000E+00,-1.041667E-04
-1.8151000000E+00,-2.854167E-04
-1.8146000000E+00,-9.791667E-05
-1.8141000000E+00,-3.312500E-04
-1.8136000000E+00,-2.125000E-04
-1.8131000000E+00,-4.687500E-04
-1.8126000000E+00,-3.270833E-04
-1.8121000000E+00,-3.770833E-04
-1.8116000000E+00,-5.500000E-04
-1.8111000000E+00,-3.104167E-04
-1.8106000000E+00,-2.604167E-04
-1.8101000000E+00,-3.979167E-04
-1.8096000000E+00,-5.541667E-04
-1.8091000000E+00,-5.000000E-04
-1.8086000000E+00,-7.437500E-04
-1.8081000000E+00,-5.979167E-04
-1.8076000000E+00,-3.062500E-04
-1.8071000000E+00,-9.062500E-04
-1.8066000000E+00,-8.375000E-04
-1.8061000000E+00,-5.520834E-04
-1.8056000000E+00,-5.000000E-04
-1.8051000000E+00,-3.395833E-04
-1.8046000000E+00,-5.979167E-04
-1.8041000000E+00,-1.054167E-03
-1.8036000000E+00,-1.106250E-03
-1.8031000000E+00,-6.000000E-04
-1.8026000000E+00,-8.791667E-04
-1.8021000000E+00,-7.000000E-04
-1.8016000000E+00,-7.541667E-04
-1.8011000000E+00,-1.316667E-03
-1.8006000000E+00,-8.250000E-04
-1.8001000000E+00,-8.958334E-04
-1.7996000000E+00,-7.708333E-04
-1.7991000000E+00,-9.979167E-04
-1.7986000000E+00,-8.812500E-04
-1.7981000000E+00,-1.104167E-03
-1.7976000000E+00,-1.304167E-03
-1.7971000000E+00,-9.708334E-04
-1.7966000000E+00,-1.035417E-03
-1.7961000000E+00,-1.093750E-03
-1.7956000000E+00,-1.193750E-03
-1.7951000000E+00,-1.150000E-03
-1.7946000000E+00,-1.070833E-03
-1.7941000000E+00,-1.029167E-03
-1.7936000000E+00,-1.112500E-03
-1.7931000000E+00,-1.193750E-03
-1.7926000000E+00,-1.091667E-03
-1.7921000000E+00,-1.331250E-03
-1.7916000000E+00,-8.750000E-04
-1.7911000000E+00,-6.937500E-04
-1.7906000000E+00,-1.145833E-03
-1.7901000000E+00,-1.027083E-03
-1.7896000000E+00,-1.141667E-03
-1.7891000000E+00,-1.089583E-03
-1.7886000000E+00,-9.229167E-04
-1.7881000000E+00,-8.895833E-04
-1.7876000000E+00,-1.087500E-03
-1.7871000000E+00,-1.164583E-03
-1.7866000000E+00,-1.093750E-03
-1.7861000000E+00,-8.979167E-04
-1.7856000000E+00,-7.541667E-04
-1.7851000000E+00,-7.291667E-04
-1.7846000000E+00,-6.937500E-04
-1.7841000000E+00,-8.000000E-04
-1.7836000000E+00,-1.152083E-03
-1.7831000000E+00,-8.500000E-04
-1.7826000000E+00,-6.750000E-04
-1.7821000000E+00,-7.250000E-04
-1.7816000000E+00,-8.729167E-04
-1.7811000000E+00,-8.020833E-04
-1.7806000000E+00,-7.750000E-04
-1.7801000000E+00,-3.895834E-04
-1.7796000000E+00,-4.937500E-04
-1.7791000000E+00,-5.083333E-04
-1.7786000000E+00,-7.541667E-04
-1.7781000000E+00,-8.187500E-04
-1.7776000000E+00,-4.333333E-04
-1.7771000000E+00,-2.854167E-04
-1.7766000000E+00,-2.770833E-04
-1.7761000000E+00,-1.354167E-04
-1.7756000000E+00,-1.916667E-04
-1.7751000000E+00,-6.166667E-04
-1.7746000000E+00,+2.583333E-04
-1.7741000000E+00,-1.270833E-04
-1.7736000000E+00,-1.229167E-04
-1.7731000000E+00,-2.708334E-05
-1.7726000000E+00,-2.791667E-04
-1.7721000000E+00,-2.062500E-04
-1.7716000000E+00,+1.270833E-04
-1.7711000000E+00,+3.958333E-05
-1.7706000000E+00,+1.104167E-04
-1.7701000000E+00,-7.916667E-05
-1.7696000000E+00,+7.291666E-05
-1.7691000000E+00,+1.354167E-04
-1.7686000000E+00,+3.687500E-04
-1.7681000000E+00,+6.979167E-04
-1.7676000000E+00,+1.187500E-04
-1.7671000000E+00,+2.333333E-04
-1.7666000000E+00,+1.791667E-04
-1.7661000000E+00,+4.270833E-04
-1.7656000000E+00,+4.833333E-04
-1.7651000000E+00,+5.520834E-04
-1.7646000000E+00,+4.312500E-04
-1.7641000000E+00,+5.562500E-04
-1.7636000000E+00,+7.416666E-04
-1.7631000000E+00,+8.833333E-04
-1.7626000000E+00,+5.354166E-04
-1.7621000000E+00,+6.708333E-04
-1.7616000000E+00,+5.208333E-05
-1.7611000000E+00,+7.666667E-04
-1.7606000000E+00,+7.541667E-04
-1.7601000000E+00,+7.791667E-04
-1.7596000000E+00,+5.812500E-04
-1.7591000000E+00,+6.416666E-04
-1.7586000000E+00,+4.770833E-04
-1.7581000000E+00,+8.104166E-04
-1.7576000000E+00,+1.058333E-03
-1.7571000000E+00,+1.077083E-03
-1.7566000000E+00,+8.437500E-04
-1.7561000000E+00,+9.687500E-04
-1.7556000000E+00,+7.312500E-04
-1.7551000000E+00,+9.000000E-04
-1.7546000000E+00,+9.208333E-04
-1.7541000000E+00,+9.812500E-04
-1.7536000000E+00,+8.937500E-04
-1.7531000000E+00,+1.137500E-03
-1.7526000000E+00,+8.041667E-04
-1.7521000000E+00,+8.333334E-04
-1.7516000000E+00,+1.002083E-03
-1.7511000000E+00,+8.916667E-04
-1.7506000000E+00,+9.958333E-04
-1.7501000000E+00,+5.666667E-04
-1.7496000000E+00,+8.354167E-04
-1.7491000000E+00,+9.229167E-04
-1.7486000000E+00,+1.037500E-03
-1.7481000000E+00,+8.062500E-04
-1.7476000000E+00,+8.020833E-04
-1.7471000000E+00,+7.583334E-04
-1.7466000000E+00,+5.083333E-04
-1.7461000000E+00,+7.833333E-04
-1.7456000000E+00,+8.062500E-04
-1.7451000000E+00,+7.000000E-04
-1.7446000000E+00,+6.354167E-04
-1.7441000000E+00,+5.687500E-04
-1.7436000000E+00,+5.750000E-04
-1.7431000000E+00,+7.354167E-04
-1.7426000000E+00,+1.204167E-03
-1.7421000000E+00,+5.812500E-04
-1.7416000000E+00,+3.875000E-04
-1.7411000000E+00,+4.687500E-04
-1.7406000000E+00,+5.354166E-04
-1.7401000000E+00,+7.458333E-04
-1.7396000000E+00,+4.770833E-04
-1.7391000000E+00,+7.291666E-05
-1.7386000000E+00,+3.625000E-04
-1.7381000000E+00,+5.520834E-04
-1.7376000000E+00,+6.250000E-04
-1.7371000000E+00,+2.854167E-04
-1.7366000000E+00,+1.770833E-04
-1.7361000000E+00,+2.770833E-04
-1.7356000000E+00,+2.083332E-06
-1.7351000000E+00,+2.229167E-04
-1.7346000000E+00,+5.125000E-04
-1.7341000000E+00,+2.000000E-04
-1.7336000000E+00,+1.875000E-05
-1.7331000000E+00,+1.312500E-04
-1.7326000000E+00,-1.562500E-04
-1.7321000000E+00,-4.583333E-05
-1.7316000000E+00,+2.083332E-06
-1.7311000000E+00,-1.062500E-04
-1.7306000000E+00,-2.416667E-04
-1.7301000000E+00,-6.333333E-04
-1.7296000000E+00,-5.416667E-05
-1.7291000000E+00,+2.916667E-05
-1.7286000000E+00,+3.333333E-05
-1.7281000000E+00,-6.083333E-04
-1.7276000000E+00,-6.270834E-04
-1.7271000000E+00,-4.833333E-04
-1.7266000000E+00,-2.020833E-04
-1.7261000000E+00,-4.041667E-04
-1.7256000000E+00,-3.625000E-04
-1.7251000000E+00,-3.895834E-04
-1.7246000000E+00,-5.187500E-04
-1.7241000000E+00,-6.500000E-04
-1.7236000000E+00,-5.125000E-04
-1.7231000000E+00,-4.833333E-04
-1.7226000000E+00,+1.104167E-04
-1.7221000000E+00,-9.083333E-04
-1.7216000000E+00,-5.083333E-04
-1.7211000000E+00,-3.125000E-04
-1.7206000000E+00,-5.770833E-04
-1.7201000000E+00,-1.025000E-03
-1.7196000000E+00,-8.458333E-04
-1.7191000000E+00,-9.520833E-04
-1.7186000000E+00,-1.002083E-03
-1.7181000000E+00,-5.229167E-04
-1.7176000000E+00,-8.791667E-04
-1.7171000000E+00,-1.170833E-03
-1.7166000000E+00,-9.729167E-04
-1.7161000000E+00,-9.812500E-04
-1.7156000000E+00,-1.020833E-03
-1.7151000000E+00,-9.270834E-04
-1.7146000000E+00,-9.645834E-04
-1.7141000000E+00,-1.056250E-03
-1.7136000000E+00,-1.243750E-03
-1.7131000000E+00,-1.120833E-03
-1.7126000000E+00,-8.500000E-04
-1.7121000000E+00,-5.854167E-04
-1.7116000000E+00,-1.068750E-03
-1.7111000000E+00,-1.250000E-03
-1.7106000000E+00,-1.212500E-03
-1.7101000000E+00,-1.300000E-03
-1.7096000000E+00,-1.037500E-03
-1.7091000000E+00,-1.062500E-03
-1.7086000000E+00,-8.375000E-04
-1.7081000000E+00,-1.191667E-03
-1.7076000000E+00,-1.014583E-03
-1.7071000000E+00,-8.895833E-04
-1.7066000000E+00,-7.791667E-04
-1.7061000000E+00,-8.729167E-04
-1.7056000000E+00,-1.229167E-03
-1.7051000000E+00,-1.106250E-03
-1.7046000000E+00,-1.195833E-03
-1.7041000000E+00,-1.045833E-03
-1.7036000000E+00,-6.125000E-04
-1.7031000000E+00,-8.791667E-04
-1.7026000000E+00,-1.012500E-03
-1.7021000000E+00,-9.354167E-04
-1.7016000000E+00,-6.437500E-04
-1.7011000000E+00,-7.000000E-04
-1.7006000000E+00,-8.458333E-04
-1.7001000000E+00,-9.791667E-04
-1.6996000000E+00,-1.110417E-03
-1.6991000000E+00,-9.375000E-04
-1.6986000000E+00,-4.291667E-04
-1.6981000000E+00,-6.208334E-04
-1.6976000000E+00,-6.104167E-04
-1.6971000000E+00,-8.833333E-04
-1.6966000000E+00,-6.645833E-04
-1.6961000000E+00,-6.937500E-04
-1.6956000000E+00,-5.083333E-04
-1.6951000000E+00,-5.145833E-04
-1.6946000000E+00,-3.187500E-04
-1.6941000000E+00,-6.979167E-04
-1.6936000000E+00,-7.666667E-04
-1.6931000000E+00,-4.875000E-04
-1.6926000000E+00,-4.791667E-05
-1.6921000000E+00,-2.437500E-04
-1.6916000000E+00,-3.166667E-04
-1.6911000000E+00,-3.604167E-04
-1.6906000000E+00,-4.750000E-04
-1.6901000000E+00,-7.708334E-05
-1.6896000000E+00,+1.583333E-04
-1.6891000000E+00,-1.229167E-04
-1.6886000000E+00,-3.458333E-04
-1.6881000000E+00,-5.416667E-05
-1.6876000000E+00,-8.541667E-05
-1.6871000000E+00,+1.458333E-04
-1.6866000000E+00,+1.500000E-04
-1.6861000000E+00,+2.208333E-04
-1.6856000000E+00,+1.375000E-04
-1.6851000000E+00,+1.000000E-04
-1.6846000000E+00,+3.666667E-04
-1.6841000000E+00,+3.812500E-04
-1.6836000000E+00,+4.979167E-04
-1.6831000000E+00,+2.708333E-04
-1.6826000000E+00,+1.437500E-04
-1.6821000000E+00,+5.166667E-04
-1.6816000000E+00,+2.229167E-04
-1.6811000000E+00,+4.958333E-04
-1.6806000000E+00,+3.958333E-04
-1.6801000000E+00,+4.791667E-04
-1.6796000000E+00,+3.895833E-04
-1.6791000000E+00,+4.958333E-04
-1.6786000000E+00,+6.395833E-04
-1.6781000000E+00,+8.270834E-04
-1.6776000000E+00,+5.708333E-04
-1.6771000000E+00,+7.125000E-04
-1.6766000000E+00,+5.583334E-04
-1.6761000000E+00,+8.520833E-04
-1.6756000000E+00,+7.750000E-04
-1.6751000000E+00,+7.979167E-04
-1.6746000000E+00,+6.708333E-04
-1.6741000000E+00,+4.895834E-04
-1.6736000000E+00,+7.145833E-04
-1.6731000000E+00,+4.875000E-04
-1.6726000000E+00,+1.041667E-03
-1.6721000000E+00,+1.012500E-03
-1.6716000000E+00,+6.000000E-04
-1.6711000000E+00,+7.125000E-04
-1.6706000000E+00,+9.145833E-04
-1.6701000000E+00,+9.958333E-04
-1.6696000000E+00,+8.354167E-04
-1.6691000000E+00,+6.083333E-04
-1.6686000000E+00,+8.770833E-04
-1.6681000000E+00,+8.375000E-04
-1.6676000000E+00,+1.120833E-03
-1.6671000000E+00,+9.541667E-04
-1.6666000000E+00,+7.875000E-04
-1.6661000000E+00,+5.229167E-04
-1.6656000000E+00,+1.143750E-03
-1.6651000000E+00,+6.770833E-04
-1.6646000000E+00,+5.229167E-04
-1.6641000000E+00,+1.093750E-03
-1.6636000000E+00,+8.083333E-04
-1.6631000000E+00,+7.041667E-04
-1.6626000000E+00,+6.979167E-04
-1.6621000000E+00,+8.375000E-04
-1.6616000000E+00,+8.312500E-04
-1.6611000000E+00,+8.604167E-04
-1.6606000000E+00,+7.708333E-04
-1.6601000000E+00,+2.104167E-04
-1.6596000000E+00,+5.270833E-04
-1.6591000000E+00,+1.206250E-03
-1.6586000000E+00,+8.666667E-04
-1.6581000000E+00,+6.020833E-04
-1.6576000000E+00,+5.062500E-04
-1.6571000000E+00,+4.000000E-04
-1.6566000000E+00,+4.145833E-04
-1.6561000000E+00,+3.708333E-04
-1.6556000000E+00,+3.791667E-04
-1.6551000000E+00,+3.708333E-04
-1.6546000000E+00,+4.229167E-04
-1.6541000000E+00,+1.687500E-04
-1.6536000000E+00,+3.395833E-04
-1.6531000000E+00,+5.687500E-04
-1.6526000000E+00,+4.520833E-04
-1.6521000000E+00,-3.354167E-04
-1.6516000000E+00,+7.500000E-05
-1.6511000000E+00,+1.229167E-04
-1.6506000000E+00,+1.375000E-04
-1.6501000000E+00,+2.854167E-04
-1.6496000000E+00,-1.500000E-04
-1.6491000000E+00,-3.604167E-04
-1.6486000000E+00,-2.666667E-04
-1.6481000000E+00,+4.791667E-05
-1.6476000000E+00,+1.000000E-04
-1.6471000000E+00,+1.770833E-04
-1.6466000000E+00,-1.937500E-04
-1.6461000000E+00,-3.041667E-04
-1.6456000000E+00,-5.083333E-04
-1.6451000000E+00,-5.395833E-04
-1.6446000000E+00,+7.291666E-05
-1.6441000000E+00,-5.208333E-05
-1.6436000000E+00,-4.895834E-04
-1.6431000000E+00,-5.187500E-04
-1.6426000000E+00,-4.979167E-04
-1.6421000000E+00,-3.145833E-04
-1.6416000000E+00,-3.479167E-04
-1.6411000000E+00,-5.229167E-04
-1.6406000000E+00,-5.333333E-04
-1.6401000000E+00,-7.729167E-04
-1.6396000000E+00,-3.645833E-04
-1.6391000000E+00,-6.458333E-04
-1.6386000000E+00,-8.833333E-04
-1.6381000000E+00,-6.770833E-04
-1.6376000000E+00,-9.166667E-04
-1.6371000000E+00,-7.916667E-04
-1.6366000000E+00,-5.729167E-04
-1.6361000000E+00,-6.395833E-04
-1.6356000000E+00,-8.104167E-04
-1.6351000000E+00,-9.166667E-04
-1.6346000000E+00,-1.114583E-03
-1.6341000000E+00,-9.645834E-04
-1.6336000000E+00,-7.208334E-04
-1.6331000000E+00,-6.979167E-04
-1.6326000000E+00,-8.479167E-04
-1.6321000000E+00,-8.916667E-04
-1.6316000000E+00,-1.027083E-03
-1.6311000000E+00,-8.583334E-04
-1.6306000000E+00,-8.187500E-04
-1.6301000000E+00,-1.189583E-03
-1.6296000000E+00,-1.020833E-03
-1.6291000000E+00,-1.137500E-03
-1.6286000000E+00,-9.750000E-04
-1.6281000000E+00,-9.812500E-04
-1.6276000000E+00,-9.916667E-04
-1.6271000000E+00,-8.541667E-04
-1.6266000000E+00,-1.191667E-03
-1.6261000000E+00,-1.560417E-03
-1.6256000000E+00,-1.027083E-03
-1.6251000000E+00,-1.014583E-03
-1.6246000000E+00,-1.020833E-03
-1.6241000000E+00,-1.312500E-03
-1.6236000000E+00,-1.270833E-03
-1.6231000000E+00,-1.100000E-03
-1.6226000000E+00,-1.072917E-03
-1.6221000000E+00,-8.916667E-04
-1.6216000000E+00,-1.143750E-03
-1.6211000000E+00,-1.191667E-03
-1.6206000000E+00,-1.158333E-03
-1.6201000000E+00,-1.139583E-03
-1.6196000000E+00,-6.583334E-04
-1.6191000000E+00,-8.229167E-04
-1.6186000000E+00,-1.154167E-03
-1.6181000000E+00,-7.562500E-04
-1.6176000000E+00,-1.181250E-03
-1.6171000000E+00,-6.583334E-04
-1.6166000000E+00,-7.479167E-04
-1.6161000000E+00,-8.812500E-04
-1.6156000000E+00,-8.104167E-04
-1.6151000000E+00,-9.458333E-04
-1.6146000000E+00,-8.979167E-04
-1.6141000000E+00,-4.916667E-04
-1.6136000000E+00,-4.479167E-04
-1.6131000000E+00,-8.854167E-04
-1.6126000000E+00,-7.875000E-04
-1.6121000000E+00,-8.166667E-04
-1.6116000000E+00,-6.937500E-04
-1.6111000000E+00,-4.083333E-04
-1.6106000000E+00,-2.229167E-04
-1.6101000000E+00,-6.687500E-04
-1.6096000000E+00,-7.062500E-04
-1.6091000000E+00,-5.187500E-04
-1.6086000000E+00,-3.000000E-04
-1.6081000000E+00,-1.395833E-04
-1.6076000000E+00,-4.250000E-04
-1.6071000000E+00,-4.708333E-04
-1.6066000000E+00,-3.666667E-04
-1.6061000000E+00,-1.291667E-04
-1.6056000000E+00,-7.500000E-05
-1.6051000000E+00,+1.875000E-04
-1.6046000000E+00,-3.812500E-04
-1.6041000000E+00,+4.583333E-05
-1.6036000000E+00,-1.979167E-04
-1.6031000000E+00,-1.458334E-05
-1.6026000000E+00,+1.645833E-04
-1.6021000000E+00,+2.729167E-04
-1.6016000000E+00,+9.375000E-05
-1.6011000000E+00,-7.708334E-05
-1.6006000000E+00,+2.604167E-04
-1.6001000000E+00,+3.645833E-04
-1.5996000000E+00,+2.145833E-04
-1.5991000000E+00,+3.208333E-04
-1.5986000000E+00,+1.937500E-04
-1.5981000000E+00,+2.020833E-04
-1.5976000000E+00,+3.833333E-04
-1.5971000000E+00,+4.708333E-04
-1.5966000000E+00,+5.875000E-04
-1.5961000000E+00,+3.333333E-04
-1.5956000000E+00,+4.125000E-04
-1.5951000000E+00,+3.354167E-04
-1.5946000000E+00,+7.458333E-04
-1.5941000000E+00,+7.625000E-04
-1.5936000000E+00,+8.979167E-04
-1.5931000000E+00,+4.895834E-04
-1.5926000000E+00,+4.020833E-04
-1.5921000000E+00,+6.270834E-04
-1.5916000000E+00,+7.104167E-04
-1.5911000000E+00,+9.208333E-04
-1.5906000000E+00,+4.604167E-04
-1.5901000000E+00,+3.937500E-04
-1.5896000000E+00,+7.458333E-04
-1.5891000000E+00,+8.833333E-04
-1.5886000000E+00,+1.066667E-03
-1.5881000000E+00,+8.375000E-04
-1.5876000000E+00,+1.054167E-03
-1.5871000000E+00,+9.500000E-04
-1.5866000000E+00,+7.562500E-04
-1.5861000000E+00,+8.041667E-04
-1.5856000000E+00,+1.039583E-03
-1.5851000000E+00,+9.125000E-04
-1.5846000000E+00,+7.020833E-04
-1.5841000000E+00,+8.250000E-04
-1.5836000000E+00,+8.083333E-04
-1.5831000000E+00,+1.002083E-03
-1.5826000000E+00,+9.208333E-04
-1.5821000000E+00,+5.166667E-04
-1.5816000000E+00,+3.666667E-04
-1.5811000000E+00,+6.041666E-04
-1.5806000000E+00,+9.770833E-04
-1.5801000000E+00,+9.145833E-04
-1.5796000000E+00,+9.208333E-04
-1.5791000000E+00,+7.083333E-04
-1.5786000000E+00,+6.104167E-04
-1.5781000000E+00,+7.729167E-04
-1.5776000000E+00,+8.750000E-04
-1.5771000000E+00,+9.333334E-04
-1.5766000000E+00,+7.666667E-04
-1.5761000000E+00,+5.208334E-04
-1.5756000000E+00,+5.770833E-04
-1.5751000000E+00,+7.666667E-04
-1.5746000000E+00,+8.437500E-04
-1.5741000000E+00,+7.000000E-04
-1.5736000000E+00,+6.562500E-04
-1.5731000000E+00,+3.812500E-04
-1.5726000000E+00,+4.145833E-04
-1.5721000000E+00,+6.729166E-04
-1.5716000000E+00,+3.437500E-04
-1.5711000000E+00,+3.354167E-04
-1.5706000000E+00,+5.562500E-04
-1.5701000000E+00,+3.041667E-04
-1.5696000000E+00,+3.312500E-04
-1.5691000000E+00,+3.083333E-04
-1.5686000000E+00,+5.375000E-04
-1.5681000000E+00,-5.833333E-05
-1.5676000000E+00,+1.250000E-04
-1.5671000000E+00,+1.312500E-04
-1.5666000000E+00,+8.750000E-05
-1.5661000000E+00,+2.375000E-04
-1.5656000000E+00,+1.916667E-04
-1.5651000000E+00,-6.250002E-06
-1.5646000000E+00,-1.208333E-04
-1.5641000000E+00,-4.375000E-05
-1.5636000000E+00,+1.458333E-05
-1.5631000000E+00,-6.250002E-06
-1.5626000000E+00,-2.395833E-04
-1.5621000000E+00,-1.250000E-05
-1.5616000000E+00,-1.958333E-04
-1.5611000000E+00,-1.145833E-04
-1.5606000000E+00,-1.270833E-04
-1.5601000000E+00,-9.375000E-05
-1.5596000000E+00,-4.833333E-04
-1.5591000000E+00,-6.708333E-04
-1.5586000000E+00,-5.562500E-04
-1.5581000000E+00,-2.770833E-04
-1.5576000000E+00,-3.979167E-04
-1.5571000000E+00,-4.708333E-04
-1.5566000000E+00,-5.833333E-04
-1.5561000000E+00,-7.625000E-04
-1.5556000000E+00,-5.312500E-04
-1.5551000000E+00,-5.083333E-04
-1.5546000000E+00,-3.229167E-04
-1.5541000000E+00,-8.062500E-04
-1.5536000000E+00,-8.062500E-04
-1.5531000000E+00,-8.583334E-04
-1.5526000000E+00,-6.812500E-04
-1.5521000000E+00,-6.500000E-04
-1.5516000000E+00,-6.333333E-04
-1.5511000000E+00,-1.191667E-03
-1.5506000000E+00,-9.958333E-04
-1.5501000000E+00,-8.937500E-04
-1.5496000000E+00,-9.354167E-04
-1.5491000000E+00,-6.375000E-04
-1.5486000000E+00,-8.416667E-04
-1.5481000000E+00,-9.583334E-04
-1.5476000000E+00,-1.145833E-03
-1.5471000000E+00,-9.937501E-04
-1.5466000000E+00,-8.875000E-04
-1.5461000000E+00,-9.395833E-04
-1.5456000000E+00,-9.375000E-04
-1.5451000000E+00,-1.195833E-03
-1.5446000000E+00,-1.172917E-03
-1.5441000000E+00,-1.027083E-03
-1.5436000000E+00,-1.012500E-03
-1.5431000000E+00,-9.833333E-04
-1.5426000000E+00,-1.062500E-03
-1.5421000000E+00,-1.162500E-03
-1.5416000000E+00,-1.135417E-03
-1.5411000000E+00,-9.520833E-04
-1.5406000000E+00,-9.270834E-04
-1.5401000000E+00,-1.112500E-03
-1.5396000000E+00,-1.237500E-03
-1.5391000000E+00,-1.116667E-03
-1.5386000000E+00,-8.875000E-04
-1.5381000000E+00,-1.031250E-03
-1.5376000000E+00,-1.066667E-03
-1.5371000000E+00,-1.110417E-03
-1.5366000000E+00,-1.137500E-03
-1.5361000000E+00,-1.166667E-03
-1.5356000000E+00,-8.916667E-04
-1.5351000000E+00,-6.520834E-04
-1.5346000000E+00,-9.020834E-04
-1.5341000000E+00,-1.010417E-03
-1.5336000000E+00,-1.087500E-03
-1.5331000000E+00,-7.916667E-04
-1.5326000000E+00,-7.750000E-04
-1.5321000000E+00,-7.312500E-04
-1.5316000000E+00,-7.416666E-04
-1.5311000000E+00,-1.014583E-03
-1.5306000000E+00,-7.583334E-04
-1.5301000000E+00,-6.145833E-04
-1.5296000000E+00,-6.041666E-04
-1.5291000000E+00,-3.958333E-04
-1.5286000000E+00,-8.604167E-04
-1.5281000000E+00,-2.541667E-04
-1.5276000000E+00,-6.604167E-04
-1.5271000000E+00,-2.250000E-04
-1.5266000000E+00,-4.520833E-04
-1.5261000000E+00,-4.500000E-04
-1.5256000000E+00,-5.395833E-04
-1.5251000000E+00,-6.354167E-04
-1.5246000000E+00,-5.000000E-04
-1.5241000000E+00,-3.687500E-04
-1.5236000000E+00,-3.437500E-04
-1.5231000000E+00,-6.833333E-04
-1.5226000000E+00,-3.958333E-04
-1.5221000000E+00,-3.770833E-04
-1.5216000000E+00,-3.145833E-04
-1.5211000000E+00,+1.250000E-04
-1.5206000000E+00,-2.645833E-04
-1.5201000000E+00,-5.416667E-05
-1.5196000000E+00,+1.875000E-05
-1.5191000000E+00,-6.250002E-06
-1.5186000000E+00,+9.583333E-05
-1.5181000000E+00,+2.270833E-04
-1.5176000000E+00,+1.020833E-04
-1.5171000000E+00,+1.458333E-05
-1.5166000000E+00,-1.666667E-04
-1.5161000000E+00,+1.854167E-04
-1.5156000000E+00,+5.083333E-04
-1.5151000000E+00,+4.104167E-04
-1.5146000000E+00,+2.395833E-04
-1.5141000000E+00,+1.375000E-04
-1.5136000000E+00,+7.083333E-05
-1.5131000000E+00,+5.708333E-04
-1.5126000000E+00,+6.812500E-04
-1.5121000000E+00,+5.625000E-04
-1.5116000000E+00,+4.541667E-04
-1.5111000000E+00,+6.416666E-04
-1.5106000000E+00,+1.110417E-03
-1.5101000000E+00,+7.729167E-04
-1.5096000000E+00,+8.750000E-04
-1.5091000000E+00,+6.395833E-04
-1.5086000000E+00,+3.791667E-04
-1.5081000000E+00,+6.833333E-04
-1.5076000000E+00,+7.645834E-04
-1.5071000000E+00,+9.333334E-04
-1.5066000000E+00,+8.979167E-04
-1.5061000000E+00,+8.062500E-04
-1.5056000000E+00,+6.791667E-04
-1.5051000000E+00,+9.145833E-04
-1.5046000000E+00,+7.916667E-04
-1.5041000000E+00,+6.833333E-04
-1.5036000000E+00,+8.479167E-04
-1.5031000000E+00,+4.979167E-04
-1.5026000000E+00,+1.206250E-03
-1.5021000000E+00,+1.066667E-03
-1.5016000000E+00,+8.583334E-04
-1.5011000000E+00,+9.041667E-04
-1.5006000000E+00,+9.708334E-04
-1.5001000000E+00,+4.083333E-04
-1.4996000000E+00,+7.270834E-04
-1.4991000000E+00,+1.004167E-03
-1.4986000000E+00,+9.104167E-04
-1.4981000000E+00,+8.979167E-04
-1.4976000000E+00,+7.062500E-04
-1.4971000000E+00,+7.041667E-04
-1.4966000000E+00,+3.020833E-04
-1.4961000000E+00,+7.395833E-04
-1.4956000000E+00,+1.227083E-03
-1.4951000000E+00,+7.104167E-04
-1.4946000000E+00,+6.479167E-04
-1.4941000000E+00,+4.604167E-04
-1.4936000000E+00,+6.562500E-04
-1.4931000000E+00,+7.250000E-04
-1.4926000000E+00,+7.437500E-04
-1.4921000000E+00,+5.437500E-04
-1.4916000000E+00,+4.604167E-04
-1.4911000000E+00,+4.791667E-04
-1.4906000000E+00,+4.833333E-04
-1.4901000000E+00,+4.666667E-04
-1.4896000000E+00,+5.187500E-04
-1.4891000000E+00,+4.229167E-04
-1.4886000000E+00,+5.854167E-04
-1.4881000000E+00,+4.583334E-04
-1.4876000000E+00,+6.062500E-04
-1.4871000000E+00,+4.104167E-04
-1.4866000000E+00,+4.437500E-04
-1.4861000000E+00,+3.833333E-04
-1.4856000000E+00,+7.083333E-05
-1.4851000000E+00,+4.166667E-04
-1.4846000000E+00,+3.229167E-04
-1.4841000000E+00,+2.770833E-04
-1.4836000000E+00,+2.708333E-05
-1.4831000000E+00,-2.562500E-04
-1.4826000000E+00,+1.020833E-04
-1.4821000000E+00,+2.625000E-04
-1.4816000000E+00,+3.958333E-05
-1.4811000000E+00,+1.541667E-04
-1.4806000000E+00,-1.854167E-04
-1.4801000000E+00,-2.375000E-04
-1.4796000000E+00,-1.416667E-04
-1.4791000000E+00,-9.791667E-05
-1.4786000000E+00,+5.000000E-05
-1.4781000000E+00,-2.291667E-05
-1.4776000000E+00,-2.062500E-04
-1.4771000000E+00,-2.979167E-04
-1.4766000000E+00,-2.562500E-04
-1.4761000000E+00,-1.520833E-04
-1.4756000000E+00,-1.687500E-04
-1.4751000000E+00,-5.125000E-04
-1.4746000000E+00,-5.916667E-04
-1.4741000000E+00,-5.000000E-05
-1.4736000000E+00,-2.520834E-04
-1.4731000000E+00,-4.708333E-04
-1.4726000000E+00,-5.916667E-04
-1.4721000000E+00,-7.375000E-04
-1.4716000000E+00,-7.312500E-04
-1.4711000000E+00,-7.833333E-04
-1.4706000000E+00,-7.270834E-04
-1.4701000000E+00,-7.562500E-04
-1.4696000000E+00,-8.125000E-04
-1.4691000000E+00,-5.854167E-04
-1.4686000000E+00,-8.604167E-04
-1.4681000000E+00,-8.729167E-04
-1.4676000000E+00,-9.270834E-04
-1.4671000000E+00,-8.895833E-04
-1.4666000000E+00,-1.122917E-03
-1.4661000000E+00,-1.025000E-03
-1.4656000000E+00,-9.270834E-04
-1.4651000000E+00,-5.708333E-04
-1.4646000000E+00,-1.014583E-03
-1.4641000000E+00,-1.462500E-03
-1.4636000000E+00,-1.125000E-03
-1.4631000000E+00,-1.081250E-03
-1.4626000000E+00,-7.187500E-04
-1.4621000000E+00,-8.041667E-04
-1.4616000000E+00,-1.029167E-03
-1.4611000000E+00,-8.625000E-04
-1.4606000000E+00,-1.070833E-03
-1.4601000000E+00,-1.102083E-03
-1.4596000000E+00,-9.312500E-04
-1.4591000000E+00,-1.045833E-03
-1.4586000000E+00,-8.562500E-04
-1.4581000000E+00,-1.187500E-03
-1.4576000000E+00,-1.204167E-03
-1.4571000000E+00,-1.135417E-03
-1.4566000000E+00,-2.791667E-04
-1.4561000000E+00,-8.937500E-04
-1.4556000000E+00,-1.127083E-03
-1.4551000000E+00,-1.050000E-03
-1.4546000000E+00,-1.270833E-03
-1.4541000000E+00,-7.187500E-04
-1.4536000000E+00,-7.812500E-04
-1.4531000000E+00,-9.562500E-04
-1.4526000000E+00,-1.208333E-03
-1.4521000000E+00,-8.333334E-04
-1.4516000000E+00,-1.029167E-03
-1.4511000000E+00,-9.937501E-04
-1.4506000000E+00,-1.427083E-03
-1.4501000000E+00,-7.895834E-04
-1.4496000000E+00,-1.125000E-03
-1.4491000000E+00,-9.458333E-04
-1.4486000000E+00,-9.687500E-04
-1.4481000000E+00,-7.583334E-04
-1.4476000000E+00,-4.354167E-04
-1.4471000000E+00,-1.010417E-03
-1.4466000000E+00,-1.091667E-03
-1.4461000000E+00,-8.041667E-04
-1.4456000000E+00,-4.437500E-04
-1.4451000000E+00,-6.479167E-04
-1.4446000000E+00,-5.416667E-04
-1.4441000000E+00,-9.375000E-04
-1.4436000000E+00,-8.333334E-04
-1.4431000000E+00,-6.770833E-04
-1.4426000000E+00,-4.583334E-04
-1.4421000000E+00,-6.312500E-04
-1.4416000000E+00,-5.770833E-04
-1.4411000000E+00,-4.395834E-04
-1.4406000000E+00,-6.145833E-04
-1.4401000000E+00,-2.062500E-04
-1.4396000000E+00,-1.437500E-04
-1.4391000000E+00,-3.729167E-04
-1.4386000000E+00,-1.145833E-04
-1.4381000000E+00,-1.812500E-04
-1.4376000000E+00,-4.500000E-04
-1.4371000000E+00,-8.750000E-05
-1.4366000000E+00,+7.291666E-05
-1.4361000000E+00,-1.020833E-04
-1.4356000000E+00,-1.875000E-04
-1.4351000000E+00,-4.187500E-04
-1.4346000000E+00,+1.312500E-04
-1.4341000000E+00,+4.166667E-04
-1.4336000000E+00,+4.541667E-04
-1.4331000000E+00,+6.875000E-05
-1.4326000000E+00,-3.687500E-04
-1.4321000000E+00,+1.437500E-04
-1.4316000000E+00,+5.041666E-04
-1.4311000000E+00,+6.979167E-04
-1.4306000000E+00,+3.416667E-04
-1.4301000000E+00,+7.291666E-05
-1.4296000000E+00,+4.187500E-04
-1.4291000000E+00,+5.145833E-04
-1.4286000000E+00,+6.520833E-04
-1.4281000000E+00,+8.250000E-04
-1.4276000000E+00,+6.604167E-04
-1.4271000000E+00,+2.937500E-04
-1.4266000000E+00,+4.812500E-04
-1.4261000000E+00,+6.458333E-04
-1.4256000000E+00,+8.020833E-04
-1.4251000000E+00,+9.104167E-04
-1.4246000000E+00,+6.291667E-04
-1.4241000000E+00,+5.916667E-04
-1.4236000000E+00,+8.250000E-04
-1.4231000000E+00,+7.729167E-04
-1.4226000000E+00,+9.750000E-04
-1.4221000000E+00,+7.604167E-04
-1.4216000000E+00,+5.208334E-04
-1.4211000000E+00,+5.312500E-04
-1.4206000000E+00,+8.020833E-04
-1.4201000000E+00,+7.541667E-04
-1.4196000000E+00,+1.058333E-03
-1.4191000000E+00,+7.625000E-04
-1.4186000000E+00,+7.958334E-04
-1.4181000000E+00,+8.916667E-04
-1.4176000000E+00,+9.208333E-04
-1.4171000000E+00,+1.189583E-03
-1.4166000000E+00,+7.750000E-04
-1.4161000000E+00,+7.479167E-04
-1.4156000000E+00,+7.291667E-04
-1.4151000000E+00,+7.791667E-04
-1.4146000000E+00,+1.158333E-03
-1.4141000000E+00,+9.666667E-04
-1.4136000000E+00,+7.041667E-04
-1.4131000000E+00,+5.750000E-04
-1.4126000000E+00,+7.479167E-04
-1.4121000000E+00,+9.208333E-04
-1.4116000000E+00,+1.031250E-03
-1.4111000000E+00,+7.270834E-04
-1.4106000000E+00,+6.958334E-04
-1.4101000000E+00,+6.770833E-04
-1.4096000000E+00,+5.208334E-04
-1.4091000000E+00,+6.020833E-04
-1.4086000000E+00,+7.000000E-04
-1.4081000000E+00,+1.020833E-03
-1.4076000000E+00,+4.979167E-04
-1.4071000000E+00,+4.083333E-04
-1.4066000000E+00,+5.416667E-04
-1.4061000000E+00,+8.958334E-04
-1.4056000000E+00,+5.937500E-04
-1.4051000000E+00,+6.812500E-04
-1.4046000000E+00,+1.458333E-04
-1.4041000000E+00,+4.333333E-04
-1.4036000000E+00,+6.083333E-04
-1.4031000000E+00,+5.083333E-04
-1.4026000000E+00,+1.312500E-04
-1.4021000000E+00,+3.187500E-04
-1.4016000000E+00,+1.458333E-05
-1.4011000000E+00,+1.583333E-04
-1.4006000000E+00,+3.979167E-04
-1.4001000000E+00,+3.854167E-04
-1.3996000000E+00,+2.208333E-04
-1.3991000000E+00,-5.625000E-05
-1.3986000000E+00,-8.333333E-05
-1.3981000000E+00,+5.833333E-05
-1.3976000000E+00,+1.937500E-04
-1.3971000000E+00,+2.666667E-04
-1.3966000000E+00,-2.895833E-04
-1.3961000000E+00,-4.291667E-04
-1.3956000000E+00,-2.375000E-04
-1.3951000000E+00,+3.333333E-05
-1.3946000000E+00,+2.125000E-04
-1.3941000000E+00,-1.500000E-04
-1.3936000000E+00,-1.812500E-04
-1.3931000000E+00,-3.312500E-04
-1.3926000000E+00,-5.312500E-04
-1.3921000000E+00,-2.312500E-04
-1.3916000000E+00,-3.041667E-04
-1.3911000000E+00,-4.041667E-04
-1.3906000000E+00,-7.437500E-04
-1.3901000000E+00,-3.583333E-04
-1.3896000000E+00,-3.270833E-04
-1.3891000000E+00,-3.437500E-04
-1.3886000000E+00,-4.437500E-04
-1.3881000000E+00,-1.243750E-03
-1.3876000000E+00,-6.645833E-04
-1.3871000000E+00,-6.729166E-04
-1.3866000000E+00,-4.854167E-04
-1.3861000000E+00,-4.791667E-04
-1.3856000000E+00,-8.250000E-04
-1.3851000000E+00,-1.041667E-03
-1.3846000000E+00,-9.000000E-04
-1.3841000000E+00,-5.812500E-04
-1.3836000000E+00,-5.395833E-04
-1.3831000000E+00,-7.520833E-04
-1.3826000000E+00,-9.708334E-04
-1.3821000000E+00,-1.085417E-03
-1.3816000000E+00,-1.043750E-03
-1.3811000000E+00,-8.750000E-04
-1.3806000000E+00,-1.016667E-03
-1.3801000000E+00,-7.833333E-04
-1.3796000000E+00,-9.854167E-04
-1.3791000000E+00,-1.247917E-03
-1.3786000000E+00,-1.008333E-03
-1.3781000000E+00,-1.010417E-03
-1.3776000000E+00,-8.666667E-04
-1.3771000000E+00,-9.916667E-04
-1.3766000000E+00,-1.175000E-03
-1.3761000000E+00,-1.272917E-03
-1.3756000000E+00,-1.125000E-03
-1.3751000000E+00,-8.854167E-04
-1.3746000000E+00,-9.541667E-04
-1.3741000000E+00,-1.247917E-03
-1.3736000000E+00,-1.216667E-03
-1.3731000000E+00,-1.064583E-03
-1.3726000000E+00,-9.791667E-04
-1.3721000000E+00,-1.266667E-03
-1.3716000000E+00,-1.018750E-03
-1.3711000000E+00,-1.187500E-03
-1.3706000000E+00,-1.179167E-03
-1.3701000000E+00,-1.177083E-03
-1.3696000000E+00,-8.312500E-04
-1.3691000000E+00,-1.037500E-03
-1.3686000000E+00,-1.064583E-03
-1.3681000000E+00,-1.120833E-03
-1.3676000000E+00,-1.164583E-03
-1.3671000000E+00,-9.979167E-04
-1.3666000000E+00,-7.750000E-04
-1.3661000000E+00,-7.541667E-04
-1.3656000000E+00,-1.275000E-03
-1.3651000000E+00,-1.393750E-03
-1.3646000000E+00,-8.979167E-04
-1.3641000000E+00,-7.291667E-04
-1.3636000000E+00,-1.016667E-03
-1.3631000000E+00,-8.291667E-04
-1.3626000000E+00,-1.052083E-03
-1.3621000000E+00,-7.312500E-04
-1.3616000000E+00,-5.208334E-04
-1.3611000000E+00,-1.093750E-03
-1.3606000000E+00,-6.187500E-04
-1.3601000000E+00,-1.979167E-04
-1.3596000000E+00,-6.854167E-04
-1.3591000000E+00,-6.125000E-04
-1.3586000000E+00,-3.604167E-04
-1.3581000000E+00,-6.208334E-04
-1.3576000000E+00,-3.541667E-04
-1.3571000000E+00,-5.083333E-04
-1.3566000000E+00,-5.416667E-04
-1.3561000000E+00,-4.104167E-04
-1.3556000000E+00,-3.687500E-04
-1.3551000000E+00,+6.041667E-05
-1.3546000000E+00,-9.166667E-05
-1.3541000000E+00,-5.187500E-04
-1.3536000000E+00,-2.562500E-04
-1.3531000000E+00,+2.500000E-05
-1.3526000000E+00,-1.458334E-05
-1.3521000000E+00,-3.541667E-05
-1.3516000000E+00,-1.818989E-12
-1.3511000000E+00,+1.354167E-04
-1.3506000000E+00,-2.708334E-05
-1.3501000000E+00,-6.875000E-05
-1.3496000000E+00,+3.541667E-04
-1.3491000000E+00,+4.562500E-04
-1.3486000000E+00,+1.145833E-04
-1.3481000000E+00,+2.062500E-04
-1.3476000000E+00,+1.666667E-04
-1.3471000000E+00,+6.833333E-04
-1.3466000000E+00,+4.791667E-04
-1.3461000000E+00,+4.479167E-04
-1.3456000000E+00,+1.354167E-04
-1.3451000000E+00,+5.583334E-04
-1.3446000000E+00,+7.458333E-04
-1.3441000000E+00,+5.979167E-04
-1.3436000000E+00,+4.208333E-04
-1.3431000000E+00,+5.645833E-04
-1.3426000000E+00,+4.937500E-04
-1.3421000000E+00,+4.750000E-04
-1.3416000000E+00,+6.687500E-04
-1.3411000000E+00,+6.354167E-04
-1.3406000000E+00,+7.583334E-04
-1.3401000000E+00,+6.145833E-04
-1.3396000000E+00,+5.229167E-04
-1.3391000000E+00,+5.937500E-04
-1.3386000000E+00,+9.645834E-04
-1.3381000000E+00,+9.708334E-04
-1.3376000000E+00,+6.687500E-04
-1.3371000000E+00,+6.708333E-04
-1.3366000000E+00,+8.458333E-04
-1.3361000000E+00,+7.895833E-04
-1.3356000000E+00,+1.327083E-03
-1.3351000000E+00,+9.104167E-04
-1.3346000000E+00,+7.145833E-04
-1.3341000000E+00,+7.229167E-04
-1.3336000000E+00,+9.958333E-04
-1.3331000000E+00,+1.091667E-03
-1.3326000000E+00,+9.291667E-04
-1.3321000000E+00,+7.625000E-04
-1.3316000000E+00,+8.062500E-04
-1.3311000000E+00,+6.250000E-04
-1.3306000000E+00,+8.750000E-04
-1.3301000000E+00,+9.208333E-04
-1.3296000000E+00,+9.645834E-04
-1.3291000000E+00,+7.208333E-04
-1.3286000000E+00,+7.187500E-04
-1.3281000000E+00,+7.208333E-04
-1.3276000000E+00,+8.729167E-04
-1.3271000000E+00,+8.541667E-04
-1.3266000000E+00,+7.562500E-04
-1.3261000000E+00,+6.083333E-04
-1.3256000000E+00,+5.208334E-04
-1.3251000000E+00,+8.729167E-04
-1.3246000000E+00,+8.625000E-04
-1.3241000000E+00,+6.625000E-04
-1.3236000000E+00,+5.312500E-04
-1.3231000000E+00,+6.041666E-04
-1.3226000000E+00,+4.937500E-04
-1.3221000000E+00,+6.020833E-04
-1.3216000000E+00,+6.479167E-04
-1.3211000000E+00,+3.000000E-04
-1.3206000000E+00,+5.687500E-04
-1.3201000000E+00,+4.625000E-04
-1.3196000000E+00,+6.708333E-04
-1.3191000000E+00,+6.041666E-04
-1.3186000000E+00,+4.604167E-04
-1.3181000000E+00,+6.875000E-05
-1.3176000000E+00,+9.791667E-05
-1.3171000000E+00,+2.458333E-04
-1.3166000000E+00,+3.979167E-04
-1.3161000000E+00,+4.875000E-04
-1.3156000000E+00,+6.250000E-05
-1.3151000000E+00,+4.791667E-05
-1.3146000000E+00,+2.291667E-05
-1.3141000000E+00,-6.250002E-06
-1.3136000000E+00,+1.041666E-05
-1.3131000000E+00,-3.333334E-05
-1.3126000000E+00,-4.166669E-06
-1.3121000000E+00,-2.000000E-04
-1.3116000000E+00,-2.395833E-04
-1.3111000000E+00,-1.562500E-04
-1.3106000000E+00,+1.354167E-04
-1.3101000000E+00,-1.187500E-04
-1.3096000000E+00,-1.333333E-04
-1.3091000000E+00,-5.375000E-04
-1.3086000000E+00,-3.104167E-04
-1.3081000000E+00,-1.916667E-04
-1.3076000000E+00,-1.583333E-04
-1.3071000000E+00,-3.479167E-04
-1.3066000000E+00,-6.604167E-04
-1.3061000000E+00,-5.979167E-04
-1.3056000000E+00,-4.270833E-04
-1.3051000000E+00,-2.208333E-04
-1.3046000000E+00,-5.625000E-04
-1.3041000000E+00,-6.208334E-04
-1.3036000000E+00,-8.083333E-04
-1.3031000000E+00,-1.354167E-04
-1.3026000000E+00,-7.354167E-04
-1.3021000000E+00,-4.291667E-04
-1.3016000000E+00,-5.354166E-04
-1.3011000000E+00,-7.208334E-04
-1.3006000000E+00,-6.562500E-04
-1.3001000000E+00,-8.958334E-04
-1.2996000000E+00,-7.729167E-04
-1.2991000000E+00,-4.979167E-04
-1.2986000000E+00,-8.083333E-04
-1.2981000000E+00,-1.008333E-03
-1.2976000000E+00,-1.239583E-03
-1.2971000000E+00,-1.066667E-03
-1.2966000000E+00,-8.979167E-04
-1.2961000000E+00,-8.645834E-04
-1.2956000000E+00,-1.172917E-03
-1.2951000000E+00,-1.183333E-03
-1.2946000000E+00,-9.645834E-04
-1.2941000000E+00,-1.064583E-03
-1.2936000000E+00,-1.010417E-03
-1.2931000000E+00,-1.187500E-03
-1.2926000000E+00,-1.347917E-03
-1.2921000000E+00,-1.145833E-03
-1.2916000000E+00,-7.687500E-04
-1.2911000000E+00,-7.875000E-04
-1.2906000000E+00,-7.520833E-04
-1.2901000000E+00,-1.141667E-03
-1.2896000000E+00,-1.177083E-03
-1.2891000000E+00,-1.277083E-03
-1.2886000000E+00,-1.197917E-03
-1.2881000000E+00,-6.458333E-04
-1.2876000000E+00,-9.854167E-04
-1.2871000000E+00,-1.187500E-03
-1.2866000000E+00,-1.135417E-03
-1.2861000000E+00,-1.072917E-03
-1.2856000000E+00,-7.958334E-04
-1.2851000000E+00,-9.854167E-04
-1.2846000000E+00,-1.047917E-03
-1.2841000000E+00,-1.137500E-03
-1.2836000000E+00,-9.770833E-04
-1.2831000000E+00,-1.072917E-03
-1.2826000000E+00,-1.189583E-03
-1.2821000000E+00,-7.791667E-04
-1.2816000000E+00,-9.375000E-04
-1.2811000000E+00,-1.100000E-03
-1.2806000000E+00,-1.110417E-03
-1.2801000000E+00,-8.791667E-04
-1.2796000000E+00,-6.395833E-04
-1.2791000000E+00,-6.979167E-04
-1.2786000000E+00,-8.729167E-04
-1.2781000000E+00,-8.312500E-04
-1.2776000000E+00,-6.208334E-04
-1.2771000000E+00,-5.291667E-04
-1.2766000000E+00,-5.916667E-04
-1.2761000000E+00,-7.125000E-04
-1.2756000000E+00,-7.833333E-04
-1.2751000000E+00,-5.604167E-04
-1.2746000000E+00,-5.145833E-04
-1.2741000000E+00,-4.270833E-04
-1.2736000000E+00,-3.937500E-04
-1.2731000000E+00,-5.333333E-04
-1.2726000000E+00,-4.791667E-04
-1.2721000000E+00,-4.375000E-04
-1.2716000000E+00,-2.812500E-04
-1.2711000000E+00,+6.041667E-05
-1.2706000000E+00,-1.666667E-04
-1.2701000000E+00,-4.000000E-04
-1.2696000000E+00,-3.125000E-04
-1.2691000000E+00,-2.104167E-04
-1.2686000000E+00,-9.375000E-05
-1.2681000000E+00,+2.895833E-04
-1.2676000000E+00,-7.708334E-05
-1.2671000000E+00,-2.937500E-04
-1.2666000000E+00,+1.604167E-04
-1.2661000000E+00,+2.270833E-04
-1.2656000000E+00,+3.958333E-04
-1.2651000000E+00,+3.916667E-04
-1.2646000000E+00,+1.145833E-04
-1.2641000000E+00,+4.166665E-06
-1.2636000000E+00,+1.270833E-04
-1.2631000000E+00,+3.416667E-04
-1.2626000000E+00,+6.145833E-04
-1.2621000000E+00,+3.354167E-04
-1.2616000000E+00,+1.895833E-04
-1.2611000000E+00,+3.041667E-04
-1.2606000000E+00,+3.479167E-04
-1.2601000000E+00,+6.791667E-04
-1.2596000000E+00,+7.000000E-04
-1.2591000000E+00,+5.229167E-04
-1.2586000000E+00,+2.291667E-04
-1.2581000000E+00,+5.270833E-04
-1.2576000000E+00,+7.895833E-04
-1.2571000000E+00,+9.104167E-04
-1.2566000000E+00,+7.770833E-04
-1.2561000000E+00,+4.770833E-04
-1.2556000000E+00,+5.812500E-04
-1.2551000000E+00,+8.854167E-04
-1.2546000000E+00,+7.520833E-04
-1.2541000000E+00,+8.041667E-04
-1.2536000000E+00,+5.041666E-04
-1.2531000000E+00,+7.229167E-04
-1.2526000000E+00,+7.770833E-04
-1.2521000000E+00,+9.979167E-04
-1.2516000000E+00,+1.039583E-03
-1.2511000000E+00,+1.093750E-03
-1.2506000000E+00,+9.104167E-04
-1.2501000000E+00,+5.979167E-04
-1.2496000000E+00,+9.333334E-04
-1.2491000000E+00,+9.583333E-04
-1.2486000000E+00,+1.037500E-03
-1.2481000000E+00,+9.145833E-04
-1.2476000000E+00,+7.479167E-04
-1.2471000000E+00,+1.122917E-03
-1.2466000000E+00,+7.645834E-04
-1.2461000000E+00,+1.020833E-03
-1.2456000000E+00,+9.416667E-04
-1.2451000000E+00,+7.187500E-04
-1.2446000000E+00,+6.729166E-04
-1.2441000000E+00,+6.104167E-04
-1.2436000000E+00,+8.604167E-04
-1.2431000000E+00,+8.812500E-04
-1.2426000000E+00,+8.520833E-04
-1.2421000000E+00,+7.375000E-04
-1.2416000000E+00,+8.208333E-04
-1.2411000000E+00,+5.500000E-04
-1.2406000000E+00,+4.291667E-04
-1.2401000000E+00,+8.333334E-04
-1.2396000000E+00,+5.520834E-04
-1.2391000000E+00,+4.416667E-04
-1.2386000000E+00,+4.770833E-04
-1.2381000000E+00,+6.062500E-04
-1.2376000000E+00,+9.083333E-04
-1.2371000000E+00,+3.187500E-04
-1.2366000000E+00,+2.854167E-04
-1.2361000000E+00,+2.354167E-04
-1.2356000000E+00,+3.062500E-04
-1.2351000000E+00,+4.125000E-04
-1.2346000000E+00,+5.229167E-04
-1.2341000000E+00,+3.312500E-04
-1.2336000000E+00,+1.708333E-04
-1.2331000000E+00,+3.187500E-04
-1.2326000000E+00,+4.979167E-04
-1.2321000000E+00,-2.500000E-05
-1.2316000000E+00,+2.312500E-04
-1.2311000000E+00,+2.770833E-04
-1.2306000000E+00,-2.645833E-04
-1.2301000000E+00,+2.083332E-06
-1.2296000000E+00,+8.333333E-05
-1.2291000000E+00,+2.041667E-04
-1.2286000000E+00,+8.333332E-06
-1.2281000000E+00,+1.270833E-04
-1.2276000000E+00,-3.062500E-04
-1.2271000000E+00,-1.958333E-04
-1.2266000000E+00,-2.083335E-06
-1.2261000000E+00,-8.958334E-05
-1.2256000000E+00,-1.854167E-04
-1.2251000000E+00,-3.145833E-04
-1.2246000000E+00,-3.854167E-04
-1.2241000000E+00,-2.895833E-04
-1.2236000000E+00,-3.125000E-04
-1.2231000000E+00,-3.520833E-04
-1.2226000000E+00,-2.333333E-04
-1.2221000000E+00,-9.833333E-04
-1.2216000000E+00,-6.145833E-04
-1.2211000000E+00,-5.125000E-04
-1.2206000000E+00,-7.250000E-04
-1.2201000000E+00,-5.833333E-04
-1.2196000000E+00,-8.854167E-04
-1.2191000000E+00,-7.625000E-04
-1.2186000000E+00,-8.416667E-04
-1.2181000000E+00,-6.125000E-04
-1.2176000000E+00,-6.187500E-04
-1.2171000000E+00,-7.645834E-04
-1.2166000000E+00,-7.104167E-04
-1.2161000000E+00,-9.458333E-04
-1.2156000000E+00,-6.791667E-04
-1.2151000000E+00,-7.166667E-04
-1.2146000000E+00,-8.125000E-04
-1.2141000000E+00,-9.062500E-04
-1.2136000000E+00,-1.289583E-03
-1.2131000000E+00,-1.083333E-03
-1.2126000000E+00,-9.333334E-04
-1.2121000000E+00,-9.375000E-04
-1.2116000000E+00,-8.166667E-04
-1.2111000000E+00,-1.247917E-03
-1.2106000000E+00,-1.310417E-03
-1.2101000000E+00,-7.812500E-04
-1.2096000000E+00,-8.812500E-04
-1.2091000000E+00,-1.091667E-03
-1.2086000000E+00,-1.139583E-03
-1.2081000000E+00,-1.183333E-03
-1.2076000000E+00,-1.506250E-03
-1.2071000000E+00,-1.085417E-03
-1.2066000000E+00,-9.354167E-04
-1.2061000000E+00,-1.054167E-03
-1.2056000000E+00,-1.364583E-03
-1.2051000000E+00,-9.750000E-04
-1.2046000000E+00,-1.093750E-03
-1.2041000000E+00,-1.316667E-03
-1.2036000000E+00,-9.708334E-04
-1.2031000000E+00,-1.008333E-03
-1.2026000000E+00,-1.008333E-03
-1.2021000000E+00,-1.154167E-03
-1.2016000000E+00,-1.168750E-03
-1.2011000000E+00,-9.083333E-04
-1.2006000000E+00,-1.156250E-03
-1.2001000000E+00,-1.081250E-03
-1.1996000000E+00,-9.875001E-04
-1.1991000000E+00,-1.087500E-03
-1.1986000000E+00,-8.416667E-04
-1.1981000000E+00,-6.145833E-04
-1.1976000000E+00,-8.916667E-04
-1.1971000000E+00,-9.604167E-04
-1.1966000000E+00,-1.037500E-03
-1.1961000000E+00,-9.187500E-04
-1.1956000000E+00,-8.291667E-04
-1.1951000000E+00,-8.104167E-04
-1.1946000000E+00,-9.250000E-04
-1.1941000000E+00,-7.625000E-04
-1.1936000000E+00,-8.979167E-04
-1.1931000000E+00,-6.520834E-04
-1.1926000000E+00,-3.875000E-04
-1.1921000000E+00,-5.812500E-04
-1.1916000000E+00,-5.958333E-04
-1.1911000000E+00,-1.008333E-03
-1.1906000000E+00,-6.270834E-04
-1.1901000000E+00,-5.666667E-04
-1.1896000000E+00,-5.020833E-04
-1.1891000000E+00,-2.645833E-04
-1.1886000000E+00,-6.083333E-04
-1.1881000000E+00,-4.875000E-04
-1.1876000000E+00,-3.520833E-04
-1.1871000000E+00,-2.166667E-04
-1.1866000000E+00,-1.000000E-04
-1.1861000000E+00,-1.250000E-04
-1.1856000000E+00,-3.875000E-04
-1.1851000000E+00,-1.895833E-04
-1.1846000000E+00,+8.750000E-05
-1.1841000000E+00,+1.416667E-04
-1.1836000000E+00,-2.479167E-04
-1.1831000000E+00,+1.916667E-04
-1.1826000000E+00,+3.062500E-04
-1.1821000000E+00,-1.875000E-05
-1.1816000000E+00,+2.708333E-04
-1.1811000000E+00,+5.020833E-04
-1.1806000000E+00,+3.750000E-04
-1.1801000000E+00,+9.583333E-05
-1.1796000000E+00,-5.416667E-05
-1.1791000000E+00,+3.291667E-04
-1.1786000000E+00,+6.062500E-04
-1.1781000000E+00,+5.000000E-04
-1.1776000000E+00,+3.187500E-04
-1.1771000000E+00,+1.041666E-05
-1.1766000000E+00,+4.479167E-04
-1.1761000000E+00,+4.791667E-04
-1.1756000000E+00,+7.500000E-04
-1.1751000000E+00,+5.770833E-04
-1.1746000000E+00,+4.250000E-04
-1.1741000000E+00,+4.270833E-04
-1.1736000000E+00,+4.354167E-04
-1.1731000000E+00,+8.125000E-04
-1.1726000000E+00,+8.520833E-04
-1.1721000000E+00,+7.458333E-04
-1.1716000000E+00,+7.041667E-04
-1.1711000000E+00,+4.312500E-04
-1.1706000000E+00,+7.250000E-04
-1.1701000000E+00,+9.770833E-04
-1.1696000000E+00,+8.770833E-04
-1.1691000000E+00,+6.625000E-04
-1.1686000000E+00,+4.791667E-04
-1.1681000000E+00,+8.166667E-04
-1.1676000000E+00,+1.002083E-03
-1.1671000000E+00,+9.520833E-04
-1.1666000000E+00,+9.250000E-04
-1.1661000000E+00,+8.104166E-04
-1.1656000000E+00,+7.479167E-04
-1.1651000000E+00,+7.125000E-04
-1.1646000000E+00,+8.208333E-04
-1.1641000000E+00,+1.100000E-03
-1.1636000000E+00,+9.229167E-04
-1.1631000000E+00,+6.416666E-04
-1.1626000000E+00,+5.687500E-04
-1.1621000000E+00,+8.729167E-04
-1.1616000000E+00,+9.770833E-04
-1.1611000000E+00,+1.343750E-03
-1.1606000000E+00,+8.000000E-04
-1.1601000000E+00,+5.583334E-04
-1.1596000000E+00,+8.541667E-04
-1.1591000000E+00,+9.958333E-04
-1.1586000000E+00,+9.562500E-04
-1.1581000000E+00,+5.791667E-04
-1.1576000000E+00,+6.583334E-04
-1.1571000000E+00,+7.500000E-04
-1.1566000000E+00,+6.562500E-04
-1.1561000000E+00,+7.708333E-04
-1.1556000000E+00,+6.916667E-04
-1.1551000000E+00,+6.062500E-04
-1.1546000000E+00,+3.833333E-04
-1.1541000000E+00,+5.312500E-04
-1.1536000000E+00,+3.354167E-04
-1.1531000000E+00,+4.625000E-04
-1.1526000000E+00,+8.187500E-04
-1.1521000000E+00,+2.208333E-04
-1.1516000000E+00,+1.958333E-04
-1.1511000000E+00,+3.562500E-04
-1.1506000000E+00,+1.812500E-04
-1.1501000000E+00,+3.416667E-04
-1.1496000000E+00,+2.541667E-04
-1.1491000000E+00,+2.333333E-04
-1.1486000000E+00,+1.500000E-04
-1.1481000000E+00,+5.437500E-04
-1.1476000000E+00,+4.333333E-04
-1.1471000000E+00,+1.937500E-04
-1.1466000000E+00,+3.354167E-04
-1.1461000000E+00,+1.666667E-05
-1.1456000000E+00,-1.395833E-04
-1.1451000000E+00,+6.249998E-06
-1.1446000000E+00,+3.750000E-05
-1.1441000000E+00,+2.500000E-05
-1.1436000000E+00,-1.479167E-04
-1.1431000000E+00,-4.833333E-04
-1.1426000000E+00,-5.625000E-05
-1.1421000000E+00,+1.625000E-04
-1.1416000000E+00,-1.541667E-04
-1.1411000000E+00,-2.208333E-04
-1.1406000000E+00,-3.500000E-04
-1.1401000000E+00,-2.875000E-04
-1.1396000000E+00,-4.291667E-04
-1.1391000000E+00,-3.729167E-04
-1.1386000000E+00,-1.791667E-04
-1.1381000000E+00,-4.625000E-04
-1.1376000000E+00,-6.208334E-04
-1.1371000000E+00,-6.104167E-04
-1.1366000000E+00,-5.270833E-04
-1.1361000000E+00,-4.416667E-04
-1.1356000000E+00,-6.333333E-04
-1.1351000000E+00,-6.375000E-04
-1.1346000000E+00,-8.083333E-04
-1.1341000000E+00,-7.000000E-04
-1.1336000000E+00,-5.604167E-04
-1.1331000000E+00,-6.312500E-04
-1.1326000000E+00,-8.000000E-04
-1.1321000000E+00,-9.020834E-04
-1.1316000000E+00,-1.131250E-03
-1.1311000000E+00,-1.206250E-03
-1.1306000000E+00,-1.358333E-03
-1.1301000000E+00,-7.187500E-04
-1.1296000000E+00,-1.068750E-03
-1.1291000000E+00,-1.135417E-03
-1.1286000000E+00,-1.031250E-03
-1.1281000000E+00,-9.458333E-04
-1.1276000000E+00,-7.604167E-04
-1.1271000000E+00,-8.666667E-04
-1.1266000000E+00,-1.052083E-03
-1.1261000000E+00,-1.016667E-03
-1.1256000000E+00,-1.110417E-03
-1.1251000000E+00,-9.083333E-04
-1.1246000000E+00,-8.375000E-04
-1.1241000000E+00,-9.541667E-04
-1.1236000000E+00,-1.150000E-03
-1.1231000000E+00,-1.104167E-03
-1.1226000000E+00,-1.047917E-03
-1.1221000000E+00,-8.375000E-04
-1.1216000000E+00,-8.958334E-04
-1.1211000000E+00,-9.812500E-04
-1.1206000000E+00,-1.225000E-03
-1.1201000000E+00,-1.037500E-03
-1.1196000000E+00,-8.541667E-04
-1.1191000000E+00,-7.312500E-04
-1.1186000000E+00,-1.083333E-03
-1.1181000000E+00,-1.527083E-03
-1.1176000000E+00,-1.112500E-03
-1.1171000000E+00,-1.050000E-03
-1.1166000000E+00,-7.854167E-04
-1.1161000000E+00,-9.000000E-04
-1.1156000000E+00,-1.004167E-03
-1.1151000000E+00,-1.060417E-03
-1.1146000000E+00,-8.937500E-04
-1.1141000000E+00,-8.958334E-04
-1.1136000000E+00,-7.812500E-04
-1.1131000000E+00,-8.791667E-04
-1.1126000000E+00,-8.833333E-04
-1.1121000000E+00,-8.333334E-04
-1.1116000000E+00,-9.083333E-04
-1.1111000000E+00,-8.187500E-04
-1.1106000000E+00,-5.812500E-04
-1.1101000000E+00,-9.395833E-04
-1.1096000000E+00,-8.916667E-04
-1.1091000000E+00,-8.666667E-04
-1.1086000000E+00,-3.854167E-04
-1.1081000000E+00,-6.083333E-04
-1.1076000000E+00,-6.187500E-04
-1.1071000000E+00,-6.104167E-04
-1.1066000000E+00,-5.062500E-04
-1.1061000000E+00,-5.479167E-04
-1.1056000000E+00,-3.312500E-04
-1.1051000000E+00,-4.083333E-04
-1.1046000000E+00,-3.562500E-04
-1.1041000000E+00,-4.000000E-04
-1.1036000000E+00,-2.895833E-04
-1.1031000000E+00,-4.291667E-04
-1.1026000000E+00,-4.583333E-05
-1.1021000000E+00,-1.354167E-04
-1.1016000000E+00,-2.250000E-04
-1.1011000000E+00,-3.291667E-04
-1.1006000000E+00,-1.458333E-04
-1.1001000000E+00,+2.416667E-04
-1.0996000000E+00,+2.458333E-04
-1.0991000000E+00,+1.770833E-04
-1.0986000000E+00,-1.250000E-04
-1.0981000000E+00,-1.125000E-04
-1.0976000000E+00,+2.083333E-04
-1.0971000000E+00,+3.916667E-04
-1.0966000000E+00,+1.458333E-04
-1.0961000000E+00,-1.708333E-04
-1.0956000000E+00,+2.416667E-04
-1.0951000000E+00,+2.791667E-04
-1.0946000000E+00,+1.895833E-04
-1.0941000000E+00,+5.416667E-04
-1.0936000000E+00,+6.187500E-04
-1.0931000000E+00,+3.395833E-04
-1.0926000000E+00,+1.916667E-04
-1.0921000000E+00,+4.270833E-04
-1.0916000000E+00,+4.416667E-04
-1.0911000000E+00,+6.479167E-04
-1.0906000000E+00,+7.000000E-04
-1.0901000000E+00,+6.729166E-04
-1.0896000000E+00,+1.458333E-04
-1.0891000000E+00,+6.187500E-04
-1.0886000000E+00,+8.166667E-04
-1.0881000000E+00,+8.520833E-04
-1.0876000000E+00,+7.375000E-04
-1.0871000000E+00,+7.500000E-04
-1.0866000000E+00,+8.062500E-04
-1.0861000000E+00,+2.083333E-05
-1.0856000000E+00,+9.583333E-04
-1.0851000000E+00,+7.520833E-04
-1.0846000000E+00,+6.895834E-04
-1.0841000000E+00,+6.583334E-04
-1.0836000000E+00,+7.895833E-04
-1.0831000000E+00,+9.520833E-04
-1.0826000000E+00,+8.250000E-04
-1.0821000000E+00,+9.916667E-04
-1.0816000000E+00,+6.958334E-04
-1.0811000000E+00,+7.062500E-04
-1.0806000000E+00,+8.458333E-04
-1.0801000000E+00,+1.010417E-03
-1.0796000000E+00,+9.395833E-04
-1.0791000000E+00,+7.937500E-04
-1.0786000000E+00,+6.729166E-04
-1.0781000000E+00,+6.833333E-04
-1.0776000000E+00,+8.250000E-04
-1.0771000000E+00,+1.041667E-03
-1.0766000000E+00,+7.291667E-04
-1.0761000000E+00,+5.541667E-04
-1.0756000000E+00,+7.541667E-04
-1.0751000000E+00,+6.875000E-04
-1.0746000000E+00,+6.625000E-04
-1.0741000000E+00,+8.833333E-04
-1.0736000000E+00,+1.289583E-03
-1.0731000000E+00,+4.958333E-04
-1.0726000000E+00,+6.645833E-04
-1.0721000000E+00,+7.333333E-04
-1.0716000000E+00,+8.437500E-04
-1.0711000000E+00,+7.125000E-04
-1.0706000000E+00,+4.979167E-04
-1.0701000000E+00,+4.541667E-04
-1.0696000000E+00,+5.291667E-04
-1.0691000000E+00,+7.687500E-04
-1.0686000000E+00,+7.020833E-04
-1.0681000000E+00,+3.208333E-04
-1.0676000000E+00,+4.208333E-04
-1.0671000000E+00,+3.250000E-04
-1.0666000000E+00,+2.687500E-04
-1.0661000000E+00,+7.687500E-04
-1.0656000000E+00,+4.250000E-04
-1.0651000000E+00,+1.854167E-04
-1.0646000000E+00,+1.645833E-04
-1.0641000000E+00,-3.958333E-05
-1.0636000000E+00,+2.250000E-04
-1.0631000000E+00,+4.854167E-04
-1.0626000000E+00,+2.520833E-04
-1.0621000000E+00,-1.041667E-05
-1.0616000000E+00,-2.354167E-04
-1.0611000000E+00,-2.333333E-04
-1.0606000000E+00,+4.583333E-05
-1.0601000000E+00,+9.166667E-05
-1.0596000000E+00,-2.229167E-04
-1.0591000000E+00,-1.895833E-04
-1.0586000000E+00,-1.270833E-04
-1.0581000000E+00,-1.812500E-04
-1.0576000000E+00,-1.687500E-04
-1.0571000000E+00,-1.104167E-04
-1.0566000000E+00,-2.333333E-04
-1.0561000000E+00,-4.583334E-04
-1.0556000000E+00,-3.416667E-04
-1.0551000000E+00,-3.729167E-04
-1.0546000000E+00,-1.520833E-04
-1.0541000000E+00,-5.041667E-04
-1.0536000000E+00,-4.583334E-04
-1.0531000000E+00,-5.875000E-04
-1.0526000000E+00,-7.270834E-04
-1.0521000000E+00,-5.750000E-04
-1.0516000000E+00,-4.833333E-04
-1.0511000000E+00,-4.708333E-04
-1.0506000000E+00,-7.375000E-04
-1.0501000000E+00,-7.187500E-04
-1.0496000000E+00,-5.229167E-04
-1.0491000000E+00,-6.125000E-04
-1.0486000000E+00,-7.395833E-04
-1.0481000000E+00,-8.395833E-04
-1.0476000000E+00,-9.208333E-04
-1.0471000000E+00,-9.395833E-04
-1.0466000000E+00,-8.500000E-04
-1.0461000000E+00,-8.166667E-04
-1.0456000000E+00,-5.854167E-04
-1.0451000000E+00,-8.875000E-04
-1.0446000000E+00,-1.197917E-03
-1.0441000000E+00,-9.708334E-04
-1.0436000000E+00,-8.541667E-04
-1.0431000000E+00,-5.375000E-04
-1.0426000000E+00,-1.068750E-03
-1.0421000000E+00,-9.916667E-04
-1.0416000000E+00,-1.025000E-03
-1.0411000000E+00,-1.010417E-03
-1.0406000000E+00,-7.979167E-04
-1.0401000000E+00,-1.039583E-03
-1.0396000000E+00,-1.402083E-03
-1.0391000000E+00,-1.135417E-03
-1.0386000000E+00,-8.583334E-04
-1.0381000000E+00,-9.166667E-04
-1.0376000000E+00,-1.058333E-03
-1.0371000000E+00,-1.170833E-03
-1.0366000000E+00,-1.139583E-03
-1.0361000000E+00,-1.195833E-03
-1.0356000000E+00,-9.416667E-04
-1.0351000000E+00,-1.027083E-03
-1.0346000000E+00,-8.041667E-04
-1.0341000000E+00,-1.202083E-03
-1.0336000000E+00,-1.222917E-03
-1.0331000000E+00,-1.027083E-03
-1.0326000000E+00,-7.625000E-04
-1.0321000000E+00,-9.979167E-04
-1.0316000000E+00,-1.218750E-03
-1.0311000000E+00,-1.168750E-03
-1.0306000000E+00,-1.029167E-03
-1.0301000000E+00,-7.291667E-04
-1.0296000000E+00,-6.979167E-04
-1.0291000000E+00,-1.041667E-03
-1.0286000000E+00,-1.272917E-03
-1.0281000000E+00,-9.125000E-04
-1.0276000000E+00,-1.145833E-03
-1.0271000000E+00,-7.833333E-04
-1.0266000000E+00,-4.604167E-04
-1.0261000000E+00,-4.416667E-04
-1.0256000000E+00,-8.020833E-04
-1.0251000000E+00,-8.687500E-04
-1.0246000000E+00,-7.729167E-04
-1.0241000000E+00,-6.187500E-04
-1.0236000000E+00,-2.354167E-04
-1.0231000000E+00,-5.229167E-04
-1.0226000000E+00,-6.229167E-04
-1.0221000000E+00,-8.395833E-04
-1.0216000000E+00,-3.916667E-04
-1.0211000000E+00,-2.708333E-04
-1.0206000000E+00,-1.000000E-04
-1.0201000000E+00,-6.916667E-04
-1.0196000000E+00,-5.083333E-04
-1.0191000000E+00,-2.291667E-04
-1.0186000000E+00,-1.958333E-04
-1.0181000000E+00,+8.750000E-05
-1.0176000000E+00,-6.250000E-05
-1.0171000000E+00,-1.291667E-04
-1.0166000000E+00,-2.354167E-04
-1.0161000000E+00,-1.312500E-04
-1.0156000000E+00,+1.854167E-04
-1.0151000000E+00,+1.604167E-04
-1.0146000000E+00,-2.291667E-05
-1.0141000000E+00,-3.541667E-05
-1.0136000000E+00,+2.291667E-05
-1.0131000000E+00,+1.895833E-04
-1.0126000000E+00,+3.625000E-04
-1.0121000000E+00,+2.437500E-04
-1.0116000000E+00,+1.166667E-04
-1.0111000000E+00,+1.020833E-04
-1.0106000000E+00,+2.250000E-04
-1.0101000000E+00,+5.250000E-04
-1.0096000000E+00,+6.812500E-04
-1.0091000000E+00,+5.958333E-04
-1.0086000000E+00,+2.645833E-04
-1.0081000000E+00,+4.645833E-04
-1.0076000000E+00,+4.895834E-04
-1.0071000000E+00,+7.583334E-04
-1.0066000000E+00,+6.333333E-04
-1.0061000000E+00,+6.083333E-04
-1.0056000000E+00,+5.166667E-04
-1.0051000000E+00,+7.520833E-04
-1.0046000000E+00,+6.729166E-04
-1.0041000000E+00,+5.625000E-04
-1.0036000000E+00,+6.520833E-04
-1.0031000000E+00,+3.458333E-04
-1.0026000000E+00,+6.791667E-04
-1.0021000000E+00,+7.437500E-04
-1.0016000000E+00,+8.229167E-04
-1.0011000000E+00,+1.312500E-03
-1.0006000000E+00,+6.958334E-04
-1.0001000000E+00,+6.520833E-04
-9.9960000000E-01,+1.302083E-03
-9.9910000000E-01,+7.666667E-04
-9.9860000000E-01,+9.312500E-04
-9.9810000000E-01,+7.312500E-04
-9.9760000000E-01,+6.666667E-04
-9.9710000000E-01,+5.625000E-04
-9.9660000000E-01,+7.854167E-04
-9.9610000000E-01,+8.791666E-04
-9.9560000000E-01,+8.354167E-04
-9.9510000000E-01,+7.604167E-04
-9.9460000000E-01,+9.104167E-04
-9.9410000000E-01,+6.041666E-04
-9.9360000000E-01,+8.020833E-04
-9.9310000000E-01,+8.229167E-04
-9.9260000000E-01,+8.479167E-04
-9.9210000000E-01,+6.562500E-04
-9.9160000000E-01,+6.229167E-04
-9.9110000000E-01,+8.541667E-04
-9.9060000000E-01,+1.229167E-03
-9.9010000000E-01,+9.937501E-04
-9.8960000000E-01,+6.104167E-04
-9.8910000000E-01,+5.083333E-04
-9.8860000000E-01,+5.416667E-04
-9.8810000000E-01,+6.166667E-04
-9.8760000000E-01,+7.437500E-04
-9.8710000000E-01,+6.916667E-04
-9.8660000000E-01,+5.104167E-04
-9.8610000000E-01,+5.500000E-04
-9.8560000000E-01,+3.270833E-04
-9.8510000000E-01,+4.666667E-04
-9.8460000000E-01,+7.375000E-04
-9.8410000000E-01,+4.937500E-04
-9.8360000000E-01,+3.000000E-04
-9.8310000000E-01,+2.687500E-04
-9.8260000000E-01,+2.895833E-04
-9.8210000000E-01,+3.625000E-04
-9.8160000000E-01,+5.791667E-04
-9.8110000000E-01,+2.020833E-04
-9.8060000000E-01,+6.250000E-05
-9.8010000000E-01,+1.166667E-04
-9.7960000000E-01,+2.083333E-04
-9.7910000000E-01,+2.979167E-04
-9.7860000000E-01,+1.479167E-04
-9.7810000000E-01,+1.729167E-04
-9.7760000000E-01,+3.333333E-05
-9.7710000000E-01,+3.333333E-05
-9.7660000000E-01,+6.666667E-05
-9.7610000000E-01,-1.208333E-04
-9.7560000000E-01,-5.416667E-05
-9.7510000000E-01,-1.562500E-04
-9.7460000000E-01,-3.625000E-04
-9.7410000000E-01,-2.354167E-04
-9.7360000000E-01,-1.666667E-05
-9.7310000000E-01,-4.145833E-04
-9.7260000000E-01,-3.833333E-04
-9.7210000000E-01,-7.083333E-04
-9.7160000000E-01,-3.812500E-04
-9.7110000000E-01,-2.791667E-04
-9.7060000000E-01,-4.354167E-04
-9.7010000000E-01,-3.604167E-04
-9.6960000000E-01,-4.833333E-04
-9.6910000000E-01,-7.354167E-04
-9.6860000000E-01,-4.708333E-04
-9.6810000000E-01,-4.541667E-04
-9.6760000000E-01,-5.270833E-04
-9.6710000000E-01,-6.250000E-04
-9.6660000000E-01,-8.020833E-04
-9.6610000000E-01,-9.395833E-04
-9.6560000000E-01,-3.750000E-04
-9.6510000000E-01,-5.354166E-04
-9.6460000000E-01,-7.750000E-04
-9.6410000000E-01,-6.541667E-04
-9.6360000000E-01,-9.791667E-04
-9.6310000000E-01,-8.312500E-04
-9.6260000000E-01,-8.395833E-04
-9.6210000000E-01,-7.520833E-04
-9.6160000000E-01,-7.395833E-04
-9.6110000000E-01,-1.093750E-03
-9.6060000000E-01,-9.291667E-04
-9.6010000000E-01,-9.333334E-04
-9.5960000000E-01,-7.041667E-04
-9.5910000000E-01,-8.625000E-04
-9.5860000000E-01,-9.250000E-04
-9.5810000000E-01,-1.152083E-03
-9.5760000000E-01,-1.177083E-03
-9.5710000000E-01,-1.004167E-03
-9.5660000000E-01,-9.937501E-04
-9.5610000000E-01,-9.687500E-04
-9.5560000000E-01,-1.541667E-03
-9.5510000000E-01,-1.108333E-03
-9.5460000000E-01,-9.750000E-04
-9.5410000000E-01,-8.479167E-04
-9.5360000000E-01,-7.729167E-04
-9.5310000000E-01,-1.116667E-03
-9.5260000000E-01,-1.237500E-03
-9.5210000000E-01,-1.368750E-03
-9.5160000000E-01,-9.958333E-04
-9.5110000000E-01,-7.500000E-04
-9.5060000000E-01,-1.441667E-03
-9.5010000000E-01,-1.139583E-03
-9.4960000000E-01,-1.164583E-03
-9.4910000000E-01,-1.454167E-03
-9.4860000000E-01,-8.583334E-04
-9.4810000000E-01,-8.291667E-04
-9.4760000000E-01,-9.687500E-04
-9.4710000000E-01,-9.375000E-04
-9.4660000000E-01,-1.075000E-03
-9.4610000000E-01,-1.177083E-03
-9.4560000000E-01,-7.479167E-04
-9.4510000000E-01,-5.291667E-04
-9.4460000000E-01,-8.916667E-04
-9.4410000000E-01,-9.958333E-04
-9.4360000000E-01,-1.093750E-03
-9.4310000000E-01,-6.291667E-04
-9.4260000000E-01,-6.916667E-04
-9.4210000000E-01,-6.645833E-04
-9.4160000000E-01,-1.012500E-03
-9.4110000000E-01,-8.312500E-04
-9.4060000000E-01,-4.666667E-04
-9.4010000000E-01,-6.312500E-04
-9.3960000000E-01,-5.875000E-04
-9.3910000000E-01,-6.125000E-04
-9.3860000000E-01,-7.500000E-04
-9.3810000000E-01,-7.354167E-04
-9.3760000000E-01,-3.791667E-04
-9.3710000000E-01,-5.416667E-04
-9.3660000000E-01,-2.354167E-04
-9.3610000000E-01,-4.479167E-04
-9.3560000000E-01,-5.562500E-04
-9.3510000000E-01,-2.520834E-04
-9.3460000000E-01,+1.250000E-05
-9.3410000000E-01,-1.062500E-04
-9.3360000000E-01,+4.791667E-05
-9.3310000000E-01,-4.666667E-04
-9.3260000000E-01,-2.416667E-04
-9.3210000000E-01,-1.812500E-04
-9.3160000000E-01,+1.645833E-04
-9.3110000000E-01,+1.708333E-04
-9.3060000000E-01,+9.166667E-05
-9.3010000000E-01,-1.625000E-04
-9.2960000000E-01,+3.750000E-05
-9.2910000000E-01,+2.458333E-04
-9.2860000000E-01,+2.875000E-04
-9.2810000000E-01,+4.062500E-04
-9.2760000000E-01,+4.041667E-04
-9.2710000000E-01,+2.104167E-04
-9.2660000000E-01,+2.333333E-04
-9.2610000000E-01,+5.187500E-04
-9.2560000000E-01,+4.979167E-04
-9.2510000000E-01,+5.812500E-04
-9.2460000000E-01,+3.708333E-04
-9.2410000000E-01,+3.041667E-04
-9.2360000000E-01,+3.979167E-04
-9.2310000000E-01,+8.708333E-04
-9.2260000000E-01,+7.354167E-04
-9.2210000000E-01,+5.166667E-04
-9.2160000000E-01,+7.020833E-04
-9.2110000000E-01,+5.208334E-04
-9.2060000000E-01,+8.729167E-04
-9.2010000000E-01,+7.520833E-04
-9.1960000000E-01,+9.270834E-04
-9.1910000000E-01,+5.895834E-04
-9.1860000000E-01,+6.395833E-04
-9.1810000000E-01,+9.916667E-04
-9.1760000000E-01,+9.770833E-04
-9.1710000000E-01,+9.208333E-04
-9.1660000000E-01,+8.729167E-04
-9.1610000000E-01,+6.250000E-04
-9.1560000000E-01,+6.583334E-04
-9.1510000000E-01,+8.687500E-04
-9.1460000000E-01,+1.104167E-03
-9.1410000000E-01,+9.250000E-04
-9.1360000000E-01,+8.270834E-04
-9.1310000000E-01,+4.916667E-04
-9.1260000000E-01,+7.666667E-04
-9.1210000000E-01,+1.152083E-03
-9.1160000000E-01,+1.410417E-03
-9.1110000000E-01,+8.729167E-04
-9.1060000000E-01,+8.437500E-04
-9.1010000000E-01,+7.458333E-04
-9.0960000000E-01,+8.770833E-04
-9.0910000000E-01,+9.791667E-04
-9.0860000000E-01,+8.312500E-04
-9.0810000000E-01,+8.166667E-04
-9.0760000000E-01,+4.916667E-04
-9.0710000000E-01,+4.500000E-04
-9.0660000000E-01,+6.729166E-04
-9.0610000000E-01,+1.075000E-03
-9.0560000000E-01,+9.458333E-04
-9.0510000000E-01,+4.437500E-04
-9.0460000000E-01,+3.937500E-04
-9.0410000000E-01,+6.770833E-04
-9.0360000000E-01,+8.562500E-04
-9.0310000000E-01,+9.437500E-04
-9.0260000000E-01,+5.208334E-04
-9.0210000000E-01,+4.666667E-04
-9.0160000000E-01,+3.562500E-04
-9.0110000000E-01,+6.625000E-04
-9.0060000000E-01,+5.187500E-04
-9.0010000000E-01,+5.854167E-04
-8.9960000000E-01,+1.979167E-04
-8.9910000000E-01,+3.958333E-04
-8.9860000000E-01,+2.625000E-04
-8.9810000000E-01,+4.500000E-04
-8.9760000000E-01,+4.437500E-04
-8.9710000000E-01,+1.375000E-04
-8.9660000000E-01,+2.166667E-04
-8.9610000000E-01,+4.166667E-05
-8.9560000000E-01,+1.041667E-04
-8.9510000000E-01,+2.312500E-04
-8.9460000000E-01,+2.916667E-04
-8.9410000000E-01,-7.500000E-05
-8.9360000000E-01,-2.104167E-04
-8.9310000000E-01,+1.812500E-04
-8.9260000000E-01,+3.541667E-05
-8.9210000000E-01,+1.208333E-04
-8.9160000000E-01,+8.750000E-05
-8.9110000000E-01,-2.041667E-04
-8.9060000000E-01,-4.541667E-04
-8.9010000000E-01,-1.145833E-04
-8.8960000000E-01,-9.791667E-05
-8.8910000000E-01,+5.625000E-05
-8.8860000000E-01,-2.541667E-04
-8.8810000000E-01,-2.791667E-04
-8.8760000000E-01,-6.375000E-04
-8.8710000000E-01,-4.583334E-04
-8.8660000000E-01,-3.062500E-04
-8.8610000000E-01,+4.791667E-05
-8.8560000000E-01,-5.291667E-04
-8.8510000000E-01,-6.937500E-04
-8.8460000000E-01,-6.583334E-04
-8.8410000000E-01,-5.750000E-04
-8.8360000000E-01,-3.520833E-04
-8.8310000000E-01,-6.312500E-04
-8.8260000000E-01,-7.104167E-04
-8.8210000000E-01,-6.187500E-04
-8.8160000000E-01,-6.625000E-04
-8.8110000000E-01,-5.895834E-04
-8.8060000000E-01,-6.229167E-04
-8.8010000000E-01,-6.875000E-04
-8.7960000000E-01,-8.833333E-04
-8.7910000000E-01,-5.750000E-04
-8.7860000000E-01,-9.250000E-04
-8.7810000000E-01,-7.083333E-04
-8.7760000000E-01,-8.395833E-04
-8.7710000000E-01,-1.070833E-03
-8.7660000000E-01,-1.129167E-03
-8.7610000000E-01,-1.120833E-03
-8.7560000000E-01,-5.979167E-04
-8.7510000000E-01,-5.895834E-04
-8.7460000000E-01,-6.229167E-04
-8.7410000000E-01,-1.308333E-03
-8.7360000000E-01,-1.281250E-03
-8.7310000000E-01,-8.208333E-04
-8.7260000000E-01,-9.562500E-04
-8.7210000000E-01,-7.895834E-04
-8.7160000000E-01,-9.729167E-04
-8.7110000000E-01,-1.168750E-03
-8.7060000000E-01,-1.197917E-03
-8.7010000000E-01,-1.241667E-03
-8.6960000000E-01,-9.812500E-04
-8.6910000000E-01,-8.583334E-04
-8.6860000000E-01,-9.375000E-04
-8.6810000000E-01,-1.091667E-03
-8.6760000000E-01,-1.158333E-03
-8.6710000000E-01,-8.812500E-04
-8.6660000000E-01,-8.458333E-04
-8.6610000000E-01,-9.104167E-04
-8.6560000000E-01,-1.183333E-03
-8.6510000000E-01,-1.191667E-03
-8.6460000000E-01,-8.250000E-04
-8.6410000000E-01,-6.541667E-04
-8.6360000000E-01,-8.375000E-04
-8.6310000000E-01,-9.729167E-04
-8.6260000000E-01,-1.112500E-03
-8.6210000000E-01,-8.770833E-04
-8.6160000000E-01,-9.583334E-04
-8.6110000000E-01,-9.812500E-04
-8.6060000000E-01,-9.958333E-04
-8.6010000000E-01,-8.187500E-04
-8.5960000000E-01,-8.312500E-04
-8.5910000000E-01,-7.645834E-04
-8.5860000000E-01,-6.937500E-04
-8.5810000000E-01,-6.020833E-04
-8.5760000000E-01,-8.250000E-04
-8.5710000000E-01,-1.027083E-03
-8.5660000000E-01,-9.770833E-04
-8.5610000000E-01,-6.229167E-04
-8.5560000000E-01,-4.500000E-04
-8.5510000000E-01,-3.541667E-04
-8.5460000000E-01,-6.895834E-04
-8.5410000000E-01,-7.270834E-04
-8.5360000000E-01,-3.187500E-04
-8.5310000000E-01,-3.791667E-04
-8.5260000000E-01,-1.395833E-04
-8.5210000000E-01,-4.625000E-04
-8.5160000000E-01,-3.562500E-04
-8.5110000000E-01,-2.687500E-04
-8.5060000000E-01,-4.562500E-04
-8.5010000000E-01,-2.708334E-05
-8.4960000000E-01,+2.916667E-05
-8.4910000000E-01,-2.187500E-04
-8.4860000000E-01,-3.895834E-04
-8.4810000000E-01,-5.833333E-05
-8.4760000000E-01,+5.416667E-05
-8.4710000000E-01,+3.125000E-04
-8.4660000000E-01,+2.083333E-05
-8.4610000000E-01,-6.666667E-05
-8.4560000000E-01,+2.291667E-05
-8.4510000000E-01,+3.750000E-04
-8.4460000000E-01,+4.125000E-04
-8.4410000000E-01,+5.395833E-04
-8.4360000000E-01,+3.416667E-04
-8.4310000000E-01,+3.458333E-04
-8.4260000000E-01,+8.958333E-05
-8.4210000000E-01,+5.291667E-04
-8.4160000000E-01,+5.104167E-04
-8.4110000000E-01,+5.437500E-04
-8.4060000000E-01,+2.937500E-04
-8.4010000000E-01,+3.729167E-04
-8.3960000000E-01,+5.437500E-04
-8.3910000000E-01,+5.083333E-04
-8.3860000000E-01,+6.041666E-04
-8.3810000000E-01,+3.500000E-04
-8.3760000000E-01,+5.145833E-04
-8.3710000000E-01,+3.937500E-04
-8.3660000000E-01,+6.833333E-04
-8.3610000000E-01,+8.916667E-04
-8.3560000000E-01,+5.166667E-04
-8.3510000000E-01,+9.750000E-04
-8.3460000000E-01,+3.041667E-04
-8.3410000000E-01,+7.208333E-04
-8.3360000000E-01,+9.520833E-04
-8.3310000000E-01,+7.937500E-04
-8.3260000000E-01,+1.054167E-03
-8.3210000000E-01,+4.833333E-04
-8.3160000000E-01,+6.291667E-04
-8.3110000000E-01,+6.937500E-04
-8.3060000000E-01,+9.770833E-04
-8.3010000000E-01,+9.541667E-04
-8.2960000000E-01,+7.729167E-04
-8.2910000000E-01,+7.187500E-04
-8.2860000000E-01,+7.270834E-04
-8.2810000000E-01,+9.937501E-04
-8.2760000000E-01,+1.045833E-03
-8.2710000000E-01,+1.047917E-03
-8.2660000000E-01,+8.104166E-04
-8.2610000000E-01,+6.666667E-04
-8.2560000000E-01,+8.479167E-04
-8.2510000000E-01,+8.520833E-04
-8.2460000000E-01,+9.333334E-04
-8.2410000000E-01,+7.604167E-04
-8.2360000000E-01,+4.687500E-04
-8.2310000000E-01,+6.500000E-04
-8.2260000000E-01,+7.500000E-04
-8.2210000000E-01,+9.020834E-04
-8.2160000000E-01,+5.208334E-04
-8.2110000000E-01,+6.333333E-04
-8.2060000000E-01,+5.041666E-04
-8.2010000000E-01,+3.833333E-04
-8.1960000000E-01,+9.520833E-04
-8.1910000000E-01,+9.770833E-04
-8.1860000000E-01,+6.437500E-04
-8.1810000000E-01,+1.458333E-04
-8.1760000000E-01,+6.250000E-04
-8.1710000000E-01,+6.270834E-04
-8.1660000000E-01,+8.395833E-04
-8.1610000000E-01,+4.916667E-04
-8.1560000000E-01,+4.979167E-04
-8.1510000000E-01,+1.583333E-04
-8.1460000000E-01,-2.708334E-05
-8.1410000000E-01,+6.520833E-04
-8.1360000000E-01,+4.895834E-04
-8.1310000000E-01,+4.437500E-04
-8.1260000000E-01,+2.208333E-04
-8.1210000000E-01,+7.708334E-05
-8.1160000000E-01,+1.062500E-04
-8.1110000000E-01,+2.791667E-04
-8.1060000000E-01,+2.208333E-04
-8.1010000000E-01,+1.791667E-04
-8.0960000000E-01,-8.750000E-05
-8.0910000000E-01,-1.562500E-04
-8.0860000000E-01,+3.833333E-04
-8.0810000000E-01,+2.166667E-04
-8.0760000000E-01,-6.666667E-05
-8.0710000000E-01,-2.562500E-04
-8.0660000000E-01,-3.166667E-04
-8.0610000000E-01,-1.875000E-04
-8.0560000000E-01,-1.312500E-04
-8.0510000000E-01,-1.333333E-04
-8.0460000000E-01,-7.083334E-05
-8.0410000000E-01,-2.354167E-04
-8.0360000000E-01,-5.687500E-04
-8.0310000000E-01,-3.145833E-04
-8.0260000000E-01,-2.958333E-04
-8.0210000000E-01,-1.979167E-04
-8.0160000000E-01,-7.125000E-04
-8.0110000000E-01,-6.562500E-04
-8.0060000000E-01,-7.541667E-04
-8.0010000000E-01,-6.270834E-04
-7.9960000000E-01,-3.479167E-04
-7.9910000000E-01,-6.104167E-04
-7.9860000000E-01,-6.520834E-04
-7.9810000000E-01,-9.229167E-04
-7.9760000000E-01,-7.541667E-04
-7.9710000000E-01,-6.979167E-04
-7.9660000000E-01,-6.000000E-04
-7.9610000000E-01,-7.354167E-04
-7.9560000000E-01,-1.039583E-03
-7.9510000000E-01,-1.104167E-03
-7.9460000000E-01,-6.645833E-04
-7.9410000000E-01,-7.812500E-04
-7.9360000000E-01,-9.708334E-04
-7.9310000000E-01,-1.035417E-03
-7.9260000000E-01,-9.895833E-04
-7.9210000000E-01,-1.083333E-03
-7.9160000000E-01,-1.068750E-03
-7.9110000000E-01,-7.583334E-04
-7.9060000000E-01,-1.027083E-03
-7.9010000000E-01,-9.645834E-04
-7.8960000000E-01,-1.277083E-03
-7.8910000000E-01,-1.189583E-03
-7.8860000000E-01,-8.166667E-04
-7.8810000000E-01,-8.604167E-04
-7.8760000000E-01,-1.012500E-03
-7.8710000000E-01,-1.097917E-03
-7.8660000000E-01,-1.185417E-03
-7.8610000000E-01,-9.729167E-04
-7.8560000000E-01,-9.583334E-04
-7.8510000000E-01,-1.075000E-03
-7.8460000000E-01,-1.160417E-03
-7.8410000000E-01,-1.366667E-03
-7.8360000000E-01,-1.293750E-03
-7.8310000000E-01,-5.104167E-04
-7.8260000000E-01,-9.645834E-04
-7.8210000000E-01,-9.958333E-04
-7.8160000000E-01,-1.008333E-03
-7.8110000000E-01,-1.260417E-03
-7.8060000000E-01,-1.014583E-03
-7.8010000000E-01,-1.060417E-03
-7.7960000000E-01,-9.083333E-04
-7.7910000000E-01,-1.095833E-03
-7.7860000000E-01,-1.481250E-03
-7.7810000000E-01,-7.020833E-04
-7.7760000000E-01,-8.000000E-04
-7.7710000000E-01,-5.687500E-04
-7.7660000000E-01,-9.062500E-04
-7.7610000000E-01,-1.033333E-03
-7.7560000000E-01,-1.050000E-03
-7.7510000000E-01,-5.916667E-04
-7.7460000000E-01,-6.937500E-04
-7.7410000000E-01,-6.708333E-04
-7.7360000000E-01,-6.895834E-04
-7.7310000000E-01,-8.479167E-04
-7.7260000000E-01,-4.208333E-04
-7.7210000000E-01,-6.937500E-04
-7.7160000000E-01,-4.520833E-04
-7.7110000000E-01,-5.208334E-04
-7.7060000000E-01,-5.833333E-04
-7.7010000000E-01,-5.416667E-04
-7.6960000000E-01,-6.875000E-04
-7.6910000000E-01,-4.291667E-04
-7.6860000000E-01,-6.041667E-05
-7.6810000000E-01,-3.166667E-04
-7.6760000000E-01,-3.416667E-04
-7.6710000000E-01,-4.604167E-04
-7.6660000000E-01,-4.250000E-04
-7.6610000000E-01,-1.666667E-05
-7.6560000000E-01,+2.708333E-05
-7.6510000000E-01,-4.166667E-05
-7.6460000000E-01,-2.875000E-04
-7.6410000000E-01,-1.812500E-04
-7.6360000000E-01,+2.354167E-04
-7.6310000000E-01,+6.875000E-05
-7.6260000000E-01,+2.145833E-04
-7.6210000000E-01,+5.833333E-05
-7.6160000000E-01,+1.000000E-04
-7.6110000000E-01,-7.916667E-05
-7.6060000000E-01,+3.270833E-04
-7.6010000000E-01,+3.187500E-04
-7.5960000000E-01,+5.125000E-04
-7.5910000000E-01,+2.687500E-04
-7.5860000000E-01,+3.333333E-04
-7.5810000000E-01,+4.083333E-04
-7.5760000000E-01,+4.354167E-04
-7.5710000000E-01,+4.583334E-04
-7.5660000000E-01,+4.020833E-04
-7.5610000000E-01,+3.083333E-04
-7.5560000000E-01,+5.250000E-04
-7.5510000000E-01,+5.729166E-04
-7.5460000000E-01,+6.291667E-04
-7.5410000000E-01,+5.291667E-04
-7.5360000000E-01,+4.395833E-04
-7.5310000000E-01,+4.250000E-04
-7.5260000000E-01,+6.937500E-04
-7.5210000000E-01,+6.208334E-04
-7.5160000000E-01,+7.937500E-04
-7.5110000000E-01,+6.854167E-04
-7.5060000000E-01,+7.833333E-04
-7.5010000000E-01,+6.875000E-04
-7.4960000000E-01,+6.729166E-04
-7.4910000000E-01,+1.139583E-03
-7.4860000000E-01,+1.291667E-03
-7.4810000000E-01,+6.583334E-04
-7.4760000000E-01,+6.729166E-04
-7.4710000000E-01,+6.895834E-04
-7.4660000000E-01,+9.520833E-04
-7.4610000000E-01,+9.979167E-04
-7.4560000000E-01,+5.729166E-04
-7.4510000000E-01,+5.416667E-04
-7.4460000000E-01,+5.833333E-04
-7.4410000000E-01,+1.064583E-03
-7.4360000000E-01,+1.025000E-03
-7.4310000000E-01,+8.833333E-04
-7.4260000000E-01,+7.083333E-04
-7.4210000000E-01,+7.375000E-04
-7.4160000000E-01,+7.000000E-04
-7.4110000000E-01,+6.916667E-04
-7.4060000000E-01,+1.493750E-03
-7.4010000000E-01,+7.770833E-04
-7.3960000000E-01,+5.416667E-04
-7.3910000000E-01,+4.520833E-04
-7.3860000000E-01,+6.291667E-04
-7.3810000000E-01,+8.208333E-04
-7.3760000000E-01,+9.541667E-04
-7.3710000000E-01,+6.312500E-04
-7.3660000000E-01,+2.895833E-04
-7.3610000000E-01,+6.083333E-04
-7.3560000000E-01,+1.029167E-03
-7.3510000000E-01,+8.604167E-04
-7.3460000000E-01,+5.520834E-04
-7.3410000000E-01,+3.708333E-04
-7.3360000000E-01,+5.833333E-04
-7.3310000000E-01,+4.979167E-04
-7.3260000000E-01,+5.375000E-04
-7.3210000000E-01,+4.708333E-04
-7.3160000000E-01,+5.375000E-04
-7.3110000000E-01,+3.291667E-04
-7.3060000000E-01,+2.750000E-04
-7.3010000000E-01,+4.291667E-04
-7.2960000000E-01,+1.087500E-03
-7.2910000000E-01,+5.812500E-04
-7.2860000000E-01,+2.145833E-04
-7.2810000000E-01,+2.145833E-04
-7.2760000000E-01,+6.458334E-05
-7.2710000000E-01,-6.250002E-06
-7.2660000000E-01,+4.229167E-04
-7.2610000000E-01,-6.250002E-06
-7.2560000000E-01,-4.750000E-04
-7.2510000000E-01,-1.541667E-04
-7.2460000000E-01,+2.500000E-04
-7.2410000000E-01,-3.125000E-05
-7.2360000000E-01,-4.166667E-05
-7.2310000000E-01,-1.791667E-04
-7.2260000000E-01,-3.083333E-04
-7.2210000000E-01,-2.958333E-04
-7.2160000000E-01,-2.291667E-04
-7.2110000000E-01,-1.437500E-04
-7.2060000000E-01,-8.125000E-05
-7.2010000000E-01,-5.541667E-04
-7.1960000000E-01,-5.770833E-04
-7.1910000000E-01,-4.187500E-04
-7.1860000000E-01,-5.208333E-05
-7.1810000000E-01,-2.500000E-05
-7.1760000000E-01,-5.541667E-04
-7.1710000000E-01,-8.479167E-04
-7.1660000000E-01,-6.833333E-04
-7.1610000000E-01,-2.312500E-04
-7.1560000000E-01,-2.104167E-04
-7.1510000000E-01,-3.875000E-04
-7.1460000000E-01,-8.187500E-04
-7.1410000000E-01,-9.333334E-04
-7.1360000000E-01,-6.562500E-04
-7.1310000000E-01,-6.750000E-04
-7.1260000000E-01,-6.229167E-04
-7.1210000000E-01,-9.187500E-04
-7.1160000000E-01,-9.395833E-04
-7.1110000000E-01,-8.333334E-04
-7.1060000000E-01,-9.854167E-04
-7.1010000000E-01,-5.354166E-04
-7.0960000000E-01,-6.854167E-04
-7.0910000000E-01,-6.958334E-04
-7.0860000000E-01,-1.025000E-03
-7.0810000000E-01,-1.027083E-03
-7.0760000000E-01,-7.791667E-04
-7.0710000000E-01,-5.937500E-04
-7.0660000000E-01,-1.014583E-03
-7.0610000000E-01,-1.185417E-03
-7.0560000000E-01,-1.143750E-03
-7.0510000000E-01,-8.250000E-04
-7.0460000000E-01,-8.937500E-04
-7.0410000000E-01,-1.022917E-03
-7.0360000000E-01,-1.120833E-03
-7.0310000000E-01,-1.164583E-03
-7.0260000000E-01,-1.081250E-03
-7.0210000000E-01,-9.833333E-04
-7.0160000000E-01,-9.604167E-04
-7.0110000000E-01,-8.729167E-04
-7.0060000000E-01,-1.306250E-03
-7.0010000000E-01,-1.122917E-03
-6.9960000000E-01,-1.404167E-03
-6.9910000000E-01,-8.854167E-04
-6.9860000000E-01,-8.375000E-04
-6.9810000000E-01,-8.666667E-04
-6.9760000000E-01,-1.297917E-03
-6.9710000000E-01,-1.175000E-03
-6.9660000000E-01,-8.604167E-04
-6.9610000000E-01,-6.958334E-04
-6.9560000000E-01,-9.062500E-04
-6.9510000000E-01,-9.645834E-04
-6.9460000000E-01,-1.054167E-03
-6.9410000000E-01,-9.187500E-04
-6.9360000000E-01,-8.937500E-04
-6.9310000000E-01,-7.583334E-04
-6.9260000000E-01,-7.291667E-04
-6.9210000000E-01,-9.687500E-04
-6.9160000000E-01,-8.062500E-04
-6.9110000000E-01,-8.333334E-04
-6.9060000000E-01,-6.937500E-04
-6.9010000000E-01,-6.145833E-04
-6.8960000000E-01,-7.229167E-04
-6.8910000000E-01,-7.083333E-04
-6.8860000000E-01,-9.000000E-04
-6.8810000000E-01,-1.010417E-03
-6.8760000000E-01,-2.041667E-04
-6.8710000000E-01,-3.562500E-04
-6.8660000000E-01,-5.104167E-04
-6.8610000000E-01,-6.520834E-04
-6.8560000000E-01,-5.937500E-04
-6.8510000000E-01,-3.020833E-04
-6.8460000000E-01,-2.812500E-04
-6.8410000000E-01,-3.500000E-04
-6.8360000000E-01,-1.708333E-04
-6.8310000000E-01,-6.666667E-04
-6.8260000000E-01,-4.625000E-04
-6.8210000000E-01,-2.583333E-04
-6.8160000000E-01,+1.416667E-04
-6.8110000000E-01,-3.645833E-04
-6.8060000000E-01,-1.833333E-04
-6.8010000000E-01,-7.500000E-05
-6.7960000000E-01,-4.375000E-05
-6.7910000000E-01,+6.458334E-05
-6.7860000000E-01,+2.145833E-04
-6.7810000000E-01,-2.083333E-05
-6.7760000000E-01,-3.750000E-05
-6.7710000000E-01,+6.041667E-05
-6.7660000000E-01,+3.291667E-04
-6.7610000000E-01,+4.166667E-04
-6.7560000000E-01,+1.937500E-04
-6.7510000000E-01,+2.437500E-04
-6.7460000000E-01,+1.416667E-04
-6.7410000000E-01,+6.958334E-04
-6.7360000000E-01,+6.562500E-04
-6.7310000000E-01,+5.833333E-04
-6.7260000000E-01,+5.604167E-04
-6.7210000000E-01,+3.041667E-04
-6.7160000000E-01,+4.041667E-04
-6.7110000000E-01,+4.979167E-04
-6.7060000000E-01,+4.229167E-04
-6.7010000000E-01,+6.437500E-04
-6.6960000000E-01,+5.375000E-04
-6.6910000000E-01,+3.375000E-04
-6.6860000000E-01,+5.625000E-04
-6.6810000000E-01,+7.541667E-04
-6.6760000000E-01,+8.854167E-04
-6.6710000000E-01,+4.291667E-04
-6.6660000000E-01,+7.687500E-04
-6.6610000000E-01,+6.958334E-04
-6.6560000000E-01,+7.979167E-04
-6.6510000000E-01,+9.291667E-04
-6.6460000000E-01,+9.416667E-04
-6.6410000000E-01,+8.145833E-04
-6.6360000000E-01,+8.312500E-04
-6.6310000000E-01,+6.791667E-04
-6.6260000000E-01,+7.937500E-04
-6.6210000000E-01,+7.250000E-04
-6.6160000000E-01,+8.145833E-04
-6.6110000000E-01,+6.854167E-04
-6.6060000000E-01,+6.187500E-04
-6.6010000000E-01,+6.437500E-04
-6.5960000000E-01,+8.187500E-04
-6.5910000000E-01,+1.135417E-03
-6.5860000000E-01,+8.270834E-04
-6.5810000000E-01,+5.833333E-04
-6.5760000000E-01,+7.520833E-04
-6.5710000000E-01,+7.687500E-04
-6.5660000000E-01,+1.010417E-03
-6.5610000000E-01,+6.187500E-04
-6.5560000000E-01,+8.687500E-04
-6.5510000000E-01,+7.104167E-04
-6.5460000000E-01,+5.812500E-04
-6.5410000000E-01,+7.562500E-04
-6.5360000000E-01,+7.812500E-04
-6.5310000000E-01,+6.437500E-04
-6.5260000000E-01,+4.395833E-04
-6.5210000000E-01,+5.416667E-04
-6.5160000000E-01,+7.062500E-04
-6.5110000000E-01,+8.250000E-04
-6.5060000000E-01,+7.166667E-04
-6.5010000000E-01,+6.979167E-04
-6.4960000000E-01,+2.541667E-04
-6.4910000000E-01,+3.083333E-04
-6.4860000000E-01,+4.875000E-04
-6.4810000000E-01,+5.479167E-04
-6.4760000000E-01,+5.916667E-04
-6.4710000000E-01,+2.875000E-04
-6.4660000000E-01,+2.395833E-04
-6.4610000000E-01,+3.666667E-04
-6.4560000000E-01,+3.062500E-04
-6.4510000000E-01,+3.583333E-04
-6.4460000000E-01,+3.958333E-04
-6.4410000000E-01,+3.916667E-04
-6.4360000000E-01,+2.479167E-04
-6.4310000000E-01,+5.416667E-05
-6.4260000000E-01,+3.604167E-04
-6.4210000000E-01,+2.250000E-04
-6.4160000000E-01,+1.937500E-04
-6.4110000000E-01,-1.833333E-04
-6.4060000000E-01,-3.687500E-04
-6.4010000000E-01,-2.083333E-05
-6.3960000000E-01,+1.000000E-04
-6.3910000000E-01,-2.687500E-04
-6.3860000000E-01,-4.104167E-04
-6.3810000000E-01,-3.625000E-04
-6.3760000000E-01,-1.625000E-04
-6.3710000000E-01,-6.458334E-05
-6.3660000000E-01,-4.791667E-05
-6.3610000000E-01,-4.416667E-04
-6.3560000000E-01,-5.250000E-04
-6.3510000000E-01,-4.187500E-04
-6.3460000000E-01,-3.416667E-04
-6.3410000000E-01,-4.791667E-05
-6.3360000000E-01,-4.666667E-04
-6.3310000000E-01,-5.625000E-04
-6.3260000000E-01,-6.125000E-04
-6.3210000000E-01,-7.270834E-04
-6.3160000000E-01,-1.312500E-04
-6.3110000000E-01,-5.187500E-04
-6.3060000000E-01,-4.604167E-04
-6.3010000000E-01,-9.875001E-04
-6.2960000000E-01,-7.750000E-04
-6.2910000000E-01,-6.250000E-04
-6.2860000000E-01,-7.125000E-04
-6.2810000000E-01,-5.625000E-04
-6.2760000000E-01,-9.354167E-04
-6.2710000000E-01,-1.018750E-03
-6.2660000000E-01,-9.541667E-04
-6.2610000000E-01,-8.625000E-04
-6.2560000000E-01,-7.229167E-04
-6.2510000000E-01,-7.770833E-04
-6.2460000000E-01,-1.106250E-03
-6.2410000000E-01,-1.016667E-03
-6.2360000000E-01,-8.333334E-04
-6.2310000000E-01,-8.583334E-04
-6.2260000000E-01,-8.708333E-04
-6.2210000000E-01,-8.916667E-04
-6.2160000000E-01,-8.375000E-04
-6.2110000000E-01,-1.043750E-03
-6.2060000000E-01,-1.052083E-03
-6.2010000000E-01,-8.041667E-04
-6.1960000000E-01,-8.229167E-04
-6.1910000000E-01,-1.195833E-03
-6.1860000000E-01,-1.243750E-03
-6.1810000000E-01,-1.141667E-03
-6.1760000000E-01,-9.083333E-04
-6.1710000000E-01,-9.395833E-04
-6.1660000000E-01,-9.604167E-04
-6.1610000000E-01,-1.131250E-03
-6.1560000000E-01,-1.256250E-03
-6.1510000000E-01,-1.110417E-03
-6.1460000000E-01,-4.979167E-04
-6.1410000000E-01,-9.270834E-04
-6.1360000000E-01,-9.916667E-04
-6.1310000000E-01,-1.064583E-03
-6.1260000000E-01,-1.212500E-03
-6.1210000000E-01,-1.025000E-03
-6.1160000000E-01,-7.708333E-04
-6.1110000000E-01,-8.958334E-04
-6.1060000000E-01,-1.214583E-03
-6.1010000000E-01,-1.039583E-03
-6.0960000000E-01,-9.416667E-04
-6.0910000000E-01,-7.479167E-04
-6.0860000000E-01,-4.416667E-04
-6.0810000000E-01,-8.312500E-04
-6.0760000000E-01,-1.058333E-03
-6.0710000000E-01,-8.958334E-04
-6.0660000000E-01,-7.395833E-04
-6.0610000000E-01,-5.937500E-04
-6.0560000000E-01,-4.208333E-04
-6.0510000000E-01,-6.479167E-04
-6.0460000000E-01,-8.979167E-04
-6.0410000000E-01,-6.416667E-04
-6.0360000000E-01,-6.083333E-04
-6.0310000000E-01,-4.875000E-04
-6.0260000000E-01,-4.145833E-04
-6.0210000000E-01,-5.062500E-04
-6.0160000000E-01,-8.312500E-04
-6.0110000000E-01,-7.479167E-04
-6.0060000000E-01,-2.312500E-04
-6.0010000000E-01,-3.208334E-04
-5.9960000000E-01,-4.375000E-04
-5.9910000000E-01,-3.916667E-04
-5.9860000000E-01,-3.708334E-04
-5.9810000000E-01,-1.666667E-04
-5.9760000000E-01,-3.541667E-05
-5.9710000000E-01,-1.541667E-04
-5.9660000000E-01,-2.291667E-04
-5.9610000000E-01,-2.250000E-04
-5.9560000000E-01,-1.041667E-05
-5.9510000000E-01,-5.833333E-05
-5.9460000000E-01,+6.666667E-05
-5.9410000000E-01,+3.312500E-04
-5.9360000000E-01,+8.750000E-05
-5.9310000000E-01,+5.000000E-05
-5.9260000000E-01,+8.125000E-05
-5.9210000000E-01,+5.250000E-04
-5.9160000000E-01,+4.395833E-04
-5.9110000000E-01,+1.875000E-04
-5.9060000000E-01,+1.354167E-04
-5.9010000000E-01,+1.562500E-04
-5.8960000000E-01,+5.812500E-04
-5.8910000000E-01,+5.166667E-04
-5.8860000000E-01,+6.812500E-04
-5.8810000000E-01,+3.208333E-04
-5.8760000000E-01,+2.437500E-04
-5.8710000000E-01,+5.375000E-04
-5.8660000000E-01,+6.770833E-04
-5.8610000000E-01,+6.479167E-04
-5.8560000000E-01,+3.916667E-04
-5.8510000000E-01,+5.416667E-04
-5.8460000000E-01,+6.395833E-04
-5.8410000000E-01,+6.958334E-04
-5.8360000000E-01,+7.416666E-04
-5.8310000000E-01,+8.416667E-04
-5.8260000000E-01,+6.937500E-04
-5.8210000000E-01,+6.291667E-04
-5.8160000000E-01,+6.166667E-04
-5.8110000000E-01,+6.416666E-04
-5.8060000000E-01,+8.750000E-04
-5.8010000000E-01,+6.854167E-04
-5.7960000000E-01,+6.375000E-04
-5.7910000000E-01,+6.187500E-04
-5.7860000000E-01,+8.645834E-04
-5.7810000000E-01,+1.025000E-03
-5.7760000000E-01,+7.104167E-04
-5.7710000000E-01,+6.854167E-04
-5.7660000000E-01,+6.812500E-04
-5.7610000000E-01,+6.375000E-04
-5.7560000000E-01,+6.541667E-04
-5.7510000000E-01,+1.095833E-03
-5.7460000000E-01,+1.016667E-03
-5.7410000000E-01,+9.625000E-04
-5.7360000000E-01,+5.937500E-04
-5.7310000000E-01,+5.166667E-04
-5.7260000000E-01,+9.812500E-04
-5.7210000000E-01,+9.020834E-04
-5.7160000000E-01,+8.958334E-04
-5.7110000000E-01,+7.291667E-04
-5.7060000000E-01,+7.395833E-04
-5.7010000000E-01,+5.354166E-04
-5.6960000000E-01,+1.160417E-03
-5.6910000000E-01,+1.004167E-03
-5.6860000000E-01,+6.020833E-04
-5.6810000000E-01,+6.854167E-04
-5.6760000000E-01,+2.312500E-04
-5.6710000000E-01,+5.187500E-04
-5.6660000000E-01,+7.020833E-04
-5.6610000000E-01,+6.958334E-04
-5.6560000000E-01,+5.541667E-04
-5.6510000000E-01,+4.812500E-04
-5.6460000000E-01,+4.125000E-04
-5.6410000000E-01,+5.125000E-04
-5.6360000000E-01,+6.541667E-04
-5.6310000000E-01,+5.458333E-04
-5.6260000000E-01,+2.687500E-04
-5.6210000000E-01,+1.416667E-04
-5.6160000000E-01,+9.166667E-05
-5.6110000000E-01,+4.687500E-04
-5.6060000000E-01,+6.333333E-04
-5.6010000000E-01,-1.333333E-04
-5.5960000000E-01,-2.166667E-04
-5.5910000000E-01,+1.187500E-04
-5.5860000000E-01,+2.812500E-04
-5.5810000000E-01,+2.000000E-04
-5.5760000000E-01,-7.916667E-05
-5.5710000000E-01,-4.166667E-05
-5.5660000000E-01,-8.750000E-05
-5.5610000000E-01,-6.458334E-05
-5.5560000000E-01,+6.250000E-05
-5.5510000000E-01,+6.458334E-05
-5.5460000000E-01,-2.291667E-05
-5.5410000000E-01,-1.979167E-04
-5.5360000000E-01,-5.333333E-04
-5.5310000000E-01,-6.479167E-04
-5.5260000000E-01,-1.145833E-04
-5.5210000000E-01,-1.187500E-04
-5.5160000000E-01,-2.333333E-04
-5.5110000000E-01,-5.375000E-04
-5.5060000000E-01,-7.208334E-04
-5.5010000000E-01,-4.270833E-04
-5.4960000000E-01,-2.041667E-04
-5.4910000000E-01,-4.958333E-04
-5.4860000000E-01,-7.750000E-04
-5.4810000000E-01,-6.937500E-04
-5.4760000000E-01,-7.083333E-04
-5.4710000000E-01,-4.875000E-04
-5.4660000000E-01,-6.875000E-04
-5.4610000000E-01,-4.875000E-04
-5.4560000000E-01,-6.875000E-04
-5.4510000000E-01,-7.645834E-04
-5.4460000000E-01,-9.000000E-04
-5.4410000000E-01,-6.520834E-04
-5.4360000000E-01,-6.854167E-04
-5.4310000000E-01,-8.625000E-04
-5.4260000000E-01,-1.089583E-03
-5.4210000000E-01,-1.114583E-03
-5.4160000000E-01,-1.177083E-03
-5.4110000000E-01,-7.375000E-04
-5.4060000000E-01,-7.000000E-04
-5.4010000000E-01,-1.193750E-03
-5.3960000000E-01,-1.239583E-03
-5.3910000000E-01,-7.500000E-04
-5.3860000000E-01,-7.125000E-04
-5.3810000000E-01,-1.022917E-03
-5.3760000000E-01,-9.604167E-04
-5.3710000000E-01,-9.916667E-04
-5.3660000000E-01,-1.052083E-03
-5.3610000000E-01,-9.770833E-04
-5.3560000000E-01,-1.066667E-03
-5.3510000000E-01,-1.047917E-03
-5.3460000000E-01,-1.360417E-03
-5.3410000000E-01,-1.358333E-03
-5.3360000000E-01,-1.285417E-03
-5.3310000000E-01,-8.416667E-04
-5.3260000000E-01,-8.541667E-04
-5.3210000000E-01,-1.002083E-03
-5.3160000000E-01,-1.227083E-03
-5.3110000000E-01,-1.150000E-03
-5.3060000000E-01,-7.020833E-04
-5.3010000000E-01,-6.687500E-04
-5.2960000000E-01,-8.520833E-04
-5.2910000000E-01,-1.377083E-03
-5.2860000000E-01,-1.035417E-03
-5.2810000000E-01,-1.060417E-03
-5.2760000000E-01,-7.666667E-04
-5.2710000000E-01,-9.854167E-04
-5.2660000000E-01,-9.020834E-04
-5.2610000000E-01,-9.562500E-04
-5.2560000000E-01,-9.708334E-04
-5.2510000000E-01,-9.979167E-04
-5.2460000000E-01,-8.229167E-04
-5.2410000000E-01,-5.250000E-04
-5.2360000000E-01,-6.500000E-04
-5.2310000000E-01,-1.018750E-03
-5.2260000000E-01,-9.500000E-04
-5.2210000000E-01,-5.166667E-04
-5.2160000000E-01,-6.645833E-04
-5.2110000000E-01,-5.937500E-04
-5.2060000000E-01,-9.875001E-04
-5.2010000000E-01,-9.250000E-04
-5.1960000000E-01,-6.666667E-04
-5.1910000000E-01,-3.250000E-04
-5.1860000000E-01,-3.958333E-04
-5.1810000000E-01,-4.333333E-04
-5.1760000000E-01,-6.395833E-04
-5.1710000000E-01,-5.708333E-04
-5.1660000000E-01,-5.687500E-04
-5.1610000000E-01,-3.291667E-04
-5.1560000000E-01,-1.583333E-04
-5.1510000000E-01,-1.791667E-04
-5.1460000000E-01,-3.562500E-04
-5.1410000000E-01,-3.229167E-04
-5.1360000000E-01,-8.750000E-05
-5.1310000000E-01,+2.333333E-04
-5.1260000000E-01,-5.416667E-05
-5.1210000000E-01,-3.854167E-04
-5.1160000000E-01,-1.000000E-04
-5.1110000000E-01,-2.312500E-04
-5.1060000000E-01,+9.166667E-05
-5.1010000000E-01,+4.729167E-04
-5.0960000000E-01,+4.562500E-04
-5.0910000000E-01,+4.062500E-04
-5.0860000000E-01,-1.812500E-04
-5.0810000000E-01,+2.479167E-04
-5.0760000000E-01,+4.250000E-04
-5.0710000000E-01,+3.604167E-04
-5.0660000000E-01,+3.875000E-04
-5.0610000000E-01,+2.125000E-04
-5.0560000000E-01,+5.250000E-04
-5.0510000000E-01,+2.270833E-04
-5.0460000000E-01,+6.937500E-04
-5.0410000000E-01,+4.520833E-04
-5.0360000000E-01,+1.833333E-04
-5.0310000000E-01,+2.416667E-04
-5.0260000000E-01,+5.625000E-04
-5.0210000000E-01,+7.895833E-04
-5.0160000000E-01,+8.687500E-04
-5.0110000000E-01,+6.833333E-04
-5.0060000000E-01,+3.270833E-04
-5.0010000000E-01,+3.333333E-04
-4.9960000000E-01,+5.354166E-04
-4.9910000000E-01,+8.000000E-04
-4.9860000000E-01,+7.958334E-04
-4.9810000000E-01,+7.395833E-04
-4.9760000000E-01,+6.937500E-04
-4.9710000000E-01,+6.437500E-04
-4.9660000000E-01,+8.250000E-04
-4.9610000000E-01,+9.291667E-04
-4.9560000000E-01,+9.104167E-04
-4.9510000000E-01,+8.020833E-04
-4.9460000000E-01,+4.708333E-04
-4.9410000000E-01,+8.375000E-04
-4.9360000000E-01,+1.085417E-03
-4.9310000000E-01,+8.708333E-04
-4.9260000000E-01,+7.750000E-04
-4.9210000000E-01,+7.583334E-04
-4.9160000000E-01,+3.395833E-04
-4.9110000000E-01,+9.000000E-04
-4.9060000000E-01,+9.250000E-04
-4.9010000000E-01,+9.104167E-04
-4.8960000000E-01,+5.187500E-04
-4.8910000000E-01,+7.854167E-04
-4.8860000000E-01,+7.687500E-04
-4.8810000000E-01,+6.145833E-04
-4.8760000000E-01,+7.750000E-04
-4.8710000000E-01,+8.958334E-04
-4.8660000000E-01,+7.833333E-04
-4.8610000000E-01,+7.333333E-04
-4.8560000000E-01,+8.375000E-04
-4.8510000000E-01,+7.479167E-04
-4.8460000000E-01,+5.437500E-04
-4.8410000000E-01,+6.916667E-04
-4.8360000000E-01,+5.812500E-04
-4.8310000000E-01,+8.125000E-04
-4.8260000000E-01,+7.333333E-04
-4.8210000000E-01,+5.604167E-04
-4.8160000000E-01,+7.729167E-04
-4.8110000000E-01,+8.333333E-05
-4.8060000000E-01,+1.937500E-04
-4.8010000000E-01,+4.354167E-04
-4.7960000000E-01,+6.166667E-04
-4.7910000000E-01,+5.187500E-04
-4.7860000000E-01,+6.625000E-04
-4.7810000000E-01,+4.375000E-05
-4.7760000000E-01,+1.770833E-04
-4.7710000000E-01,+1.625000E-04
-4.7660000000E-01,+3.958333E-04
-4.7610000000E-01,+3.479167E-04
-4.7560000000E-01,+8.958333E-05
-4.7510000000E-01,+6.249998E-06
-4.7460000000E-01,+2.395833E-04
-4.7410000000E-01,+1.145833E-04
-4.7360000000E-01,+3.166667E-04
-4.7310000000E-01,+2.916667E-05
-4.7260000000E-01,-6.187500E-04
-4.7210000000E-01,-3.104167E-04
-4.7160000000E-01,-1.166667E-04
-4.7110000000E-01,+3.020833E-04
-4.7060000000E-01,+8.333332E-06
-4.7010000000E-01,-2.937500E-04
-4.6960000000E-01,-3.104167E-04
-4.6910000000E-01,-3.375000E-04
-4.6860000000E-01,-1.125000E-04
-4.6810000000E-01,-2.708333E-04
-4.6760000000E-01,-3.895834E-04
-4.6710000000E-01,-4.437500E-04
-4.6660000000E-01,-6.229167E-04
-4.6610000000E-01,-4.208333E-04
-4.6560000000E-01,-3.416667E-04
-4.6510000000E-01,-3.541667E-04
-4.6460000000E-01,-4.250000E-04
-4.6410000000E-01,-7.312500E-04
-4.6360000000E-01,-5.708333E-04
-4.6310000000E-01,-6.520834E-04
-4.6260000000E-01,-5.750000E-04
-4.6210000000E-01,-4.770833E-04
-4.6160000000E-01,-6.291667E-04
-4.6110000000E-01,-1.154167E-03
-4.6060000000E-01,-7.937500E-04
-4.6010000000E-01,-6.270834E-04
-4.5960000000E-01,-4.437500E-04
-4.5910000000E-01,-9.125000E-04
-4.5860000000E-01,-8.479167E-04
-4.5810000000E-01,-8.770833E-04
-4.5760000000E-01,-8.812500E-04
-4.5710000000E-01,-6.562500E-04
-4.5660000000E-01,-9.458333E-04
-4.5610000000E-01,-8.250000E-04
-4.5560000000E-01,-9.312500E-04
-4.5510000000E-01,-1.045833E-03
-4.5460000000E-01,-8.458333E-04
-4.5410000000E-01,-7.687500E-04
-4.5360000000E-01,-8.666667E-04
-4.5310000000E-01,-1.210417E-03
-4.5260000000E-01,-1.193750E-03
-4.5210000000E-01,-1.133333E-03
-4.5160000000E-01,-9.270834E-04
-4.5110000000E-01,-9.937501E-04
-4.5060000000E-01,-1.068750E-03
-4.5010000000E-01,-1.133333E-03
-4.4960000000E-01,-1.370833E-03
-4.4910000000E-01,-1.054167E-03
-4.4860000000E-01,-6.458333E-04
-4.4810000000E-01,-1.045833E-03
-4.4760000000E-01,-1.218750E-03
-4.4710000000E-01,-1.197917E-03
-4.4660000000E-01,-8.937500E-04
-4.4610000000E-01,-6.708333E-04
-4.4560000000E-01,-7.000000E-04
-4.4510000000E-01,-1.077083E-03
-4.4460000000E-01,-1.143750E-03
-4.4410000000E-01,-1.202083E-03
-4.4360000000E-01,-1.014583E-03
-4.4310000000E-01,-8.312500E-04
-4.4260000000E-01,-7.229167E-04
-4.4210000000E-01,-8.395833E-04
-4.4160000000E-01,-9.916667E-04
-4.4110000000E-01,-1.406250E-03
-4.4060000000E-01,-7.125000E-04
-4.4010000000E-01,-7.479167E-04
-4.3960000000E-01,-9.833333E-04
-4.3910000000E-01,-5.979167E-04
-4.3860000000E-01,-8.583334E-04
-4.3810000000E-01,-8.041667E-04
-4.3760000000E-01,-5.500000E-04
-4.3710000000E-01,-6.291667E-04
-4.3660000000E-01,-6.187500E-04
-4.3610000000E-01,-8.125000E-04
-4.3560000000E-01,-7.000000E-04
-4.3510000000E-01,-5.083333E-04
-4.3460000000E-01,-5.750000E-04
-4.3410000000E-01,-2.062500E-04
-4.3360000000E-01,-4.354167E-04
-4.3310000000E-01,-6.416667E-04
-4.3260000000E-01,-4.062500E-04
-4.3210000000E-01,-1.854167E-04
-4.3160000000E-01,-1.333333E-04
-4.3110000000E-01,-1.416667E-04
-4.3060000000E-01,-7.645834E-04
-4.3010000000E-01,-2.187500E-04
-4.2960000000E-01,-6.250000E-05
-4.2910000000E-01,-2.604167E-04
-4.2860000000E-01,+1.645833E-04
-4.2810000000E-01,+5.416667E-05
-4.2760000000E-01,-1.791667E-04
-4.2710000000E-01,-6.250002E-06
-4.2660000000E-01,+1.125000E-04
-4.2610000000E-01,+1.833333E-04
-4.2560000000E-01,+2.083333E-04
-4.2510000000E-01,+1.458333E-05
-4.2460000000E-01,+3.125000E-05
-4.2410000000E-01,+2.708333E-04
-4.2360000000E-01,+3.041667E-04
-4.2310000000E-01,+5.291667E-04
-4.2260000000E-01,+6.750000E-04
-4.2210000000E-01,+2.458333E-04
-4.2160000000E-01,+8.541666E-05
-4.2110000000E-01,+4.395833E-04
-4.2060000000E-01,+4.895834E-04
-4.2010000000E-01,+6.750000E-04
-4.1960000000E-01,+5.145833E-04
-4.1910000000E-01,+2.812500E-04
-4.1860000000E-01,+3.062500E-04
-4.1810000000E-01,+6.500000E-04
-4.1760000000E-01,+9.145833E-04
-4.1710000000E-01,+6.083333E-04
-4.1660000000E-01,+1.291667E-04
-4.1610000000E-01,+7.270834E-04
-4.1560000000E-01,+5.020833E-04
-4.1510000000E-01,+8.812500E-04
-4.1460000000E-01,+9.750000E-04
-4.1410000000E-01,+8.187500E-04
-4.1360000000E-01,+7.229167E-04
-4.1310000000E-01,+5.083333E-04
-4.1260000000E-01,+7.791667E-04
-4.1210000000E-01,+9.375000E-04
-4.1160000000E-01,+8.520833E-04
-4.1110000000E-01,+5.875000E-04
-4.1060000000E-01,+2.041667E-04
-4.1010000000E-01,+6.916667E-04
-4.0960000000E-01,+7.770833E-04
-4.0910000000E-01,+7.979167E-04
-4.0860000000E-01,+8.708333E-04
-4.0810000000E-01,+6.437500E-04
-4.0760000000E-01,+5.708333E-04
-4.0710000000E-01,+8.687500E-04
-4.0660000000E-01,+9.395833E-04
-4.0610000000E-01,+8.583334E-04
-4.0560000000E-01,+8.666667E-04
-4.0510000000E-01,+8.520833E-04
-4.0460000000E-01,+7.354167E-04
-4.0410000000E-01,+8.645834E-04
-4.0360000000E-01,+1.104167E-03
-4.0310000000E-01,+9.145833E-04
-4.0260000000E-01,+6.562500E-04
-4.0210000000E-01,+9.166667E-04
-4.0160000000E-01,+7.583334E-04
-4.0110000000E-01,+8.479167E-04
-4.0060000000E-01,+6.812500E-04
-4.0010000000E-01,+6.395833E-04
-3.9960000000E-01,+6.041666E-04
-3.9910000000E-01,+4.187500E-04
-3.9860000000E-01,+5.812500E-04
-3.9810000000E-01,+6.895834E-04
-3.9760000000E-01,+6.250000E-04
-3.9710000000E-01,+2.562500E-04
-3.9660000000E-01,+3.604167E-04
-3.9610000000E-01,+1.562500E-04
-3.9560000000E-01,+3.791667E-04
-3.9510000000E-01,+6.145833E-04
-3.9460000000E-01,+6.354167E-04
-3.9410000000E-01,+3.395833E-04
-3.9360000000E-01,+1.375000E-04
-3.9310000000E-01,+1.479167E-04
-3.9260000000E-01,+2.500000E-04
-3.9210000000E-01,+6.020833E-04
-3.9160000000E-01,-1.625000E-04
-3.9110000000E-01,+2.708333E-05
-3.9060000000E-01,+2.791667E-04
-3.9010000000E-01,+1.416667E-04
-3.8960000000E-01,+2.020833E-04
-3.8910000000E-01,+1.416667E-04
-3.8860000000E-01,-8.333335E-06
-3.8810000000E-01,-5.208333E-05
-3.8760000000E-01,-3.062500E-04
-3.8710000000E-01,-1.791667E-04
-3.8660000000E-01,+1.875000E-05
-3.8610000000E-01,-5.208333E-05
-3.8560000000E-01,-3.979167E-04
-3.8510000000E-01,-3.958333E-04
-3.8460000000E-01,-2.437500E-04
-3.8410000000E-01,-1.291667E-04
-3.8360000000E-01,+3.375000E-04
-3.8310000000E-01,-3.291667E-04
-3.8260000000E-01,-7.750000E-04
-3.8210000000E-01,-4.020833E-04
-3.8160000000E-01,-4.395834E-04
-3.8110000000E-01,-4.875000E-04
-3.8060000000E-01,-3.708334E-04
-3.8010000000E-01,-5.895834E-04
-3.7960000000E-01,-8.187500E-04
-3.7910000000E-01,-6.833333E-04
-3.7860000000E-01,-2.729167E-04
-3.7810000000E-01,-5.812500E-04
-3.7760000000E-01,-6.187500E-04
-3.7710000000E-01,-9.104167E-04
-3.7660000000E-01,-1.027083E-03
-3.7610000000E-01,-7.520833E-04
-3.7560000000E-01,-6.895834E-04
-3.7510000000E-01,-3.770833E-04
-3.7460000000E-01,-7.916667E-04
-3.7410000000E-01,-1.177083E-03
-3.7360000000E-01,-9.812500E-04
-3.7310000000E-01,-8.875000E-04
-3.7260000000E-01,-6.916667E-04
-3.7210000000E-01,-4.958333E-04
-3.7160000000E-01,-1.037500E-03
-3.7110000000E-01,-1.233333E-03
-3.7060000000E-01,-8.687500E-04
-3.7010000000E-01,-8.166667E-04
-3.6960000000E-01,-9.229167E-04
-3.6910000000E-01,-1.089583E-03
-3.6860000000E-01,-8.333334E-04
-3.6810000000E-01,-1.106250E-03
-3.6760000000E-01,-1.008333E-03
-3.6710000000E-01,-9.833333E-04
-3.6660000000E-01,-8.125000E-04
-3.6610000000E-01,-1.047917E-03
-3.6560000000E-01,-1.297917E-03
-3.6510000000E-01,-1.150000E-03
-3.6460000000E-01,-9.145833E-04
-3.6410000000E-01,-5.208334E-04
-3.6360000000E-01,-1.045833E-03
-3.6310000000E-01,-1.100000E-03
-3.6260000000E-01,-1.025000E-03
-3.6210000000E-01,-7.583334E-04
-3.6160000000E-01,-5.458333E-04
-3.6110000000E-01,-1.079167E-03
-3.6060000000E-01,-1.077083E-03
-3.6010000000E-01,-1.070833E-03
-3.5960000000E-01,-9.562500E-04
-3.5910000000E-01,-1.018750E-03
-3.5860000000E-01,-1.010417E-03
-3.5810000000E-01,-7.833333E-04
-3.5760000000E-01,-8.812500E-04
-3.5710000000E-01,-8.541667E-04
-3.5660000000E-01,-8.875000E-04
-3.5610000000E-01,-6.291667E-04
-3.5560000000E-01,-6.395833E-04
-3.5510000000E-01,-7.458333E-04
-3.5460000000E-01,-7.583334E-04
-3.5410000000E-01,-9.208333E-04
-3.5360000000E-01,-6.604167E-04
-3.5310000000E-01,-5.312500E-04
-3.5260000000E-01,-4.937500E-04
-3.5210000000E-01,-6.854167E-04
-3.5160000000E-01,-7.208334E-04
-3.5110000000E-01,-6.187500E-04
-3.5060000000E-01,-4.520833E-04
-3.5010000000E-01,-1.729167E-04
-3.4960000000E-01,-3.458333E-04
-3.4910000000E-01,-4.375000E-04
-3.4860000000E-01,-6.729166E-04
-3.4810000000E-01,-4.250000E-04
-3.4760000000E-01,-1.916667E-04
-3.4710000000E-01,-5.208333E-05
-3.4660000000E-01,-1.520833E-04
-3.4610000000E-01,-6.354167E-04
-3.4560000000E-01,-2.562500E-04
-3.4510000000E-01,-1.125000E-04
-3.4460000000E-01,-8.750000E-05
-3.4410000000E-01,+1.041666E-05
-3.4360000000E-01,-3.125000E-05
-3.4310000000E-01,-3.208334E-04
-3.4260000000E-01,-7.708334E-05
-3.4210000000E-01,+1.979167E-04
-3.4160000000E-01,+2.229167E-04
-3.4110000000E-01,+1.666667E-04
-3.4060000000E-01,+1.750000E-04
-3.4010000000E-01,+2.187500E-04
-3.3960000000E-01,+3.437500E-04
-3.3910000000E-01,-5.625000E-05
-3.3860000000E-01,+4.416667E-04
-3.3810000000E-01,+2.354167E-04
-3.3760000000E-01,+2.541667E-04
-3.3710000000E-01,+4.750000E-04
-3.3660000000E-01,+5.729166E-04
-3.3610000000E-01,+6.895834E-04
-3.3560000000E-01,+4.937500E-04
-3.3510000000E-01,+2.895833E-04
-3.3460000000E-01,+3.125000E-04
-3.3410000000E-01,+4.187500E-04
-3.3360000000E-01,+7.750000E-04
-3.3310000000E-01,+1.658333E-03
-3.3260000000E-01,+7.166667E-04
-3.3210000000E-01,+2.458333E-04
-3.3160000000E-01,+6.750000E-04
-3.3110000000E-01,+6.687500E-04
-3.3060000000E-01,+7.562500E-04
-3.3010000000E-01,+6.583334E-04
-3.2960000000E-01,+2.583333E-04
-3.2910000000E-01,+5.500000E-04
-3.2860000000E-01,+8.958334E-04
-3.2810000000E-01,+8.770833E-04
-3.2760000000E-01,+9.270834E-04
-3.2710000000E-01,+9.125000E-04
-3.2660000000E-01,+6.375000E-04
-3.2610000000E-01,+5.687500E-04
-3.2560000000E-01,+8.250000E-04
-3.2510000000E-01,+8.395833E-04
-3.2460000000E-01,+9.625000E-04
-3.2410000000E-01,+8.562500E-04
-3.2360000000E-01,+7.229167E-04
-3.2310000000E-01,+7.583334E-04
-3.2260000000E-01,+8.250000E-04
-3.2210000000E-01,+9.666667E-04
-3.2160000000E-01,+6.875000E-04
-3.2110000000E-01,+6.666667E-04
-3.2060000000E-01,+7.500000E-04
-3.2010000000E-01,+5.104167E-04
-3.1960000000E-01,+4.645833E-04
-3.1910000000E-01,+7.354167E-04
-3.1860000000E-01,+8.937500E-04
-3.1810000000E-01,+6.833333E-04
-3.1760000000E-01,+3.895833E-04
-3.1710000000E-01,+5.270833E-04
-3.1660000000E-01,+8.458333E-04
-3.1610000000E-01,+6.812500E-04
-3.1560000000E-01,+5.520834E-04
-3.1510000000E-01,+4.437500E-04
-3.1460000000E-01,+5.083333E-04
-3.1410000000E-01,+6.020833E-04
-3.1360000000E-01,+6.375000E-04
-3.1310000000E-01,+6.958334E-04
-3.1260000000E-01,+3.020833E-04
-3.1210000000E-01,-7.291667E-05
-3.1160000000E-01,+3.770833E-04
-3.1110000000E-01,+5.187500E-04
-3.1060000000E-01,+7.791667E-04
-3.1010000000E-01,+4.354167E-04
-3.0960000000E-01,+7.291666E-05
-3.0910000000E-01,+3.354167E-04
-3.0860000000E-01,+2.104167E-04
-3.0810000000E-01,+6.458334E-05
-3.0760000000E-01,+5.833333E-04
-3.0710000000E-01,+2.208333E-04
-3.0660000000E-01,-2.312500E-04
-3.0610000000E-01,-1.333333E-04
-3.0560000000E-01,+1.354167E-04
-3.0510000000E-01,+1.145833E-04
-3.0460000000E-01,+3.125000E-05
-3.0410000000E-01,-9.583333E-05
-3.0360000000E-01,-3.041667E-04
-3.0310000000E-01,-5.208333E-05
-3.0260000000E-01,+2.125000E-04
-3.0210000000E-01,-6.666667E-05
-3.0160000000E-01,-3.729167E-04
-3.0110000000E-01,-6.250000E-05
-3.0060000000E-01,-3.479167E-04
-3.0010000000E-01,-4.354167E-04
-2.9960000000E-01,-1.500000E-04
-2.9910000000E-01,-2.541667E-04
-2.9860000000E-01,-4.666667E-04
-2.9810000000E-01,-4.229167E-04
-2.9760000000E-01,-5.958333E-04
-2.9710000000E-01,-5.437500E-04
-2.9660000000E-01,-3.770833E-04
-2.9610000000E-01,-5.458333E-04
-2.9560000000E-01,-7.791667E-04
-2.9510000000E-01,-7.354167E-04
-2.9460000000E-01,-7.250000E-04
-2.9410000000E-01,-6.916667E-04
-2.9360000000E-01,-3.687500E-04
-2.9310000000E-01,-6.541667E-04
-2.9260000000E-01,-8.895833E-04
-2.9210000000E-01,-7.000000E-04
-2.9160000000E-01,-7.604167E-04
-2.9110000000E-01,-5.479167E-04
-2.9060000000E-01,-7.791667E-04
-2.9010000000E-01,-1.008333E-03
-2.8960000000E-01,-9.583334E-04
-2.8910000000E-01,-7.979167E-04
-2.8860000000E-01,-9.395833E-04
-2.8810000000E-01,-7.645834E-04
-2.8760000000E-01,-9.166667E-04
-2.8710000000E-01,-1.233333E-03
-2.8660000000E-01,-1.102083E-03
-2.8610000000E-01,-8.625000E-04
-2.8560000000E-01,-1.137500E-03
-2.8510000000E-01,-1.125000E-03
-2.8460000000E-01,-1.102083E-03
-2.8410000000E-01,-1.231250E-03
-2.8360000000E-01,-1.089583E-03
-2.8310000000E-01,-5.458333E-04
-2.8260000000E-01,-6.854167E-04
-2.8210000000E-01,-8.729167E-04
-2.8160000000E-01,-7.604167E-04
-2.8110000000E-01,-1.160417E-03
-2.8060000000E-01,-1.185417E-03
-2.8010000000E-01,-8.812500E-04
-2.7960000000E-01,-1.006250E-03
-2.7910000000E-01,-8.729167E-04
-2.7860000000E-01,-1.066667E-03
-2.7810000000E-01,-1.079167E-03
-2.7760000000E-01,-1.054167E-03
-2.7710000000E-01,-4.895834E-04
-2.7660000000E-01,-7.104167E-04
-2.7610000000E-01,-8.020833E-04
-2.7560000000E-01,-1.089583E-03
-2.7510000000E-01,-1.004167E-03
-2.7460000000E-01,-6.041666E-04
-2.7410000000E-01,-6.041666E-04
-2.7360000000E-01,-9.895833E-04
-2.7310000000E-01,-1.020833E-03
-2.7260000000E-01,-1.050000E-03
-2.7210000000E-01,-8.791667E-04
-2.7160000000E-01,-8.583334E-04
-2.7110000000E-01,-7.333333E-04
-2.7060000000E-01,-6.520834E-04
-2.7010000000E-01,-8.270834E-04
-2.6960000000E-01,-7.833333E-04
-2.6910000000E-01,-7.520833E-04
-2.6860000000E-01,-5.979167E-04
-2.6810000000E-01,-2.500000E-04
-2.6760000000E-01,-4.500000E-04
-2.6710000000E-01,-6.333333E-04
-2.6660000000E-01,-6.791667E-04
-2.6610000000E-01,-3.666667E-04
-2.6560000000E-01,-3.958333E-04
-2.6510000000E-01,-4.062500E-04
-2.6460000000E-01,-5.333333E-04
-2.6410000000E-01,-5.500000E-04
-2.6360000000E-01,-1.729167E-04
-2.6310000000E-01,-1.520833E-04
-2.6260000000E-01,-2.333333E-04
-2.6210000000E-01,-1.375000E-04
-2.6160000000E-01,-2.437500E-04
-2.6110000000E-01,-3.312500E-04
-2.6060000000E-01,+9.166667E-05
-2.6010000000E-01,+1.458333E-05
-2.5960000000E-01,-2.083335E-06
-2.5910000000E-01,-7.708334E-05
-2.5860000000E-01,+2.062500E-04
-2.5810000000E-01,+1.625000E-04
-2.5760000000E-01,+2.770833E-04
-2.5710000000E-01,+4.666667E-04
-2.5660000000E-01,+2.291667E-04
-2.5610000000E-01,+2.083333E-04
-2.5560000000E-01,+1.666667E-05
-2.5510000000E-01,+4.333333E-04
-2.5460000000E-01,+7.041667E-04
-2.5410000000E-01,+4.437500E-04
-2.5360000000E-01,+2.520833E-04
-2.5310000000E-01,+1.312500E-04
-2.5260000000E-01,+3.645833E-04
-2.5210000000E-01,+6.645833E-04
-2.5160000000E-01,+6.000000E-04
-2.5110000000E-01,+5.187500E-04
-2.5060000000E-01,+6.250000E-04
-2.5010000000E-01,+4.395833E-04
-2.4960000000E-01,+4.354167E-04
-2.4910000000E-01,+7.541667E-04
-2.4860000000E-01,+9.916667E-04
-2.4810000000E-01,+4.145833E-04
-2.4760000000E-01,+6.104167E-04
-2.4710000000E-01,+7.916667E-04
-2.4660000000E-01,+7.937500E-04
-2.4610000000E-01,+7.875000E-04
-2.4560000000E-01,+8.270834E-04
-2.4510000000E-01,+5.708333E-04
-2.4460000000E-01,+5.062500E-04
-2.4410000000E-01,+8.104166E-04
-2.4360000000E-01,+1.058333E-03
-2.4310000000E-01,+7.645834E-04
-2.4260000000E-01,+6.333333E-04
-2.4210000000E-01,+5.791667E-04
-2.4160000000E-01,+4.583334E-04
-2.4110000000E-01,+1.010417E-03
-2.4060000000E-01,+6.812500E-04
-2.4010000000E-01,+8.687500E-04
-2.3960000000E-01,+7.562500E-04
-2.3910000000E-01,+4.500000E-04
-2.3860000000E-01,+5.770833E-04
-2.3810000000E-01,+7.791667E-04
-2.3760000000E-01,+8.708333E-04
-2.3710000000E-01,+8.479167E-04
-2.3660000000E-01,+6.687500E-04
-2.3610000000E-01,+8.583334E-04
-2.3560000000E-01,+7.958334E-04
-2.3510000000E-01,+9.145833E-04
-2.3460000000E-01,+1.062500E-03
-2.3410000000E-01,+7.625000E-04
-2.3360000000E-01,+4.291667E-04
-2.3310000000E-01,+6.916667E-04
-2.3260000000E-01,+6.812500E-04
-2.3210000000E-01,+7.104167E-04
-2.3160000000E-01,+7.291667E-04
-2.3110000000E-01,+5.458333E-04
-2.3060000000E-01,+3.916667E-04
-2.3010000000E-01,+3.250000E-04
-2.2960000000E-01,+6.791667E-04
-2.2910000000E-01,+7.645834E-04
-2.2860000000E-01,+6.541667E-04
-2.2810000000E-01,+1.500000E-04
-2.2760000000E-01,+3.395833E-04
-2.2710000000E-01,+3.395833E-04
-2.2660000000E-01,+3.854167E-04
-2.2610000000E-01,+5.583334E-04
-2.2560000000E-01,+2.666667E-04
-2.2510000000E-01,+8.958333E-05
-2.2460000000E-01,+1.812500E-04
-2.2410000000E-01,+5.166667E-04
-2.2360000000E-01,+3.416667E-04
-2.2310000000E-01,+1.041667E-04
-2.2260000000E-01,+1.833333E-04
-2.2210000000E-01,+2.083333E-05
-2.2160000000E-01,+1.041667E-04
-2.2110000000E-01,+4.166667E-05
-2.2060000000E-01,+2.291667E-05
-2.2010000000E-01,-1.854167E-04
-2.1960000000E-01,-2.041667E-04
-2.1910000000E-01,-3.020833E-04
-2.1860000000E-01,-2.916667E-05
-2.1810000000E-01,+1.020833E-04
-2.1760000000E-01,-6.250002E-06
-2.1710000000E-01,-1.854167E-04
-2.1660000000E-01,-4.229167E-04
-2.1610000000E-01,-4.291667E-04
-2.1560000000E-01,-4.020833E-04
-2.1510000000E-01,-1.208333E-04
-2.1460000000E-01,-4.125000E-04
-2.1410000000E-01,-9.145833E-04
-2.1360000000E-01,-4.895834E-04
-2.1310000000E-01,-5.125000E-04
-2.1260000000E-01,-5.083333E-04
-2.1210000000E-01,-4.229167E-04
-2.1160000000E-01,-5.875000E-04
-2.1110000000E-01,-9.750000E-04
-2.1060000000E-01,-7.520833E-04
-2.1010000000E-01,-5.979167E-04
-2.0960000000E-01,-5.729167E-04
-2.0910000000E-01,-7.083333E-04
-2.0860000000E-01,-9.083333E-04
-2.0810000000E-01,-7.791667E-04
-2.0760000000E-01,-9.854167E-04
-2.0710000000E-01,-8.645834E-04
-2.0660000000E-01,-6.437500E-04
-2.0610000000E-01,-7.895834E-04
-2.0560000000E-01,-8.583334E-04
-2.0510000000E-01,-1.104167E-03
-2.0460000000E-01,-7.666667E-04
-2.0410000000E-01,-1.031250E-03
-2.0360000000E-01,-8.833333E-04
-2.0310000000E-01,-1.039583E-03
-2.0260000000E-01,-9.916667E-04
-2.0210000000E-01,-9.770833E-04
-2.0160000000E-01,-6.625000E-04
-2.0110000000E-01,-7.687500E-04
-2.0060000000E-01,-1.039583E-03
-2.0010000000E-01,-1.016667E-03
-1.9960000000E-01,-1.141667E-03
-1.9910000000E-01,-8.937500E-04
-1.9860000000E-01,-1.012500E-03
-1.9810000000E-01,-6.062500E-04
-1.9760000000E-01,-1.310417E-03
-1.9710000000E-01,-1.195833E-03
-1.9660000000E-01,-1.341667E-03
-1.9610000000E-01,-1.172917E-03
-1.9560000000E-01,-8.479167E-04
-1.9510000000E-01,-1.035417E-03
-1.9460000000E-01,-1.120833E-03
-1.9410000000E-01,-1.189583E-03
-1.9360000000E-01,-1.214583E-03
-1.9310000000E-01,-8.458333E-04
-1.9260000000E-01,-8.354167E-04
-1.9210000000E-01,-1.041667E-03
-1.9160000000E-01,-1.095833E-03
-1.9110000000E-01,-1.095833E-03
-1.9060000000E-01,-1.035417E-03
-1.9010000000E-01,-9.125000E-04
-1.8960000000E-01,-4.937500E-04
-1.8910000000E-01,-7.750000E-04
-1.8860000000E-01,-1.116667E-03
-1.8810000000E-01,-1.056250E-03
-1.8760000000E-01,-8.958334E-05
-1.8710000000E-01,-5.291667E-04
-1.8660000000E-01,-6.125000E-04
-1.8610000000E-01,-4.416667E-04
-1.8560000000E-01,-1.035417E-03
-1.8510000000E-01,-6.916667E-04
-1.8460000000E-01,-4.958333E-04
-1.8410000000E-01,-5.270833E-04
-1.8360000000E-01,-5.250000E-04
-1.8310000000E-01,-5.145833E-04
-1.8260000000E-01,-8.020833E-04
-1.8210000000E-01,-4.104167E-04
-1.8160000000E-01,-2.937500E-04
-1.8110000000E-01,-1.875000E-04
-1.8060000000E-01,-3.604167E-04
-1.8010000000E-01,-3.458333E-04
-1.7960000000E-01,-4.479167E-04
-1.7910000000E-01,-4.479167E-04
-1.7860000000E-01,-2.083333E-05
-1.7810000000E-01,-5.625000E-05
-1.7760000000E-01,-2.812500E-04
-1.7710000000E-01,-1.104167E-04
-1.7660000000E-01,-1.979167E-04
-1.7610000000E-01,+3.520833E-04
-1.7560000000E-01,+1.812500E-04
-1.7510000000E-01,-1.125000E-04
-1.7460000000E-01,-5.020833E-04
-1.7410000000E-01,-1.645833E-04
-1.7360000000E-01,+3.125000E-05
-1.7310000000E-01,+4.104167E-04
-1.7260000000E-01,+2.729167E-04
-1.7210000000E-01,+3.541667E-05
-1.7160000000E-01,+6.041667E-05
-1.7110000000E-01,+3.187500E-04
-1.7060000000E-01,+4.229167E-04
-1.7010000000E-01,+2.583333E-04
-1.6960000000E-01,+4.541667E-04
-1.6910000000E-01,+3.958333E-04
-1.6860000000E-01,-5.833333E-05
-1.6810000000E-01,+6.687500E-04
-1.6760000000E-01,+5.020833E-04
-1.6710000000E-01,+4.979167E-04
-1.6660000000E-01,+2.541667E-04
-1.6610000000E-01,+2.604167E-04
-1.6560000000E-01,+3.854167E-04
-1.6510000000E-01,+8.708333E-04
-1.6460000000E-01,+4.395833E-04
-1.6410000000E-01,+8.187500E-04
-1.6360000000E-01,+6.208334E-04
-1.6310000000E-01,+3.916667E-04
-1.6260000000E-01,+1.225000E-03
-1.6210000000E-01,+2.854167E-04
-1.6160000000E-01,+6.229167E-04
-1.6110000000E-01,+7.541667E-04
-1.6060000000E-01,+5.479167E-04
-1.6010000000E-01,+8.166667E-04
-1.5960000000E-01,+5.520834E-04
-1.5910000000E-01,+9.791667E-04
-1.5860000000E-01,+1.079167E-03
-1.5810000000E-01,+6.333333E-04
-1.5760000000E-01,+6.791667E-04
-1.5710000000E-01,+6.750000E-04
-1.5660000000E-01,+7.812500E-04
-1.5610000000E-01,+9.208333E-04
-1.5560000000E-01,+9.291667E-04
-1.5510000000E-01,+7.708333E-04
-1.5460000000E-01,+6.437500E-04
-1.5410000000E-01,+8.625000E-04
-1.5360000000E-01,+8.958334E-04
-1.5310000000E-01,+1.022917E-03
-1.5260000000E-01,+7.833333E-04
-1.5210000000E-01,+6.729166E-04
-1.5160000000E-01,+3.520833E-04
-1.5110000000E-01,+9.062500E-04
-1.5060000000E-01,+8.895833E-04
-1.5010000000E-01,+6.187500E-04
-1.4960000000E-01,+6.291667E-04
-1.4910000000E-01,+4.520833E-04
-1.4860000000E-01,+5.958333E-04
-1.4810000000E-01,+7.770833E-04
-1.4760000000E-01,+5.208334E-04
-1.4710000000E-01,+7.666667E-04
-1.4660000000E-01,+4.250000E-04
-1.4610000000E-01,+3.104167E-04
-1.4560000000E-01,+3.479167E-04
-1.4510000000E-01,+6.604167E-04
-1.4460000000E-01,+8.020833E-04
-1.4410000000E-01,+5.958333E-04
-1.4360000000E-01,+9.791667E-05
-1.4310000000E-01,+4.708333E-04
-1.4260000000E-01,+4.458333E-04
-1.4210000000E-01,+6.770833E-04
-1.4160000000E-01,+3.687500E-04
-1.4110000000E-01,+2.562500E-04
-1.4060000000E-01,-7.916667E-05
-1.4010000000E-01,-2.520834E-04
-1.3960000000E-01,+1.854167E-04
-1.3910000000E-01,+3.500000E-04
-1.3860000000E-01,+2.791667E-04
-1.3810000000E-01,-2.291667E-05
-1.3760000000E-01,-1.520833E-04
-1.3710000000E-01,+2.916667E-05
-1.3660000000E-01,+1.875000E-04
-1.3610000000E-01,+9.583333E-05
-1.3560000000E-01,-5.625000E-05
-1.3510000000E-01,-3.500000E-04
-1.3460000000E-01,-2.208333E-04
-1.3410000000E-01,-1.395833E-04
-1.3360000000E-01,-8.958334E-05
-1.3310000000E-01,-6.458334E-05
-1.3260000000E-01,-3.354167E-04
-1.3210000000E-01,-4.020833E-04
-1.3160000000E-01,-4.312500E-04
-1.3110000000E-01,-4.333333E-04
-1.3060000000E-01,-1.208333E-04
-1.3010000000E-01,-2.916667E-04
-1.2960000000E-01,-6.687500E-04
-1.2910000000E-01,-5.229167E-04
-1.2860000000E-01,-8.687500E-04
-1.2810000000E-01,-4.520833E-04
-1.2760000000E-01,-6.520834E-04
-1.2710000000E-01,-7.541667E-04
-1.2660000000E-01,-5.229167E-04
-1.2610000000E-01,-1.027083E-03
-1.2560000000E-01,-5.958333E-04
-1.2510000000E-01,-5.708333E-04
-1.2460000000E-01,-8.750000E-04
-1.2410000000E-01,-9.020834E-04
-1.2360000000E-01,-8.354167E-04
-1.2310000000E-01,-6.395833E-04
-1.2260000000E-01,-8.166667E-04
-1.2210000000E-01,-7.541667E-04
-1.2160000000E-01,-8.583334E-04
-1.2110000000E-01,-6.916667E-04
-1.2060000000E-01,-1.004167E-03
-1.2010000000E-01,-1.110417E-03
-1.1960000000E-01,-7.687500E-04
-1.1910000000E-01,-7.604167E-04
-1.1860000000E-01,-9.083333E-04
-1.1810000000E-01,-1.031250E-03
-1.1760000000E-01,-1.316667E-03
-1.1710000000E-01,-8.729167E-04
-1.1660000000E-01,-8.083333E-04
-1.1610000000E-01,-1.035417E-03
-1.1560000000E-01,-1.254167E-03
-1.1510000000E-01,-1.145833E-03
-1.1460000000E-01,-1.037500E-03
-1.1410000000E-01,-1.135417E-03
-1.1360000000E-01,-9.750000E-04
-1.1310000000E-01,-1.095833E-03
-1.1260000000E-01,-1.170833E-03
-1.1210000000E-01,-8.583334E-04
-1.1160000000E-01,-1.383333E-03
-1.1110000000E-01,-1.195833E-03
-1.1060000000E-01,-7.937500E-04
-1.1010000000E-01,-1.035417E-03
-1.0960000000E-01,-1.256250E-03
-1.0910000000E-01,-1.287500E-03
-1.0860000000E-01,-9.291667E-04
-1.0810000000E-01,-7.270834E-04
-1.0760000000E-01,-8.562500E-04
-1.0710000000E-01,-1.118750E-03
-1.0660000000E-01,-1.222917E-03
-1.0610000000E-01,-8.312500E-04
-1.0560000000E-01,-7.020833E-04
-1.0510000000E-01,-8.708333E-04
-1.0460000000E-01,-1.041667E-03
-1.0410000000E-01,-9.687500E-04
-1.0360000000E-01,-9.125000E-04
-1.0310000000E-01,-7.354167E-04
-1.0260000000E-01,-5.062500E-04
-1.0210000000E-01,-6.437500E-04
-1.0160000000E-01,-5.562500E-04
-1.0110000000E-01,-8.291667E-04
-1.0060000000E-01,-7.729167E-04
-1.0010000000E-01,-5.479167E-04
-9.9600000000E-02,-2.645833E-04
-9.9100000000E-02,-4.958333E-04
-9.8600000000E-02,-6.666667E-04
-9.8100000000E-02,-7.229167E-04
-9.7600000000E-02,-6.625000E-04
-9.7100000000E-02,-1.125000E-04
-9.6600000000E-02,-2.520834E-04
-9.6100000000E-02,-4.312500E-04
-9.5600000000E-02,-4.937500E-04
-9.5100000000E-02,-2.854167E-04
-9.4600000000E-02,-1.541667E-04
-9.4100000000E-02,+1.437500E-04
-9.3600000000E-02,-5.833333E-05
-9.3100000000E-02,-4.520833E-04
-9.2600000000E-02,-2.583333E-04
-9.2100000000E-02,-1.479167E-04
-9.1600000000E-02,+4.166665E-06
-9.1100000000E-02,+3.208333E-04
-9.0600000000E-02,+3.708333E-04
-9.0100000000E-02,-5.833333E-05
-8.9600000000E-02,+2.708333E-05
-8.9100000000E-02,+3.083333E-04
-8.8600000000E-02,+2.354167E-04
-8.8100000000E-02,+2.312500E-04
-8.7600000000E-02,+2.687500E-04
-8.7100000000E-02,+8.541666E-05
-8.6600000000E-02,+1.062500E-04
-8.6100000000E-02,+6.645833E-04
-8.5600000000E-02,+4.687500E-04
-8.5100000000E-02,+3.520833E-04
-8.4600000000E-02,+3.770833E-04
-8.4100000000E-02,+3.020833E-04
-8.3600000000E-02,+4.083333E-04
-8.3100000000E-02,+2.937500E-04
-8.2600000000E-02,+6.354167E-04
-8.2100000000E-02,+4.583334E-04
-8.1600000000E-02,+5.791667E-04
-8.1100000000E-02,+6.125000E-04
-8.0600000000E-02,+4.729167E-04
-8.0100000000E-02,+9.666667E-04
-7.9600000000E-02,+7.562500E-04
-7.9100000000E-02,+8.791666E-04
-7.8600000000E-02,+5.312500E-04
-7.8100000000E-02,+4.958333E-04
-7.7600000000E-02,+1.020833E-03
-7.7100000000E-02,+1.000000E-03
-7.6600000000E-02,+7.562500E-04
-7.6100000000E-02,+3.958333E-04
-7.5600000000E-02,+6.895834E-04
-7.5100000000E-02,+8.541667E-04
-7.4600000000E-02,+8.354167E-04
-7.4100000000E-02,+5.770833E-04
-7.3600000000E-02,+7.791667E-04
-7.3100000000E-02,+7.500000E-04
-7.2600000000E-02,+1.068750E-03
-7.2100000000E-02,+9.083333E-04
-7.1600000000E-02,+6.083333E-04
-7.1100000000E-02,+1.027083E-03
-7.0600000000E-02,+6.312500E-04
-7.0100000000E-02,+6.500000E-04
-6.9600000000E-02,+7.291667E-04
-6.9100000000E-02,+7.937500E-04
-6.8600000000E-02,+7.520833E-04
-6.8100000000E-02,+3.458333E-04
-6.7600000000E-02,+5.833333E-04
-6.7100000000E-02,+4.979167E-04
-6.6600000000E-02,+7.937500E-04
-6.6100000000E-02,+8.708333E-04
-6.5600000000E-02,+7.541667E-04
-6.5100000000E-02,+5.416667E-04
-6.4600000000E-02,+3.979167E-04
-6.4100000000E-02,+4.312500E-04
-6.3600000000E-02,+6.416666E-04
-6.3100000000E-02,+6.625000E-04
-6.2600000000E-02,+5.083333E-04
-6.2100000000E-02,+3.958333E-04
-6.1600000000E-02,+4.020833E-04
-6.1100000000E-02,+4.125000E-04
-6.0600000000E-02,+3.645833E-04
-6.0100000000E-02,+6.854167E-04
-5.9600000000E-02,+3.833333E-04
-5.9100000000E-02,+4.187500E-04
-5.8600000000E-02,+1.666667E-04
-5.8100000000E-02,+3.666667E-04
-5.7600000000E-02,+3.979167E-04
-5.7100000000E-02,+3.166667E-04
-5.6600000000E-02,+1.916667E-04
-5.6100000000E-02,+1.166667E-04
-5.5600000000E-02,+5.000000E-05
-5.5100000000E-02,+3.604167E-04
-5.4600000000E-02,-2.500000E-05
-5.4100000000E-02,+2.020833E-04
-5.3600000000E-02,+1.041666E-05
-5.3100000000E-02,-2.208333E-04
-5.2600000000E-02,+1.333333E-04
-5.2100000000E-02,-2.708333E-04
-5.1600000000E-02,+1.125000E-04
-5.1100000000E-02,-6.041667E-05
-5.0600000000E-02,-2.645833E-04
-5.0100000000E-02,-1.500000E-04
-4.9600000000E-02,-3.875000E-04
-4.9100000000E-02,-1.041667E-04
-4.8600000000E-02,-2.750000E-04
-4.8100000000E-02,-2.854167E-04
-4.7600000000E-02,-6.854167E-04
-4.7100000000E-02,-3.854167E-04
-4.6600000000E-02,-2.520834E-04
-4.6100000000E-02,-3.916667E-04
-4.5600000000E-02,-2.291667E-04
-4.5100000000E-02,-2.604167E-04
-4.4600000000E-02,-6.583334E-04
-4.4100000000E-02,-1.458333E-04
-4.3600000000E-02,-3.437500E-04
-4.3100000000E-02,-5.625000E-04
-4.2600000000E-02,-7.062500E-04
-4.2100000000E-02,-9.854167E-04
-4.1600000000E-02,-7.562500E-04
-4.1100000000E-02,-2.458333E-04
-4.0600000000E-02,-5.729167E-04
-4.0100000000E-02,-8.270834E-04
-3.9600000000E-02,-9.166667E-04
-3.9100000000E-02,-9.541667E-04
-3.8600000000E-02,-8.916667E-04
-3.8100000000E-02,-7.625000E-04
-3.7600000000E-02,-5.750000E-04
-3.7100000000E-02,-8.416667E-04
-3.6600000000E-02,-7.416666E-04
-3.6100000000E-02,-8.333334E-04
-3.5600000000E-02,-9.583334E-04
-3.5100000000E-02,-7.229167E-04
-3.4600000000E-02,-7.625000E-04
-3.4100000000E-02,-1.120833E-03
-3.3600000000E-02,-1.008333E-03
-3.3100000000E-02,-1.041667E-03
-3.2600000000E-02,-1.010417E-03
-3.2100000000E-02,-8.375000E-04
-3.1600000000E-02,-9.958333E-04
-3.1100000000E-02,-8.437500E-04
-3.0600000000E-02,-1.404167E-03
-3.0100000000E-02,-9.270834E-04
-2.9600000000E-02,-8.875000E-04
-2.9100000000E-02,-8.270834E-04
-2.8600000000E-02,-9.875001E-04
-2.8100000000E-02,-1.222917E-03
-2.7600000000E-02,-1.131250E-03
-2.7100000000E-02,-8.208333E-04
-2.6600000000E-02,-8.000000E-04
-2.6100000000E-02,-9.854167E-04
-2.5600000000E-02,-1.016667E-03
-2.5100000000E-02,-1.195833E-03
-2.4600000000E-02,-8.750000E-04
-2.4100000000E-02,-7.916667E-04
-2.3600000000E-02,-8.729167E-04
-2.3100000000E-02,-7.770833E-04
-2.2600000000E-02,-8.833333E-04
-2.2100000000E-02,-1.022917E-03
-2.1600000000E-02,-1.068750E-03
-2.1100000000E-02,-8.895833E-04
-2.0600000000E-02,-1.064583E-03
-2.0100000000E-02,-7.479167E-04
-1.9600000000E-02,-8.562500E-04
-1.9100000000E-02,-9.145833E-04
-1.8600000000E-02,-7.416666E-04
-1.8100000000E-02,-5.708333E-04
-1.7600000000E-02,-5.375000E-04
-1.7100000000E-02,-7.666667E-04
-1.6600000000E-02,-7.312500E-04
-1.6100000000E-02,-7.020833E-04
-1.5600000000E-02,-6.270834E-04
-1.5100000000E-02,-3.979167E-04
-1.4600000000E-02,-3.875000E-04
-1.4100000000E-02,-5.062500E-04
-1.3600000000E-02,-6.458333E-04
-1.3100000000E-02,-4.437500E-04
-1.2600000000E-02,-2.812500E-04
-1.2100000000E-02,+4.166667E-05
-1.1600000000E-02,-2.500000E-04
-1.1100000000E-02,-3.375000E-04
-1.0600000000E-02,-3.645833E-04
-1.0100000000E-02,-7.083334E-05
-9.6000000000E-03,-2.291667E-05
-9.1000000000E-03,+1.312500E-04
-8.6000000000E-03,-3.145833E-04
-8.1000000000E-03,-2.937500E-04
-7.6000000000E-03,+1.312500E-04
-7.1000000000E-03,+2.583333E-04
-6.6000000000E-03,+1.625000E-04
-6.1000000000E-03,+6.458334E-05
-5.6000000000E-03,+8.333332E-06
-5.1000000000E-03,+1.708333E-04
-4.6000000000E-03,+1.916667E-04
-4.1000000000E-03,+2.687500E-04
-3.6000000000E-03,+2.708333E-04
-3.1000000000E-03,+1.770833E-04
-2.6000000000E-03,+6.041667E-05
-2.1000000000E-03,+5.291667E-04
-1.6000000000E-03,+4.000000E-04
-1.1000000000E-03,+4.791667E-04
-6.0000000000E-04,+8.187500E-04
-1.0000000000E-04,+4.333333E-04
+4.0000000000E-04,+1.729167E-04
+9.0000000000E-04,+3.625000E-04
+1.4000000000E-03,+7.104167E-04
+1.9000000000E-03,+6.812500E-04
+2.4000000000E-03,+6.937500E-04
+2.9000000000E-03,+2.750000E-04
+3.4000000000E-03,+4.541667E-04
+3.9000000000E-03,+3.583333E-04
+4.4000000000E-03,+8.375000E-04
+4.9000000000E-03,+7.770833E-04
+5.4000000000E-03,+5.437500E-04
+5.9000000000E-03,+6.479167E-04
+6.4000000000E-03,+6.833333E-04
+6.9000000000E-03,+7.625000E-04
+7.4000000000E-03,+7.666667E-04
+7.9000000000E-03,+1.004167E-03
+8.4000000000E-03,+4.166667E-04
+8.9000000000E-03,+4.583334E-04
+9.4000000000E-03,+9.333334E-04
+9.9000000000E-03,+6.395833E-04
+1.0400000000E-02,+9.229167E-04
+1.0900000000E-02,+9.437500E-04
+1.1400000000E-02,+9.791667E-05
+1.1900000000E-02,+6.145833E-04
+1.2400000000E-02,+6.479167E-04
+1.2900000000E-02,+9.770833E-04
+1.3400000000E-02,+7.708333E-04
+1.3900000000E-02,+8.562500E-04
+1.4400000000E-02,+1.014583E-03
+1.4900000000E-02,+6.708333E-04
+1.5400000000E-02,+6.187500E-04
+1.5900000000E-02,+8.041667E-04
+1.6400000000E-02,+8.916667E-04
+1.6900000000E-02,+7.541667E-04
+1.7400000000E-02,+5.854167E-04
+1.7900000000E-02,+6.166667E-04
+1.8400000000E-02,+7.416666E-04
+1.8900000000E-02,+6.083333E-04
+1.9400000000E-02,+7.187500E-04
+1.9900000000E-02,+5.354166E-04
+2.0400000000E-02,+1.145833E-04
+2.0900000000E-02,+6.687500E-04
+2.1400000000E-02,+8.583334E-04
+2.1900000000E-02,+6.979167E-04
+2.2400000000E-02,+3.541667E-04
+2.2900000000E-02,+2.875000E-04
+2.3400000000E-02,+4.562500E-04
+2.3900000000E-02,+4.645833E-04
+2.4400000000E-02,+5.354166E-04
+2.4900000000E-02,+3.791667E-04
+2.5400000000E-02,+4.791667E-05
+2.5900000000E-02,+2.500000E-04
+2.6400000000E-02,+5.416667E-05
+2.6900000000E-02,+4.125000E-04
+2.7400000000E-02,+4.562500E-04
+2.7900000000E-02,+2.458333E-04
+2.8400000000E-02,-8.541667E-05
+2.8900000000E-02,-1.750000E-04
+2.9400000000E-02,-2.562500E-04
+2.9900000000E-02,+4.729167E-04
+3.0400000000E-02,+1.645833E-04
+3.0900000000E-02,-1.291667E-04
+3.1400000000E-02,-1.395833E-04
+3.1900000000E-02,-7.708334E-05
+3.2400000000E-02,+8.333333E-05
+3.2900000000E-02,+1.458333E-04
+3.3400000000E-02,-1.750000E-04
+3.3900000000E-02,-2.104167E-04
+3.4400000000E-02,-4.062500E-04
+3.4900000000E-02,-2.791667E-04
+3.5400000000E-02,-2.562500E-04
+3.5900000000E-02,-1.625000E-04
+3.6400000000E-02,-3.562500E-04
+3.6900000000E-02,-5.458333E-04
+3.7400000000E-02,-6.291667E-04
+3.7900000000E-02,-1.520833E-04
+3.8400000000E-02,-5.000000E-04
+3.8900000000E-02,-3.750000E-04
+3.9400000000E-02,-6.083333E-04
+3.9900000000E-02,-7.291667E-04
+4.0400000000E-02,-6.437500E-04
+4.0900000000E-02,-6.166667E-04
+4.1400000000E-02,-7.854167E-04
+4.1900000000E-02,-4.895834E-04
+4.2400000000E-02,-1.068750E-03
+4.2900000000E-02,-3.604167E-04
+4.3400000000E-02,-5.708333E-04
+4.3900000000E-02,-5.000000E-04
+4.4400000000E-02,-8.145833E-04
+4.4900000000E-02,-8.541667E-04
+4.5400000000E-02,-8.395833E-04
+4.5900000000E-02,-9.187500E-04
+4.6400000000E-02,-7.520833E-04
+4.6900000000E-02,-7.520833E-04
+4.7400000000E-02,-7.854167E-04
+4.7900000000E-02,-1.039583E-03
+4.8400000000E-02,-9.208333E-04
+4.8900000000E-02,-1.014583E-03
+4.9400000000E-02,-8.250000E-04
+4.9900000000E-02,-9.000000E-04
+5.0400000000E-02,-1.014583E-03
+5.0900000000E-02,-1.358333E-03
+5.1400000000E-02,-1.229167E-03
+5.1900000000E-02,-7.541667E-04
+5.2400000000E-02,-8.270834E-04
+5.2900000000E-02,-1.022917E-03
+5.3400000000E-02,-1.156250E-03
+5.3900000000E-02,-1.027083E-03
+5.4400000000E-02,-9.416667E-04
+5.4900000000E-02,-8.791667E-04
+5.5400000000E-02,-9.541667E-04
+5.5900000000E-02,-1.012500E-03
+5.6400000000E-02,-1.164583E-03
+5.6900000000E-02,-1.297917E-03
+5.7400000000E-02,-1.179167E-03
+5.7900000000E-02,-6.854167E-04
+5.8400000000E-02,-4.770833E-04
+5.8900000000E-02,-1.172917E-03
+5.9400000000E-02,-7.000000E-04
+5.9900000000E-02,-1.150000E-03
+6.0400000000E-02,-9.187500E-04
+6.0900000000E-02,-7.125000E-04
+6.1400000000E-02,-8.000000E-04
+6.1900000000E-02,-1.062500E-03
+6.2400000000E-02,-1.156250E-03
+6.2900000000E-02,-1.127083E-03
+6.3400000000E-02,-8.312500E-04
+6.3900000000E-02,-6.979167E-04
+6.4400000000E-02,-7.291667E-04
+6.4900000000E-02,-9.041667E-04
+6.5400000000E-02,-8.208333E-04
+6.5900000000E-02,-9.250000E-04
+6.6400000000E-02,-6.250000E-04
+6.6900000000E-02,-5.562500E-04
+6.7400000000E-02,-6.395833E-04
+6.7900000000E-02,-8.270834E-04
+6.8400000000E-02,-9.479167E-04
+6.8900000000E-02,-3.187500E-04
+6.9400000000E-02,-4.562500E-04
+6.9900000000E-02,-2.520834E-04
+7.0400000000E-02,-4.520833E-04
+7.0900000000E-02,-4.500000E-04
+7.1400000000E-02,-4.250000E-04
+7.1900000000E-02,-1.541667E-04
+7.2400000000E-02,-3.125000E-05
+7.2900000000E-02,-3.104167E-04
+7.3400000000E-02,-2.979167E-04
+7.3900000000E-02,-3.291667E-04
+7.4400000000E-02,-1.645833E-04
+7.4900000000E-02,+8.333332E-06
+7.5400000000E-02,+3.750000E-05
+7.5900000000E-02,-1.916667E-04
+7.6400000000E-02,-4.375000E-05
+7.6900000000E-02,-1.625000E-04
+7.7400000000E-02,+8.333333E-05
+7.7900000000E-02,+3.104167E-04
+7.8400000000E-02,+2.541667E-04
+7.8900000000E-02,-4.583333E-05
+7.9400000000E-02,+2.083333E-04
+7.9900000000E-02,+3.125000E-05
+8.0400000000E-02,+5.500000E-04
+8.0900000000E-02,+4.812500E-04
+8.1400000000E-02,+2.291667E-04
+8.1900000000E-02,+1.208333E-04
+8.2400000000E-02,+1.604167E-04
+8.2900000000E-02,+3.708333E-04
+8.3400000000E-02,+5.625000E-04
+8.3900000000E-02,+5.166667E-04
+8.4400000000E-02,+2.895833E-04
+8.4900000000E-02,+1.541667E-04
+8.5400000000E-02,+4.250000E-04
+8.5900000000E-02,+5.187500E-04
+8.6400000000E-02,+7.583334E-04
+8.6900000000E-02,+5.500000E-04
+8.7400000000E-02,+4.437500E-04
+8.7900000000E-02,+5.208334E-04
+8.8400000000E-02,+9.333334E-04
+8.8900000000E-02,+1.016667E-03
+8.9400000000E-02,+8.000000E-04
+8.9900000000E-02,+9.333334E-04
+9.0400000000E-02,+1.083333E-04
+9.0900000000E-02,+5.958333E-04
+9.1400000000E-02,+9.854167E-04
+9.1900000000E-02,+7.708333E-04
+9.2400000000E-02,+9.625000E-04
+9.2900000000E-02,+7.062500E-04
+9.3400000000E-02,+6.145833E-04
+9.3900000000E-02,+6.291667E-04
+9.4400000000E-02,+8.166667E-04
+9.4900000000E-02,+1.116667E-03
+9.5400000000E-02,+1.087500E-03
+9.5900000000E-02,+6.437500E-04
+9.6400000000E-02,+5.916667E-04
+9.6900000000E-02,+7.354167E-04
+9.7400000000E-02,+9.479166E-04
+9.7900000000E-02,+8.833333E-04
+9.8400000000E-02,+9.125000E-04
+9.8900000000E-02,+6.604167E-04
+9.9400000000E-02,+6.416666E-04
+9.9900000000E-02,+5.583334E-04
+1.0040000000E-01,+9.750000E-04
+1.0090000000E-01,+8.541667E-04
+1.0140000000E-01,+6.854167E-04
+1.0190000000E-01,+4.812500E-04
+1.0240000000E-01,+3.895833E-04
+1.0290000000E-01,+7.166667E-04
+1.0340000000E-01,+6.625000E-04
+1.0390000000E-01,+6.354167E-04
+1.0440000000E-01,+5.291667E-04
+1.0490000000E-01,+5.166667E-04
+1.0540000000E-01,+7.375000E-04
+1.0590000000E-01,+4.208333E-04
+1.0640000000E-01,+7.583334E-04
+1.0690000000E-01,+5.208334E-04
+1.0740000000E-01,+4.583334E-04
+1.0790000000E-01,+3.000000E-04
+1.0840000000E-01,+4.270833E-04
+1.0890000000E-01,+5.562500E-04
+1.0940000000E-01,+5.229167E-04
+1.0990000000E-01,+2.916667E-04
+1.1040000000E-01,+5.125000E-04
+1.1090000000E-01,+3.354167E-04
+1.1140000000E-01,+2.958333E-04
+1.1190000000E-01,+2.854167E-04
+1.1240000000E-01,+2.145833E-04
+1.1290000000E-01,+2.083333E-04
+1.1340000000E-01,+9.166667E-05
+1.1390000000E-01,-1.104167E-04
+1.1440000000E-01,+4.791667E-05
+1.1490000000E-01,+2.020833E-04
+1.1540000000E-01,-2.062500E-04
+1.1590000000E-01,+4.791667E-05
+1.1640000000E-01,-2.812500E-04
+1.1690000000E-01,-2.500000E-05
+1.1740000000E-01,+1.250000E-05
+1.1790000000E-01,+4.166665E-06
+1.1840000000E-01,-2.583333E-04
+1.1890000000E-01,-4.375000E-04
+1.1940000000E-01,-5.208334E-04
+1.1990000000E-01,-6.458334E-05
+1.2040000000E-01,-1.041667E-05
+1.2090000000E-01,-3.708334E-04
+1.2140000000E-01,-6.958334E-04
+1.2190000000E-01,-2.687500E-04
+1.2240000000E-01,-5.333333E-04
+1.2290000000E-01,-3.875000E-04
+1.2340000000E-01,-5.291667E-04
+1.2390000000E-01,-6.833333E-04
+1.2440000000E-01,-5.000000E-04
+1.2490000000E-01,-6.500000E-04
+1.2540000000E-01,-4.708333E-04
+1.2590000000E-01,-5.250000E-04
+1.2640000000E-01,-7.375000E-04
+1.2690000000E-01,-7.708333E-04
+1.2740000000E-01,-8.687500E-04
+1.2790000000E-01,-8.020833E-04
+1.2840000000E-01,-7.833333E-04
+1.2890000000E-01,-6.166667E-04
+1.2940000000E-01,-8.500000E-04
+1.2990000000E-01,-1.008333E-03
+1.3040000000E-01,-6.083333E-04
+1.3090000000E-01,-8.666667E-04
+1.3140000000E-01,-7.270834E-04
+1.3190000000E-01,-7.333333E-04
+1.3240000000E-01,-8.812500E-04
+1.3290000000E-01,-1.070833E-03
+1.3340000000E-01,-1.120833E-03
+1.3390000000E-01,-9.375000E-04
+1.3440000000E-01,-8.541667E-04
+1.3490000000E-01,-9.208333E-04
+1.3540000000E-01,-1.085417E-03
+1.3590000000E-01,-1.110417E-03
+1.3640000000E-01,-1.004167E-03
+1.3690000000E-01,-1.091667E-03
+1.3740000000E-01,-7.520833E-04
+1.3790000000E-01,-8.645834E-04
+1.3840000000E-01,-1.139583E-03
+1.3890000000E-01,-1.154167E-03
+1.3940000000E-01,-9.833333E-04
+1.3990000000E-01,-1.002083E-03
+1.4040000000E-01,-9.583334E-04
+1.4090000000E-01,-1.110417E-03
+1.4140000000E-01,-7.479167E-04
+1.4190000000E-01,-1.189583E-03
+1.4240000000E-01,-8.479167E-04
+1.4290000000E-01,-8.666667E-04
+1.4340000000E-01,-8.750000E-04
+1.4390000000E-01,-1.060417E-03
+1.4440000000E-01,-9.166667E-04
+1.4490000000E-01,-9.520833E-04
+1.4540000000E-01,-8.166667E-04
+1.4590000000E-01,-6.145833E-04
+1.4640000000E-01,-8.312500E-04
+1.4690000000E-01,-1.058333E-03
+1.4740000000E-01,-1.018750E-03
+1.4790000000E-01,-6.895834E-04
+1.4840000000E-01,-6.041666E-04
+1.4890000000E-01,-5.166667E-04
+1.4940000000E-01,-8.270834E-04
+1.4990000000E-01,-9.062500E-04
+1.5040000000E-01,-8.145833E-04
+1.5090000000E-01,-5.833333E-04
+1.5140000000E-01,-3.416667E-04
+1.5190000000E-01,-5.937500E-04
+1.5240000000E-01,-9.291667E-04
+1.5290000000E-01,-8.604167E-04
+1.5340000000E-01,-7.770833E-04
+1.5390000000E-01,-3.166667E-04
+1.5440000000E-01,-5.229167E-04
+1.5490000000E-01,-4.708333E-04
+1.5540000000E-01,-5.250000E-04
+1.5590000000E-01,-4.145833E-04
+1.5640000000E-01,-2.520834E-04
+1.5690000000E-01,-1.083333E-04
+1.5740000000E-01,+6.249998E-06
+1.5790000000E-01,-1.979167E-04
+1.5840000000E-01,-3.041667E-04
+1.5890000000E-01,-1.479167E-04
+1.5940000000E-01,+3.125000E-05
+1.5990000000E-01,+1.875000E-04
+1.6040000000E-01,-4.583333E-05
+1.6090000000E-01,-9.166667E-05
+1.6140000000E-01,+8.541666E-05
+1.6190000000E-01,+7.708334E-05
+1.6240000000E-01,+3.770833E-04
+1.6290000000E-01,+1.750000E-04
+1.6340000000E-01,+4.791667E-05
+1.6390000000E-01,+2.125000E-04
+1.6440000000E-01,+1.229167E-04
+1.6490000000E-01,+2.812500E-04
+1.6540000000E-01,+3.458333E-04
+1.6590000000E-01,+4.791667E-04
+1.6640000000E-01,+3.791667E-04
+1.6690000000E-01,+1.916667E-04
+1.6740000000E-01,+5.416667E-04
+1.6790000000E-01,+4.708333E-04
+1.6840000000E-01,+5.770833E-04
+1.6890000000E-01,+6.750000E-04
+1.6940000000E-01,+4.020833E-04
+1.6990000000E-01,+2.937500E-04
+1.7040000000E-01,+6.020833E-04
+1.7090000000E-01,+7.479167E-04
+1.7140000000E-01,+6.145833E-04
+1.7190000000E-01,+5.687500E-04
+1.7240000000E-01,+4.958333E-04
+1.7290000000E-01,+5.395833E-04
+1.7340000000E-01,+9.708334E-04
+1.7390000000E-01,+8.375000E-04
+1.7440000000E-01,+8.166667E-04
+1.7490000000E-01,+5.541667E-04
+1.7540000000E-01,+6.541667E-04
+1.7590000000E-01,+6.937500E-04
+1.7640000000E-01,+8.375000E-04
+1.7690000000E-01,+9.541667E-04
+1.7740000000E-01,+5.270833E-04
+1.7790000000E-01,+6.979167E-04
+1.7840000000E-01,+5.166667E-04
+1.7890000000E-01,+7.187500E-04
+1.7940000000E-01,+1.000000E-03
+1.7990000000E-01,+7.187500E-04
+1.8040000000E-01,+6.645833E-04
+1.8090000000E-01,+2.604167E-04
+1.8140000000E-01,+6.604167E-04
+1.8190000000E-01,+4.979167E-04
+1.8240000000E-01,+1.229167E-03
+1.8290000000E-01,+6.854167E-04
+1.8340000000E-01,+9.250000E-04
+1.8390000000E-01,+6.875000E-04
+1.8440000000E-01,+6.937500E-04
+1.8490000000E-01,+6.000000E-04
+1.8540000000E-01,+8.625000E-04
+1.8590000000E-01,+8.687500E-04
+1.8640000000E-01,+4.395833E-04
+1.8690000000E-01,+6.166667E-04
+1.8740000000E-01,+6.187500E-04
+1.8790000000E-01,+7.583334E-04
+1.8840000000E-01,+7.312500E-04
+1.8890000000E-01,+5.520834E-04
+1.8940000000E-01,+1.770833E-04
+1.8990000000E-01,+5.833333E-04
+1.9040000000E-01,+6.875000E-04
+1.9090000000E-01,+6.354167E-04
+1.9140000000E-01,+4.979167E-04
+1.9190000000E-01,+3.333333E-04
+1.9240000000E-01,+5.479167E-04
+1.9290000000E-01,+4.500000E-04
+1.9340000000E-01,+4.875000E-04
+1.9390000000E-01,+1.750000E-04
+1.9440000000E-01,+4.354167E-04
+1.9490000000E-01,+4.375000E-05
+1.9540000000E-01,+3.416667E-04
+1.9590000000E-01,+2.187500E-04
+1.9640000000E-01,+2.291667E-04
+1.9690000000E-01,+3.083333E-04
+1.9740000000E-01,+2.500000E-04
+1.9790000000E-01,-1.041667E-05
+1.9840000000E-01,-4.166669E-06
+1.9890000000E-01,+1.666667E-04
+1.9940000000E-01,+1.041667E-04
+1.9990000000E-01,-1.520833E-04
+2.0040000000E-01,-2.562500E-04
+2.0090000000E-01,-1.666667E-04
+2.0140000000E-01,-1.000000E-04
+2.0190000000E-01,-5.625000E-05
+2.0240000000E-01,-7.708334E-05
+2.0290000000E-01,-3.604167E-04
+2.0340000000E-01,-7.541667E-04
+2.0390000000E-01,-3.270833E-04
+2.0440000000E-01,-3.541667E-05
+2.0490000000E-01,-1.291667E-04
+2.0540000000E-01,-2.104167E-04
+2.0590000000E-01,-6.729166E-04
+2.0640000000E-01,-6.583334E-04
+2.0690000000E-01,-5.708333E-04
+2.0740000000E-01,-4.645833E-04
+2.0790000000E-01,-3.979167E-04
+2.0840000000E-01,-7.187500E-04
+2.0890000000E-01,-5.916667E-04
+2.0940000000E-01,-8.145833E-04
+2.0990000000E-01,-5.437500E-04
+2.1040000000E-01,-5.708333E-04
+2.1090000000E-01,-5.729167E-04
+2.1140000000E-01,-6.395833E-04
+2.1190000000E-01,-1.010417E-03
+2.1240000000E-01,-8.354167E-04
+2.1290000000E-01,-6.395833E-04
+2.1340000000E-01,-7.458333E-04
+2.1390000000E-01,-8.166667E-04
+2.1440000000E-01,-7.145833E-04
+2.1490000000E-01,-9.937501E-04
+2.1540000000E-01,-1.150000E-03
+2.1590000000E-01,-7.791667E-04
+2.1640000000E-01,-7.416666E-04
+2.1690000000E-01,-8.750000E-04
+2.1740000000E-01,-7.333333E-04
+2.1790000000E-01,-9.666667E-04
+2.1840000000E-01,-1.254167E-03
+2.1890000000E-01,-8.458333E-04
+2.1940000000E-01,-7.020833E-04
+2.1990000000E-01,-1.064583E-03
+2.2040000000E-01,-1.095833E-03
+2.2090000000E-01,-1.087500E-03
+2.2140000000E-01,-6.812500E-04
+2.2190000000E-01,-8.729167E-04
+2.2240000000E-01,-9.479167E-04
+2.2290000000E-01,-9.708334E-04
+2.2340000000E-01,-9.625000E-04
+2.2390000000E-01,-1.079167E-03
+2.2440000000E-01,-1.093750E-03
+2.2490000000E-01,-7.937500E-04
+2.2540000000E-01,-9.041667E-04
+2.2590000000E-01,-1.062500E-03
+2.2640000000E-01,-1.091667E-03
+2.2690000000E-01,-4.875000E-04
+2.2740000000E-01,-8.354167E-04
+2.2790000000E-01,-5.729167E-04
+2.2840000000E-01,-9.312500E-04
+2.2890000000E-01,-1.279167E-03
+2.2940000000E-01,-1.016667E-03
+2.2990000000E-01,-7.041667E-04
+2.3040000000E-01,-8.354167E-04
+2.3090000000E-01,-7.354167E-04
+2.3140000000E-01,-9.375000E-04
+2.3190000000E-01,-1.010417E-03
+2.3240000000E-01,-6.958334E-04
+2.3290000000E-01,-9.416667E-04
+2.3340000000E-01,-5.687500E-04
+2.3390000000E-01,-8.520833E-04
+2.3440000000E-01,-9.062500E-04
+2.3490000000E-01,-7.208334E-04
+2.3540000000E-01,-4.062500E-04
+2.3590000000E-01,-4.333333E-04
+2.3640000000E-01,-4.854167E-04
+2.3690000000E-01,-5.979167E-04
+2.3740000000E-01,-5.708333E-04
+2.3790000000E-01,-4.416667E-04
+2.3840000000E-01,-1.541667E-04
+2.3890000000E-01,-1.979167E-04
+2.3940000000E-01,-4.625000E-04
+2.3990000000E-01,-4.250000E-04
+2.4040000000E-01,-3.979167E-04
+2.4090000000E-01,-2.062500E-04
+2.4140000000E-01,-1.875000E-04
+2.4190000000E-01,-2.916667E-05
+2.4240000000E-01,-3.750000E-05
+2.4290000000E-01,-1.854167E-04
+2.4340000000E-01,-3.062500E-04
+2.4390000000E-01,+5.833333E-05
+2.4440000000E-01,+3.333333E-05
+2.4490000000E-01,-1.812500E-04
+2.4540000000E-01,+6.250000E-05
+2.4590000000E-01,+2.083333E-05
+2.4640000000E-01,+4.395833E-04
+2.4690000000E-01,+4.854167E-04
+2.4740000000E-01,+2.875000E-04
+2.4790000000E-01,+1.833333E-04
+2.4840000000E-01,-1.020833E-04
+2.4890000000E-01,+8.958333E-05
+2.4940000000E-01,+3.708333E-04
+2.4990000000E-01,+3.895833E-04
+2.5040000000E-01,-8.333333E-05
+2.5090000000E-01,+3.416667E-04
+2.5140000000E-01,+2.020833E-04
+2.5190000000E-01,+3.416667E-04
+2.5240000000E-01,+3.541667E-04
+2.5290000000E-01,+5.937500E-04
+2.5340000000E-01,+4.166667E-04
+2.5390000000E-01,+3.062500E-04
+2.5440000000E-01,+1.000000E-04
+2.5490000000E-01,+2.354167E-04
+2.5540000000E-01,+8.791666E-04
+2.5590000000E-01,+8.520833E-04
+2.5640000000E-01,+5.625000E-04
+2.5690000000E-01,+6.395833E-04
+2.5740000000E-01,+5.458333E-04
+2.5790000000E-01,+9.416667E-04
+2.5840000000E-01,+8.333334E-04
+2.5890000000E-01,+7.479167E-04
+2.5940000000E-01,+5.562500E-04
+2.5990000000E-01,+4.708333E-04
+2.6040000000E-01,+5.770833E-04
+2.6090000000E-01,+8.625000E-04
+2.6140000000E-01,+9.625000E-04
+2.6190000000E-01,+8.125000E-04
+2.6240000000E-01,+6.625000E-04
+2.6290000000E-01,+4.604167E-04
+2.6340000000E-01,+6.854167E-04
+2.6390000000E-01,+8.770833E-04
+2.6440000000E-01,+9.187500E-04
+2.6490000000E-01,+6.500000E-04
+2.6540000000E-01,+3.895833E-04
+2.6590000000E-01,+6.520833E-04
+2.6640000000E-01,+8.708333E-04
+2.6690000000E-01,+1.012500E-03
+2.6740000000E-01,+8.145833E-04
+2.6790000000E-01,+4.729167E-04
+2.6840000000E-01,+4.937500E-04
+2.6890000000E-01,+6.729166E-04
+2.6940000000E-01,+7.437500E-04
+2.6990000000E-01,+6.812500E-04
+2.7040000000E-01,+3.375000E-04
+2.7090000000E-01,+5.104167E-04
+2.7140000000E-01,+7.770833E-04
+2.7190000000E-01,+9.062500E-04
+2.7240000000E-01,+6.812500E-04
+2.7290000000E-01,+6.375000E-04
+2.7340000000E-01,+4.916667E-04
+2.7390000000E-01,+4.687500E-04
+2.7440000000E-01,+5.166667E-04
+2.7490000000E-01,+6.416666E-04
+2.7540000000E-01,+6.729166E-04
+2.7590000000E-01,+4.437500E-04
+2.7640000000E-01,+1.791667E-04
+2.7690000000E-01,+2.104167E-04
+2.7740000000E-01,+3.083333E-04
+2.7790000000E-01,+7.291666E-05
+2.7840000000E-01,+4.208333E-04
+2.7890000000E-01,+7.083333E-05
+2.7940000000E-01,+8.333333E-05
+2.7990000000E-01,+2.250000E-04
+2.8040000000E-01,+1.583333E-04
+2.8090000000E-01,+3.250000E-04
+2.8140000000E-01,+1.791667E-04
+2.8190000000E-01,+8.958333E-05
+2.8240000000E-01,+1.125000E-04
+2.8290000000E-01,+8.333332E-06
+2.8340000000E-01,+2.020833E-04
+2.8390000000E-01,+1.520833E-04
+2.8440000000E-01,-1.791667E-04
+2.8490000000E-01,-3.479167E-04
+2.8540000000E-01,-1.250000E-05
+2.8590000000E-01,+6.249998E-06
+2.8640000000E-01,+8.333333E-05
+2.8690000000E-01,-1.375000E-04
+2.8740000000E-01,-4.479167E-04
+2.8790000000E-01,-3.979167E-04
+2.8840000000E-01,-2.666667E-04
+2.8890000000E-01,-2.458333E-04
+2.8940000000E-01,-3.416667E-04
+2.8990000000E-01,-3.541667E-04
+2.9040000000E-01,-4.020833E-04
+2.9090000000E-01,-5.166667E-04
+2.9140000000E-01,-5.937500E-04
+2.9190000000E-01,-4.437500E-04
+2.9240000000E-01,-1.833333E-04
+2.9290000000E-01,-5.854167E-04
+2.9340000000E-01,-6.833333E-04
+2.9390000000E-01,-7.062500E-04
+2.9440000000E-01,-6.562500E-04
+2.9490000000E-01,-4.500000E-04
+2.9540000000E-01,-4.500000E-04
+2.9590000000E-01,-6.000000E-04
+2.9640000000E-01,-9.687500E-04
+2.9690000000E-01,-8.291667E-04
+2.9740000000E-01,-5.270833E-04
+2.9790000000E-01,-5.583334E-04
+2.9840000000E-01,-9.437500E-04
+2.9890000000E-01,-1.135417E-03
+2.9940000000E-01,-9.812500E-04
+2.9990000000E-01,-7.750000E-04
+3.0040000000E-01,-8.416667E-04
+3.0090000000E-01,-8.479167E-04
+3.0140000000E-01,-1.154167E-03
+3.0190000000E-01,-1.308333E-03
+3.0240000000E-01,-7.437500E-04
+3.0290000000E-01,-8.770833E-04
+3.0340000000E-01,-8.937500E-04
+3.0390000000E-01,-9.520833E-04
+3.0440000000E-01,-8.937500E-04
+3.0490000000E-01,-1.033333E-03
+3.0540000000E-01,-8.125000E-04
+3.0590000000E-01,-7.979167E-04
+3.0640000000E-01,-9.437500E-04
+3.0690000000E-01,-1.068750E-03
+3.0740000000E-01,-1.275000E-03
+3.0790000000E-01,-1.066667E-03
+3.0840000000E-01,-9.062500E-04
+3.0890000000E-01,-8.541667E-04
+3.0940000000E-01,-7.250000E-04
+3.0990000000E-01,-1.006250E-03
+3.1040000000E-01,-9.437500E-04
+3.1090000000E-01,-9.520833E-04
+3.1140000000E-01,-9.458333E-04
+3.1190000000E-01,-7.708333E-04
+3.1240000000E-01,-9.312500E-04
+3.1290000000E-01,-9.458333E-04
+3.1340000000E-01,-1.056250E-03
+3.1390000000E-01,-1.041667E-03
+3.1440000000E-01,-7.187500E-04
+3.1490000000E-01,-5.562500E-04
+3.1540000000E-01,-9.354167E-04
+3.1590000000E-01,-1.120833E-03
+3.1640000000E-01,-8.583334E-04
+3.1690000000E-01,-7.270834E-04
+3.1740000000E-01,-5.916667E-04
+3.1790000000E-01,-4.229167E-04
+3.1840000000E-01,-9.229167E-04
+3.1890000000E-01,-7.833333E-04
+3.1940000000E-01,-6.437500E-04
+3.1990000000E-01,-1.458334E-05
+3.2040000000E-01,-1.895833E-04
+3.2090000000E-01,-6.062500E-04
+3.2140000000E-01,-4.604167E-04
+3.2190000000E-01,-4.062500E-04
+3.2240000000E-01,-1.035417E-03
+3.2290000000E-01,-2.270833E-04
+3.2340000000E-01,-3.125000E-04
+3.2390000000E-01,-3.125000E-04
+3.2440000000E-01,-3.458333E-04
+3.2490000000E-01,-1.958333E-04
+3.2540000000E-01,-1.687500E-04
+3.2590000000E-01,+4.375000E-05
+3.2640000000E-01,-6.458334E-05
+3.2690000000E-01,-1.145833E-04
+3.2740000000E-01,-2.937500E-04
+3.2790000000E-01,-2.458333E-04
+3.2840000000E-01,-4.166667E-05
+3.2890000000E-01,+2.020833E-04
+3.2940000000E-01,+7.291666E-05
+3.2990000000E-01,-5.416667E-05
+3.3040000000E-01,-1.166667E-04
+3.3090000000E-01,+2.229167E-04
+3.3140000000E-01,+1.854167E-04
+3.3190000000E-01,+2.916667E-05
+3.3240000000E-01,+1.854167E-04
+3.3290000000E-01,+2.125000E-04
+3.3340000000E-01,+2.145833E-04
+3.3390000000E-01,+3.958333E-04
+3.3440000000E-01,+5.437500E-04
+3.3490000000E-01,+6.395833E-04
+3.3540000000E-01,+3.062500E-04
+3.3590000000E-01,+2.895833E-04
+3.3640000000E-01,+2.958333E-04
+3.3690000000E-01,+5.354166E-04
+3.3740000000E-01,+7.208333E-04
+3.3790000000E-01,+5.270833E-04
+3.3840000000E-01,+5.083333E-04
+3.3890000000E-01,+6.020833E-04
+3.3940000000E-01,+7.000000E-04
+3.3990000000E-01,+7.541667E-04
+3.4040000000E-01,+6.708333E-04
+3.4090000000E-01,+6.854167E-04
+3.4140000000E-01,+5.687500E-04
+3.4190000000E-01,+5.166667E-04
+3.4240000000E-01,+8.979167E-04
+3.4290000000E-01,+8.583334E-04
+3.4340000000E-01,+8.166667E-04
+3.4390000000E-01,+2.770833E-04
+3.4440000000E-01,+5.895834E-04
+3.4490000000E-01,+8.437500E-04
+3.4540000000E-01,+8.312500E-04
+3.4590000000E-01,+8.270834E-04
+3.4640000000E-01,+8.083333E-04
+3.4690000000E-01,+4.875000E-04
+3.4740000000E-01,+6.854167E-04
+3.4790000000E-01,+9.270834E-04
+3.4840000000E-01,+9.083333E-04
+3.4890000000E-01,+1.085417E-03
+3.4940000000E-01,+9.520833E-04
+3.4990000000E-01,+4.583334E-04
+3.5040000000E-01,+9.500000E-04
+3.5090000000E-01,+8.354167E-04
+3.5140000000E-01,+7.416666E-04
+3.5190000000E-01,+7.187500E-04
+3.5240000000E-01,+6.229167E-04
+3.5290000000E-01,+5.458333E-04
+3.5340000000E-01,+5.479167E-04
+3.5390000000E-01,+1.056250E-03
+3.5440000000E-01,+9.145833E-04
+3.5490000000E-01,+4.437500E-04
+3.5540000000E-01,+6.125000E-04
+3.5590000000E-01,+3.187500E-04
+3.5640000000E-01,+5.979167E-04
+3.5690000000E-01,+6.625000E-04
+3.5740000000E-01,+8.125000E-04
+3.5790000000E-01,+5.583334E-04
+3.5840000000E-01,+3.395833E-04
+3.5890000000E-01,+6.583334E-04
+3.5940000000E-01,+5.854167E-04
+3.5990000000E-01,+6.291667E-04
+3.6040000000E-01,+3.354167E-04
+3.6090000000E-01,+1.625000E-04
+3.6140000000E-01,+2.958333E-04
+3.6190000000E-01,+5.166667E-04
+3.6240000000E-01,+2.916667E-04
+3.6290000000E-01,+3.416667E-04
+3.6340000000E-01,+2.312500E-04
+3.6390000000E-01,-4.375000E-05
+3.6440000000E-01,+7.708334E-05
+3.6490000000E-01,+1.833333E-04
+3.6540000000E-01,+3.333333E-05
+3.6590000000E-01,-4.375000E-05
+3.6640000000E-01,-3.145833E-04
+3.6690000000E-01,-1.291667E-04
+3.6740000000E-01,+2.020833E-04
+3.6790000000E-01,-7.500000E-05
+3.6840000000E-01,-2.041667E-04
+3.6890000000E-01,+5.833333E-05
+3.6940000000E-01,-3.062500E-04
+3.6990000000E-01,-1.791667E-04
+3.7040000000E-01,+1.020833E-04
+3.7090000000E-01,-2.437500E-04
+3.7140000000E-01,-3.750000E-05
+3.7190000000E-01,-2.458333E-04
+3.7240000000E-01,-4.333333E-04
+3.7290000000E-01,-3.625000E-04
+3.7340000000E-01,-3.479167E-04
+3.7390000000E-01,-2.395833E-04
+3.7440000000E-01,-2.500000E-04
+3.7490000000E-01,-5.604167E-04
+3.7540000000E-01,-5.562500E-04
+3.7590000000E-01,-5.416667E-04
+3.7640000000E-01,-3.500000E-04
+3.7690000000E-01,-3.333333E-04
+3.7740000000E-01,-6.437500E-04
+3.7790000000E-01,-8.583334E-04
+3.7840000000E-01,-6.187500E-04
+3.7890000000E-01,-5.687500E-04
+3.7940000000E-01,-6.458333E-04
+3.7990000000E-01,-7.791667E-04
+3.8040000000E-01,-8.000000E-04
+3.8090000000E-01,-6.937500E-04
+3.8140000000E-01,-9.520833E-04
+3.8190000000E-01,-6.645833E-04
+3.8240000000E-01,-6.208334E-04
+3.8290000000E-01,-9.187500E-04
+3.8340000000E-01,-1.102083E-03
+3.8390000000E-01,-1.012500E-03
+3.8440000000E-01,-9.416667E-04
+3.8490000000E-01,-7.500000E-04
+3.8540000000E-01,-8.437500E-04
+3.8590000000E-01,-1.145833E-03
+3.8640000000E-01,-1.200000E-03
+3.8690000000E-01,-9.833333E-04
+3.8740000000E-01,-7.812500E-04
+3.8790000000E-01,-6.645833E-04
+3.8840000000E-01,-1.085417E-03
+3.8890000000E-01,-1.172917E-03
+3.8940000000E-01,-9.104167E-04
+3.8990000000E-01,-1.075000E-03
+3.9040000000E-01,-8.604167E-04
+3.9090000000E-01,-8.479167E-04
+3.9140000000E-01,-8.395833E-04
+3.9190000000E-01,-9.166667E-04
+3.9240000000E-01,-1.222917E-03
+3.9290000000E-01,-1.000000E-03
+3.9340000000E-01,-5.187500E-04
+3.9390000000E-01,-1.029167E-03
+3.9440000000E-01,-8.645834E-04
+3.9490000000E-01,-1.133333E-03
+3.9540000000E-01,-9.604167E-04
+3.9590000000E-01,-9.250000E-04
+3.9640000000E-01,-7.770833E-04
+3.9690000000E-01,-1.072917E-03
+3.9740000000E-01,-1.277083E-03
+3.9790000000E-01,-9.729167E-04
+3.9840000000E-01,-8.000000E-04
+3.9890000000E-01,-6.937500E-04
+3.9940000000E-01,-7.916667E-04
+3.9990000000E-01,-9.333334E-04
+4.0040000000E-01,-6.041666E-04
+4.0090000000E-01,-9.104167E-04
+4.0140000000E-01,-8.208333E-04
+4.0190000000E-01,-4.791667E-04
+4.0240000000E-01,-5.562500E-04
+4.0290000000E-01,-9.270834E-04
+4.0340000000E-01,-6.916667E-04
+4.0390000000E-01,-6.354167E-04
+4.0440000000E-01,-4.958333E-04
+4.0490000000E-01,-2.208333E-04
+4.0540000000E-01,-5.208334E-04
+4.0590000000E-01,-5.541667E-04
+4.0640000000E-01,-4.958333E-04
+4.0690000000E-01,-2.958333E-04
+4.0740000000E-01,-3.916667E-04
+4.0790000000E-01,-3.604167E-04
+4.0840000000E-01,-4.416667E-04
+4.0890000000E-01,-4.458333E-04
+4.0940000000E-01,-4.625000E-04
+4.0990000000E-01,+5.416667E-05
+4.1040000000E-01,-6.666667E-05
+4.1090000000E-01,-7.708334E-05
+4.1140000000E-01,-2.000000E-04
+4.1190000000E-01,-2.729167E-04
+4.1240000000E-01,-3.125000E-05
+4.1290000000E-01,+2.083332E-06
+4.1340000000E-01,+1.520833E-04
+4.1390000000E-01,-4.166669E-06
+4.1440000000E-01,-2.062500E-04
+4.1490000000E-01,+1.250000E-04
+4.1540000000E-01,+1.041667E-04
+4.1590000000E-01,+4.458333E-04
+4.1640000000E-01,+2.541667E-04
+4.1690000000E-01,+1.604167E-04
+4.1740000000E-01,+1.145833E-04
+4.1790000000E-01,+4.104167E-04
+4.1840000000E-01,+4.937500E-04
+4.1890000000E-01,+5.333333E-04
+4.1940000000E-01,+5.687500E-04
+4.1990000000E-01,+4.520833E-04
+4.2040000000E-01,+1.458333E-04
+4.2090000000E-01,+2.333333E-04
+4.2140000000E-01,+6.604167E-04
+4.2190000000E-01,+5.666667E-04
+4.2240000000E-01,+4.000000E-04
+4.2290000000E-01,+2.395833E-04
+4.2340000000E-01,+5.333333E-04
+4.2390000000E-01,+7.104167E-04
+4.2440000000E-01,+9.791667E-04
+4.2490000000E-01,+8.020833E-04
+4.2540000000E-01,+6.145833E-04
+4.2590000000E-01,+4.458333E-04
+4.2640000000E-01,+8.770833E-04
+4.2690000000E-01,+8.541667E-04
+4.2740000000E-01,+8.791666E-04
+4.2790000000E-01,+7.104167E-04
+4.2840000000E-01,+6.041666E-04
+4.2890000000E-01,+6.145833E-04
+4.2940000000E-01,+1.068750E-03
+4.2990000000E-01,+8.729167E-04
+4.3040000000E-01,+6.958334E-04
+4.3090000000E-01,+4.979167E-04
+4.3140000000E-01,+5.916667E-04
+4.3190000000E-01,+6.958334E-04
+4.3240000000E-01,+8.833333E-04
+4.3290000000E-01,+8.916667E-04
+4.3340000000E-01,+7.729167E-04
+4.3390000000E-01,+5.708333E-04
+4.3440000000E-01,+4.604167E-04
+4.3490000000E-01,+8.937500E-04
+4.3540000000E-01,+9.083333E-04
+4.3590000000E-01,+1.020833E-03
+4.3640000000E-01,+7.770833E-04
+4.3690000000E-01,+9.541667E-04
+4.3740000000E-01,+7.208333E-04
+4.3790000000E-01,+6.479167E-04
+4.3840000000E-01,+7.791667E-04
+4.3890000000E-01,+7.625000E-04
+4.3940000000E-01,+6.625000E-04
+4.3990000000E-01,+6.000000E-04
+4.4040000000E-01,+1.291667E-04
+4.4090000000E-01,+6.916667E-04
+4.4140000000E-01,+8.979167E-04
+4.4190000000E-01,+5.104167E-04
+4.4240000000E-01,+2.729167E-04
+4.4290000000E-01,+3.104167E-04
+4.4340000000E-01,+5.083333E-04
+4.4390000000E-01,+6.895834E-04
+4.4440000000E-01,+6.645833E-04
+4.4490000000E-01,+4.333333E-04
+4.4540000000E-01,+2.145833E-04
+4.4590000000E-01,+2.729167E-04
+4.4640000000E-01,+4.895834E-04
+4.4690000000E-01,+4.041667E-04
+4.4740000000E-01,+1.854167E-04
+4.4790000000E-01,+1.062500E-04
+4.4840000000E-01,+2.104167E-04
+4.4890000000E-01,+1.500000E-04
+4.4940000000E-01,+1.812500E-04
+4.4990000000E-01,+1.812500E-04
+4.5040000000E-01,+1.520833E-04
+4.5090000000E-01,-1.500000E-04
+4.5140000000E-01,-2.291667E-04
+4.5190000000E-01,+5.833333E-05
+4.5240000000E-01,+1.916667E-04
+4.5290000000E-01,+3.125000E-05
+4.5340000000E-01,-2.541667E-04
+4.5390000000E-01,-4.333333E-04
+4.5440000000E-01,-4.083333E-04
+4.5490000000E-01,+2.083333E-05
+4.5540000000E-01,-1.666667E-05
+4.5590000000E-01,-3.583333E-04
+4.5640000000E-01,-4.687500E-04
+4.5690000000E-01,-4.583334E-04
+4.5740000000E-01,-2.625000E-04
+4.5790000000E-01,-1.875000E-04
+4.5840000000E-01,-5.250000E-04
+4.5890000000E-01,-5.750000E-04
+4.5940000000E-01,-6.187500E-04
+4.5990000000E-01,-4.145833E-04
+4.6040000000E-01,-7.416666E-04
+4.6090000000E-01,-4.750000E-04
+4.6140000000E-01,-5.520834E-04
+4.6190000000E-01,-7.750000E-04
+4.6240000000E-01,-6.645833E-04
+4.6290000000E-01,-6.687500E-04
+4.6340000000E-01,-5.333333E-04
+4.6390000000E-01,-7.062500E-04
+4.6440000000E-01,-6.958334E-04
+4.6490000000E-01,-9.125000E-04
+4.6540000000E-01,-8.833333E-04
+4.6590000000E-01,-7.083333E-04
+4.6640000000E-01,-5.375000E-04
+4.6690000000E-01,-7.458333E-04
+4.6740000000E-01,-8.791667E-04
+4.6790000000E-01,-1.014583E-03
+4.6840000000E-01,-9.979167E-04
+4.6890000000E-01,-7.250000E-04
+4.6940000000E-01,-8.250000E-04
+4.6990000000E-01,-1.227083E-03
+4.7040000000E-01,-1.033333E-03
+4.7090000000E-01,-8.458333E-04
+4.7140000000E-01,-8.562500E-04
+4.7190000000E-01,-8.541667E-04
+4.7240000000E-01,-8.104167E-04
+4.7290000000E-01,-9.666667E-04
+4.7340000000E-01,-1.243750E-03
+4.7390000000E-01,-1.150000E-03
+4.7440000000E-01,-1.062500E-03
+4.7490000000E-01,-8.333334E-04
+4.7540000000E-01,-8.208333E-04
+4.7590000000E-01,-1.200000E-03
+4.7640000000E-01,-1.035417E-03
+4.7690000000E-01,-1.264583E-03
+4.7740000000E-01,-7.979167E-04
+4.7790000000E-01,-8.187500E-04
+4.7840000000E-01,-9.354167E-04
+4.7890000000E-01,-9.291667E-04
+4.7940000000E-01,-1.137500E-03
+4.7990000000E-01,-9.041667E-04
+4.8040000000E-01,-1.387500E-03
+4.8090000000E-01,-1.012500E-03
+4.8140000000E-01,-7.916667E-04
+4.8190000000E-01,-9.500000E-04
+4.8240000000E-01,-1.014583E-03
+4.8290000000E-01,-1.231250E-03
+4.8340000000E-01,-6.666667E-04
+4.8390000000E-01,-8.958334E-04
+4.8440000000E-01,-1.002083E-03
+4.8490000000E-01,-8.270834E-04
+4.8540000000E-01,-8.020833E-04
+4.8590000000E-01,-3.833333E-04
+4.8640000000E-01,-7.666667E-04
+4.8690000000E-01,-7.750000E-04
+4.8740000000E-01,-7.791667E-04
+4.8790000000E-01,-6.020833E-04
+4.8840000000E-01,-5.125000E-04
+4.8890000000E-01,-4.729167E-04
+4.8940000000E-01,-3.854167E-04
+4.8990000000E-01,-6.416667E-04
+4.9040000000E-01,-5.916667E-04
+4.9090000000E-01,-2.916667E-04
+4.9140000000E-01,-5.770833E-04
+4.9190000000E-01,-6.041667E-05
+4.9240000000E-01,-2.479167E-04
+4.9290000000E-01,-2.041667E-04
+4.9340000000E-01,-3.895834E-04
+4.9390000000E-01,-5.833333E-05
+4.9440000000E-01,+1.708333E-04
+4.9490000000E-01,-6.458334E-05
+4.9540000000E-01,-2.979167E-04
+4.9590000000E-01,-3.479167E-04
+4.9640000000E-01,-2.875000E-04
+4.9690000000E-01,-5.208333E-05
+4.9740000000E-01,+1.687500E-04
+4.9790000000E-01,-1.520833E-04
+4.9840000000E-01,-1.666667E-05
+4.9890000000E-01,+4.833333E-04
+4.9940000000E-01,+8.333333E-05
+4.9990000000E-01,+3.645833E-04
+5.0040000000E-01,+3.562500E-04
+5.0090000000E-01,+1.604167E-04
+5.0140000000E-01,+4.833333E-04
+5.0190000000E-01,+2.375000E-04
+5.0240000000E-01,+5.458333E-04
+5.0290000000E-01,+4.687500E-04
+5.0340000000E-01,+5.312500E-04
+5.0390000000E-01,+3.604167E-04
+5.0440000000E-01,+2.145833E-04
+5.0490000000E-01,+3.687500E-04
+5.0540000000E-01,+7.895833E-04
+5.0590000000E-01,+7.604167E-04
+5.0640000000E-01,+3.020833E-04
+5.0690000000E-01,+4.041667E-04
+5.0740000000E-01,+1.187500E-04
+5.0790000000E-01,+7.479167E-04
+5.0840000000E-01,+8.375000E-04
+5.0890000000E-01,+7.083333E-04
+5.0940000000E-01,+3.208333E-04
+5.0990000000E-01,+4.854167E-04
+5.1040000000E-01,+5.854167E-04
+5.1090000000E-01,+4.812500E-04
+5.1140000000E-01,+9.833333E-04
+5.1190000000E-01,+9.895833E-04
+5.1240000000E-01,+6.937500E-04
+5.1290000000E-01,+5.416667E-04
+5.1340000000E-01,+5.937500E-04
+5.1390000000E-01,+1.043750E-03
+5.1440000000E-01,+1.047917E-03
+5.1490000000E-01,+8.666667E-04
+5.1540000000E-01,+7.708333E-04
+5.1590000000E-01,+6.562500E-04
+5.1640000000E-01,+5.250000E-04
+5.1690000000E-01,+9.312500E-04
+5.1740000000E-01,+8.291667E-04
+5.1790000000E-01,+7.291667E-04
+5.1840000000E-01,+5.604167E-04
+5.1890000000E-01,+8.229167E-04
+5.1940000000E-01,+7.791667E-04
+5.1990000000E-01,+9.020834E-04
+5.2040000000E-01,+8.625000E-04
+5.2090000000E-01,+5.583334E-04
+5.2140000000E-01,+4.125000E-04
+5.2190000000E-01,+6.125000E-04
+5.2240000000E-01,+7.625000E-04
+5.2290000000E-01,+7.895833E-04
+5.2340000000E-01,+6.000000E-04
+5.2390000000E-01,+4.312500E-04
+5.2440000000E-01,+4.145833E-04
+5.2490000000E-01,+6.229167E-04
+5.2540000000E-01,+6.583334E-04
+5.2590000000E-01,+6.229167E-04
+5.2640000000E-01,+2.875000E-04
+5.2690000000E-01,+4.354167E-04
+5.2740000000E-01,+3.562500E-04
+5.2790000000E-01,+5.958333E-04
+5.2840000000E-01,+4.541667E-04
+5.2890000000E-01,+4.312500E-04
+5.2940000000E-01,+5.312500E-04
+5.2990000000E-01,+6.041667E-05
+5.3040000000E-01,+1.000000E-04
+5.3090000000E-01,+4.250000E-04
+5.3140000000E-01,+4.729167E-04
+5.3190000000E-01,+1.812500E-04
+5.3240000000E-01,+2.458333E-04
+5.3290000000E-01,+9.583333E-05
+5.3340000000E-01,+2.541667E-04
+5.3390000000E-01,+2.291667E-05
+5.3440000000E-01,+4.395833E-04
+5.3490000000E-01,-8.125000E-05
+5.3540000000E-01,+9.375000E-05
+5.3590000000E-01,-2.729167E-04
+5.3640000000E-01,-2.291667E-05
+5.3690000000E-01,-6.458334E-05
+5.3740000000E-01,+6.458334E-05
+5.3790000000E-01,-1.937500E-04
+5.3840000000E-01,-3.354167E-04
+5.3890000000E-01,-4.791667E-04
+5.3940000000E-01,-5.687500E-04
+5.3990000000E-01,-7.083334E-05
+5.4040000000E-01,-5.041667E-04
+5.4090000000E-01,-5.458333E-04
+5.4140000000E-01,-6.645833E-04
+5.4190000000E-01,-3.479167E-04
+5.4240000000E-01,-3.187500E-04
+5.4290000000E-01,-6.083333E-04
+5.4340000000E-01,-6.541667E-04
+5.4390000000E-01,-7.583334E-04
+5.4440000000E-01,-6.583334E-04
+5.4490000000E-01,-2.583333E-04
+5.4540000000E-01,-7.270834E-04
+5.4590000000E-01,-7.458333E-04
+5.4640000000E-01,-8.270834E-04
+5.4690000000E-01,-9.083333E-04
+5.4740000000E-01,-5.916667E-04
+5.4790000000E-01,-4.645833E-04
+5.4840000000E-01,-7.541667E-04
+5.4890000000E-01,-7.020833E-04
+5.4940000000E-01,-8.708333E-04
+5.4990000000E-01,-8.937500E-04
+5.5040000000E-01,-7.916667E-04
+5.5090000000E-01,-3.166667E-04
+5.5140000000E-01,-8.187500E-04
+5.5190000000E-01,-9.270834E-04
+5.5240000000E-01,-1.066667E-03
+5.5290000000E-01,-7.395833E-04
+5.5340000000E-01,-8.104167E-04
+5.5390000000E-01,-9.104167E-04
+5.5440000000E-01,-1.120833E-03
+5.5490000000E-01,-1.216667E-03
+5.5540000000E-01,-9.041667E-04
+5.5590000000E-01,-1.002083E-03
+5.5640000000E-01,-8.708333E-04
+5.5690000000E-01,-9.416667E-04
+5.5740000000E-01,-1.329167E-03
+5.5790000000E-01,-1.122917E-03
+5.5840000000E-01,-1.027083E-03
+5.5890000000E-01,-7.187500E-04
+5.5940000000E-01,-1.091667E-03
+5.5990000000E-01,-1.197917E-03
+5.6040000000E-01,-1.147917E-03
+5.6090000000E-01,-1.139583E-03
+5.6140000000E-01,-8.166667E-04
+5.6190000000E-01,-8.083333E-04
+5.6240000000E-01,-8.833333E-04
+5.6290000000E-01,-1.079167E-03
+5.6340000000E-01,-1.179167E-03
+5.6390000000E-01,-1.077083E-03
+5.6440000000E-01,-5.958333E-04
+5.6490000000E-01,-8.208333E-04
+5.6540000000E-01,-9.750000E-04
+5.6590000000E-01,-2.770833E-04
+5.6640000000E-01,-1.029167E-03
+5.6690000000E-01,-9.104167E-04
+5.6740000000E-01,-6.166667E-04
+5.6790000000E-01,-6.479167E-04
+5.6840000000E-01,-7.250000E-04
+5.6890000000E-01,-6.687500E-04
+5.6940000000E-01,-8.666667E-04
+5.6990000000E-01,-9.812500E-04
+5.7040000000E-01,-4.958333E-04
+5.7090000000E-01,-6.333333E-04
+5.7140000000E-01,-5.583334E-04
+5.7190000000E-01,-7.979167E-04
+5.7240000000E-01,-8.479167E-04
+5.7290000000E-01,-2.479167E-04
+5.7340000000E-01,-2.791667E-04
+5.7390000000E-01,-5.708333E-04
+5.7440000000E-01,-6.583334E-04
+5.7490000000E-01,-9.250000E-04
+5.7540000000E-01,-4.104167E-04
+5.7590000000E-01,-2.687500E-04
+5.7640000000E-01,-3.895834E-04
+5.7690000000E-01,-4.895834E-04
+5.7740000000E-01,-2.479167E-04
+5.7790000000E-01,-2.166667E-04
+5.7840000000E-01,-1.437500E-04
+5.7890000000E-01,-1.250000E-05
+5.7940000000E-01,+1.875000E-05
+5.7990000000E-01,-6.041667E-05
+5.8040000000E-01,-1.666667E-04
+5.8090000000E-01,+2.291667E-05
+5.8140000000E-01,-4.166667E-05
+5.8190000000E-01,+1.958333E-04
+5.8240000000E-01,+1.708333E-04
+5.8290000000E-01,-6.458334E-05
+5.8340000000E-01,-3.125000E-05
+5.8390000000E-01,+2.291667E-04
+5.8440000000E-01,+3.645833E-04
+5.8490000000E-01,+3.229167E-04
+5.8540000000E-01,+5.833333E-05
+5.8590000000E-01,+2.416667E-04
+5.8640000000E-01,+1.062500E-04
+5.8690000000E-01,+4.583334E-04
+5.8740000000E-01,+4.562500E-04
+5.8790000000E-01,+4.791667E-04
+5.8840000000E-01,+7.812500E-04
+5.8890000000E-01,+2.812500E-04
+5.8940000000E-01,+3.479167E-04
+5.8990000000E-01,+6.729166E-04
+5.9040000000E-01,+7.708333E-04
+5.9090000000E-01,+4.479167E-04
+5.9140000000E-01,+2.687500E-04
+5.9190000000E-01,+5.000000E-05
+5.9240000000E-01,+9.583333E-04
+5.9290000000E-01,+8.541667E-04
+5.9340000000E-01,+8.291667E-04
+5.9390000000E-01,+6.541667E-04
+5.9440000000E-01,+4.104167E-04
+5.9490000000E-01,+7.604167E-04
+5.9540000000E-01,+8.791666E-04
+5.9590000000E-01,+8.812500E-04
+5.9640000000E-01,+4.312500E-04
+5.9690000000E-01,+7.416666E-04
+5.9740000000E-01,+6.541667E-04
+5.9790000000E-01,+6.416666E-04
+5.9840000000E-01,+8.729167E-04
+5.9890000000E-01,+7.875000E-04
+5.9940000000E-01,+8.250000E-04
+5.9990000000E-01,+5.645833E-04
+6.0040000000E-01,+6.583334E-04
+6.0090000000E-01,+8.958334E-04
+6.0140000000E-01,+1.191667E-03
+6.0190000000E-01,+7.041667E-04
+6.0240000000E-01,+7.729167E-04
+6.0290000000E-01,+6.166667E-04
+6.0340000000E-01,+7.062500E-04
+6.0390000000E-01,+8.937500E-04
+6.0440000000E-01,+6.083333E-04
+6.0490000000E-01,+7.020833E-04
+6.0540000000E-01,+4.375000E-04
+6.0590000000E-01,+5.125000E-04
+6.0640000000E-01,+5.375000E-04
+6.0690000000E-01,+8.729167E-04
+6.0740000000E-01,+7.833333E-04
+6.0790000000E-01,+7.958334E-04
+6.0840000000E-01,+1.666667E-04
+6.0890000000E-01,+4.187500E-04
+6.0940000000E-01,+1.077083E-03
+6.0990000000E-01,+7.604167E-04
+6.1040000000E-01,+7.041667E-04
+6.1090000000E-01,+3.729167E-04
+6.1140000000E-01,+2.791667E-04
+6.1190000000E-01,+4.125000E-04
+6.1240000000E-01,+5.708333E-04
+6.1290000000E-01,+5.041666E-04
+6.1340000000E-01,+3.750000E-04
+6.1390000000E-01,+1.666667E-05
+6.1440000000E-01,+1.500000E-04
+6.1490000000E-01,+2.770833E-04
+6.1540000000E-01,+4.145833E-04
+6.1590000000E-01,+1.750000E-04
+6.1640000000E-01,+1.979167E-04
+6.1690000000E-01,+1.333333E-04
+6.1740000000E-01,+6.041667E-05
+6.1790000000E-01,+7.708334E-05
+6.1840000000E-01,+2.437500E-04
+6.1890000000E-01,+5.000000E-05
+6.1940000000E-01,+4.416667E-04
+6.1990000000E-01,-1.500000E-04
+6.2040000000E-01,-7.083334E-05
+6.2090000000E-01,-1.562500E-04
+6.2140000000E-01,+7.708334E-05
+6.2190000000E-01,-2.770833E-04
+6.2240000000E-01,-4.291667E-04
+6.2290000000E-01,-2.250000E-04
+6.2340000000E-01,-1.020833E-04
+6.2390000000E-01,-2.375000E-04
+6.2440000000E-01,-4.500000E-04
+6.2490000000E-01,-4.354167E-04
+6.2540000000E-01,-6.270834E-04
+6.2590000000E-01,-3.645833E-04
+6.2640000000E-01,-2.229167E-04
+6.2690000000E-01,-3.229167E-04
+6.2740000000E-01,-5.895834E-04
+6.2790000000E-01,-6.125000E-04
+6.2840000000E-01,-1.916667E-04
+6.2890000000E-01,-6.520834E-04
+6.2940000000E-01,-2.541667E-04
+6.2990000000E-01,-6.062500E-04
+6.3040000000E-01,-7.625000E-04
+6.3090000000E-01,-7.416666E-04
+6.3140000000E-01,-6.750000E-04
+6.3190000000E-01,-6.645833E-04
+6.3240000000E-01,-5.333333E-04
+6.3290000000E-01,-7.291667E-04
+6.3340000000E-01,-1.185417E-03
+6.3390000000E-01,-1.043750E-03
+6.3440000000E-01,-8.666667E-04
+6.3490000000E-01,-6.916667E-04
+6.3540000000E-01,-8.125000E-04
+6.3590000000E-01,-8.062500E-04
+6.3640000000E-01,-1.079167E-03
+6.3690000000E-01,-8.395833E-04
+6.3740000000E-01,-8.604167E-04
+6.3790000000E-01,-7.270834E-04
+6.3840000000E-01,-8.708333E-04
+6.3890000000E-01,-9.458333E-04
+6.3940000000E-01,-1.158333E-03
+6.3990000000E-01,-9.854167E-04
+6.4040000000E-01,-9.270834E-04
+6.4090000000E-01,-8.541667E-04
+6.4140000000E-01,-1.052083E-03
+6.4190000000E-01,-1.185417E-03
+6.4240000000E-01,-1.393750E-03
+6.4290000000E-01,-9.750000E-04
+6.4340000000E-01,-7.500000E-04
+6.4390000000E-01,-1.072917E-03
+6.4440000000E-01,-1.047917E-03
+6.4490000000E-01,-1.043750E-03
+6.4540000000E-01,-9.125000E-04
+6.4590000000E-01,-1.010417E-03
+6.4640000000E-01,-9.791667E-04
+6.4690000000E-01,-9.187500E-04
+6.4740000000E-01,-9.895833E-04
+6.4790000000E-01,-1.141667E-03
+6.4840000000E-01,-1.047917E-03
+6.4890000000E-01,-8.750000E-04
+6.4940000000E-01,-7.625000E-04
+6.4990000000E-01,-7.041667E-04
+6.5040000000E-01,-1.006250E-03
+6.5090000000E-01,-9.562500E-04
+6.5140000000E-01,-8.312500E-04
+6.5190000000E-01,-4.854167E-04
+6.5240000000E-01,-5.562500E-04
+6.5290000000E-01,-9.541667E-04
+6.5340000000E-01,-8.791667E-04
+6.5390000000E-01,-5.833333E-04
+6.5440000000E-01,-4.916667E-04
+6.5490000000E-01,-4.479167E-04
+6.5540000000E-01,-5.812500E-04
+6.5590000000E-01,-6.875000E-04
+6.5640000000E-01,-7.479167E-04
+6.5690000000E-01,-5.062500E-04
+6.5740000000E-01,-3.666667E-04
+6.5790000000E-01,-3.229167E-04
+6.5840000000E-01,-4.270833E-04
+6.5890000000E-01,-3.895834E-04
+6.5940000000E-01,-4.333333E-04
+6.5990000000E-01,-2.979167E-04
+6.6040000000E-01,-2.729167E-04
+6.6090000000E-01,-3.687500E-04
+6.6140000000E-01,-4.458333E-04
+6.6190000000E-01,-5.083333E-04
+6.6240000000E-01,-1.083333E-04
+6.6290000000E-01,+1.083333E-04
+6.6340000000E-01,-4.583333E-05
+6.6390000000E-01,-3.625000E-04
+6.6440000000E-01,-9.166667E-05
+6.6490000000E-01,-1.562500E-04
+6.6540000000E-01,+1.875000E-04
+6.6590000000E-01,+2.708333E-05
+6.6640000000E-01,+1.729167E-04
+6.6690000000E-01,+9.791667E-05
+6.6740000000E-01,+1.270833E-04
+6.6790000000E-01,+8.125000E-05
+6.6840000000E-01,+3.979167E-04
+6.6890000000E-01,+4.104167E-04
+6.6940000000E-01,+3.625000E-04
+6.6990000000E-01,+2.062500E-04
+6.7040000000E-01,+1.875000E-05
+6.7090000000E-01,+3.937500E-04
+6.7140000000E-01,+6.437500E-04
+6.7190000000E-01,+6.645833E-04
+6.7240000000E-01,+3.895833E-04
+6.7290000000E-01,+3.770833E-04
+6.7340000000E-01,+5.270833E-04
+6.7390000000E-01,+5.645833E-04
+6.7440000000E-01,+6.854167E-04
+6.7490000000E-01,+5.729166E-04
+6.7540000000E-01,+4.541667E-04
+6.7590000000E-01,+5.187500E-04
+6.7640000000E-01,+5.500000E-04
+6.7690000000E-01,+8.833333E-04
+6.7740000000E-01,+1.093750E-03
+6.7790000000E-01,+4.895834E-04
+6.7840000000E-01,+6.770833E-04
+6.7890000000E-01,+6.708333E-04
+6.7940000000E-01,+7.645834E-04
+6.7990000000E-01,+9.708334E-04
+6.8040000000E-01,+8.041667E-04
+6.8090000000E-01,+7.708333E-04
+6.8140000000E-01,+3.833333E-04
+6.8190000000E-01,+5.562500E-04
+6.8240000000E-01,+9.187500E-04
+6.8290000000E-01,+9.729167E-04
+6.8340000000E-01,+6.875000E-04
+6.8390000000E-01,+6.645833E-04
+6.8440000000E-01,+6.625000E-04
+6.8490000000E-01,+5.666667E-04
+6.8540000000E-01,+1.016667E-03
+6.8590000000E-01,+7.312500E-04
+6.8640000000E-01,+7.812500E-04
+6.8690000000E-01,+8.645834E-04
+6.8740000000E-01,+7.500000E-04
+6.8790000000E-01,+5.500000E-04
+6.8840000000E-01,+1.152083E-03
+6.8890000000E-01,+9.312500E-04
+6.8940000000E-01,+6.895834E-04
+6.8990000000E-01,+4.708333E-04
+6.9040000000E-01,+6.083333E-04
+6.9090000000E-01,+5.833333E-04
+6.9140000000E-01,+7.479167E-04
+6.9190000000E-01,+6.104167E-04
+6.9240000000E-01,+5.104167E-04
+6.9290000000E-01,+3.500000E-04
+6.9340000000E-01,+3.687500E-04
+6.9390000000E-01,+3.770833E-04
+6.9440000000E-01,+7.000000E-04
+6.9490000000E-01,+4.020833E-04
+6.9540000000E-01,+1.562500E-04
+6.9590000000E-01,+3.187500E-04
+6.9640000000E-01,+3.333333E-04
+6.9690000000E-01,+7.583334E-04
+6.9740000000E-01,+4.270833E-04
+6.9790000000E-01,+3.958333E-05
+6.9840000000E-01,+2.312500E-04
+6.9890000000E-01,+2.458333E-04
+6.9940000000E-01,+3.479167E-04
+6.9990000000E-01,+2.500000E-04
+7.0040000000E-01,+7.708334E-05
+7.0090000000E-01,+7.708334E-05
+7.0140000000E-01,-1.833333E-04
+7.0190000000E-01,+2.583333E-04
+7.0240000000E-01,+3.041667E-04
+7.0290000000E-01,+1.500000E-04
+7.0340000000E-01,-6.875000E-05
+7.0390000000E-01,-1.708333E-04
+7.0440000000E-01,-1.083333E-04
+7.0490000000E-01,-1.208333E-04
+7.0540000000E-01,-2.395833E-04
+7.0590000000E-01,-1.437500E-04
+7.0640000000E-01,-8.208333E-04
+7.0690000000E-01,-3.958333E-04
+7.0740000000E-01,-3.979167E-04
+7.0790000000E-01,-4.375000E-05
+7.0840000000E-01,+1.791667E-04
+7.0890000000E-01,-4.583334E-04
+7.0940000000E-01,-4.333333E-04
+7.0990000000E-01,-4.395834E-04
+7.1040000000E-01,-4.750000E-04
+7.1090000000E-01,-1.541667E-04
+7.1140000000E-01,-4.145833E-04
+7.1190000000E-01,-7.625000E-04
+7.1240000000E-01,-6.604167E-04
+7.1290000000E-01,-6.125000E-04
+7.1340000000E-01,-5.562500E-04
+7.1390000000E-01,-5.833333E-04
+7.1440000000E-01,-7.666667E-04
+7.1490000000E-01,-5.979167E-04
+7.1540000000E-01,-8.520833E-04
+7.1590000000E-01,-7.791667E-04
+7.1640000000E-01,-5.375000E-04
+7.1690000000E-01,-5.937500E-04
+7.1740000000E-01,-6.187500E-04
+7.1790000000E-01,-9.375000E-04
+7.1840000000E-01,-1.037500E-03
+7.1890000000E-01,-8.895833E-04
+7.1940000000E-01,-7.479167E-04
+7.1990000000E-01,-7.375000E-04
+7.2040000000E-01,-1.062500E-03
+7.2090000000E-01,-1.202083E-03
+7.2140000000E-01,-9.395833E-04
+7.2190000000E-01,-6.125000E-04
+7.2240000000E-01,-7.958334E-04
+7.2290000000E-01,-9.458333E-04
+7.2340000000E-01,-1.172917E-03
+7.2390000000E-01,-1.004167E-03
+7.2440000000E-01,-1.102083E-03
+7.2490000000E-01,-8.541667E-04
+7.2540000000E-01,-9.583334E-04
+7.2590000000E-01,-9.541667E-04
+7.2640000000E-01,-1.220833E-03
+7.2690000000E-01,-1.425000E-03
+7.2740000000E-01,-9.791667E-04
+7.2790000000E-01,-7.791667E-04
+7.2840000000E-01,-7.937500E-04
+7.2890000000E-01,-1.554167E-03
+7.2940000000E-01,-1.262500E-03
+7.2990000000E-01,-1.022917E-03
+7.3040000000E-01,-6.979167E-04
+7.3090000000E-01,-8.520833E-04
+7.3140000000E-01,-1.010417E-03
+7.3190000000E-01,-1.108333E-03
+7.3240000000E-01,-1.022917E-03
+7.3290000000E-01,-7.854167E-04
+7.3340000000E-01,-8.250000E-04
+7.3390000000E-01,-7.687500E-04
+7.3440000000E-01,-9.666667E-04
+7.3490000000E-01,-1.056250E-03
+7.3540000000E-01,-8.020833E-04
+7.3590000000E-01,-7.104167E-04
+7.3640000000E-01,-6.687500E-04
+7.3690000000E-01,-6.812500E-04
+7.3740000000E-01,-7.625000E-04
+7.3790000000E-01,-6.083333E-04
+7.3840000000E-01,-5.625000E-04
+7.3890000000E-01,-7.937500E-04
+7.3940000000E-01,-4.229167E-04
+7.3990000000E-01,-6.541667E-04
+7.4040000000E-01,-7.208334E-04
+7.4090000000E-01,-1.854167E-04
+7.4140000000E-01,+2.291667E-05
+7.4190000000E-01,-4.458333E-04
+7.4240000000E-01,-3.937500E-04
+7.4290000000E-01,-4.437500E-04
+7.4340000000E-01,-4.145833E-04
+7.4390000000E-01,-2.145833E-04
+7.4440000000E-01,-2.229167E-04
+7.4490000000E-01,-7.916667E-05
+7.4540000000E-01,-1.937500E-04
+7.4590000000E-01,-1.270833E-04
+7.4640000000E-01,-4.645833E-04
+7.4690000000E-01,-2.958333E-04
+7.4740000000E-01,+8.333332E-06
+7.4790000000E-01,-1.187500E-04
+7.4840000000E-01,+5.625000E-05
+7.4890000000E-01,-2.895833E-04
+7.4940000000E-01,+2.145833E-04
+7.4990000000E-01,+1.041667E-04
+7.5040000000E-01,+1.729167E-04
+7.5090000000E-01,+3.916667E-04
+7.5140000000E-01,+1.125000E-04
+7.5190000000E-01,-1.062500E-04
+7.5240000000E-01,+1.354167E-04
+7.5290000000E-01,+2.583333E-04
+7.5340000000E-01,+2.645833E-04
+7.5390000000E-01,+2.458333E-04
+7.5440000000E-01,+1.479167E-04
+7.5490000000E-01,+5.416667E-05
+7.5540000000E-01,+4.854167E-04
+7.5590000000E-01,+7.958334E-04
+7.5640000000E-01,+2.520833E-04
+7.5690000000E-01,+5.291667E-04
+7.5740000000E-01,+4.479167E-04
+7.5790000000E-01,+5.104167E-04
+7.5840000000E-01,+7.604167E-04
+7.5890000000E-01,+4.916667E-04
+7.5940000000E-01,+5.479167E-04
+7.5990000000E-01,+8.875000E-04
+7.6040000000E-01,+4.812500E-04
+7.6090000000E-01,+8.312500E-04
+7.6140000000E-01,+7.250000E-04
+7.6190000000E-01,+7.145833E-04
+7.6240000000E-01,+6.250000E-04
+7.6290000000E-01,+5.500000E-04
+7.6340000000E-01,+6.645833E-04
+7.6390000000E-01,+7.208333E-04
+7.6440000000E-01,+7.791667E-04
+7.6490000000E-01,+9.395833E-04
+7.6540000000E-01,+5.666667E-04
+7.6590000000E-01,+6.437500E-04
+7.6640000000E-01,+9.229167E-04
+7.6690000000E-01,+8.854167E-04
+7.6740000000E-01,+1.045833E-03
+7.6790000000E-01,+7.062500E-04
+7.6840000000E-01,+5.833333E-04
+7.6890000000E-01,+5.833333E-04
+7.6940000000E-01,+6.604167E-04
+7.6990000000E-01,+9.479166E-04
+7.7040000000E-01,+9.145833E-04
+7.7090000000E-01,+3.604167E-04
+7.7140000000E-01,+4.208333E-04
+7.7190000000E-01,+6.833333E-04
+7.7240000000E-01,+7.937500E-04
+7.7290000000E-01,+8.250000E-04
+7.7340000000E-01,+6.312500E-04
+7.7390000000E-01,+3.687500E-04
+7.7440000000E-01,+8.541667E-04
+7.7490000000E-01,+6.604167E-04
+7.7540000000E-01,+7.062500E-04
+7.7590000000E-01,+7.645834E-04
+7.7640000000E-01,+6.854167E-04
+7.7690000000E-01,+2.916667E-04
+7.7740000000E-01,+3.395833E-04
+7.7790000000E-01,+2.708333E-04
+7.7840000000E-01,+8.208333E-04
+7.7890000000E-01,+5.791667E-04
+7.7940000000E-01,+2.229167E-04
+7.7990000000E-01,+1.458333E-04
+7.8040000000E-01,+4.687500E-04
+7.8090000000E-01,+3.645833E-04
+7.8140000000E-01,+1.062500E-04
+7.8190000000E-01,+3.562500E-04
+7.8240000000E-01,+2.770833E-04
+7.8290000000E-01,+7.500000E-05
+7.8340000000E-01,+1.208333E-04
+7.8390000000E-01,+4.333333E-04
+7.8440000000E-01,+4.270833E-04
+7.8490000000E-01,+8.750000E-05
+7.8540000000E-01,-5.625000E-05
+7.8590000000E-01,+2.770833E-04
+7.8640000000E-01,+7.500000E-05
+7.8690000000E-01,+1.979167E-04
+7.8740000000E-01,+6.875000E-05
+7.8790000000E-01,-5.208333E-05
+7.8840000000E-01,-2.937500E-04
+7.8890000000E-01,-1.250000E-05
+7.8940000000E-01,+3.916667E-04
+7.8990000000E-01,-3.333334E-05
+7.9040000000E-01,-3.541667E-04
+7.9090000000E-01,-4.083333E-04
+7.9140000000E-01,-2.625000E-04
+7.9190000000E-01,-2.312500E-04
+7.9240000000E-01,-3.791667E-04
+7.9290000000E-01,-2.916667E-04
+7.9340000000E-01,-3.562500E-04
+7.9390000000E-01,-2.895833E-04
+7.9440000000E-01,-4.062500E-04
+7.9490000000E-01,-3.916667E-04
+7.9540000000E-01,-3.479167E-04
+7.9590000000E-01,-5.479167E-04
+7.9640000000E-01,-6.916667E-04
+7.9690000000E-01,-6.062500E-04
+7.9740000000E-01,-5.625000E-04
+7.9790000000E-01,-3.604167E-04
+7.9840000000E-01,-6.041666E-04
+7.9890000000E-01,-5.291667E-04
+7.9940000000E-01,-9.083333E-04
+7.9990000000E-01,-4.458333E-04
+8.0040000000E-01,-6.166667E-04
+8.0090000000E-01,-6.229167E-04
+8.0140000000E-01,-6.479167E-04
+8.0190000000E-01,-9.291667E-04
+8.0240000000E-01,-1.004167E-03
+8.0290000000E-01,-1.043750E-03
+8.0340000000E-01,-8.520833E-04
+8.0390000000E-01,-8.750000E-04
+8.0440000000E-01,-8.687500E-04
+8.0490000000E-01,-1.008333E-03
+8.0540000000E-01,-8.395833E-04
+8.0590000000E-01,-1.162500E-03
+8.0640000000E-01,-7.520833E-04
+8.0690000000E-01,-7.312500E-04
+8.0740000000E-01,-1.125000E-03
+8.0790000000E-01,-1.206250E-03
+8.0840000000E-01,-9.000000E-04
+8.0890000000E-01,-6.437500E-04
+8.0940000000E-01,-8.375000E-04
+8.0990000000E-01,-1.254167E-03
+8.1040000000E-01,-1.160417E-03
+8.1090000000E-01,-1.066667E-03
+8.1140000000E-01,-7.895834E-04
+8.1190000000E-01,-1.008333E-03
+8.1240000000E-01,-8.729167E-04
+8.1290000000E-01,-1.158333E-03
+8.1340000000E-01,-1.083333E-03
+8.1390000000E-01,-8.687500E-04
+8.1440000000E-01,-9.416667E-04
+8.1490000000E-01,-7.020833E-04
+8.1540000000E-01,-1.075000E-03
+8.1590000000E-01,-9.729167E-04
+8.1640000000E-01,-8.687500E-04
+8.1690000000E-01,-8.354167E-04
+8.1740000000E-01,-6.270834E-04
+8.1790000000E-01,-7.083333E-04
+8.1840000000E-01,-9.229167E-04
+8.1890000000E-01,-1.020833E-03
+8.1940000000E-01,-8.166667E-04
+8.1990000000E-01,-6.437500E-04
+8.2040000000E-01,-5.895834E-04
+8.2090000000E-01,-7.145833E-04
+8.2140000000E-01,-7.395833E-04
+8.2190000000E-01,-8.729167E-04
+8.2240000000E-01,-6.083333E-04
+8.2290000000E-01,-7.458333E-04
+8.2340000000E-01,-5.812500E-04
+8.2390000000E-01,-5.916667E-04
+8.2440000000E-01,-6.083333E-04
+8.2490000000E-01,-3.645833E-04
+8.2540000000E-01,-5.062500E-04
+8.2590000000E-01,-3.187500E-04
+8.2640000000E-01,-2.833333E-04
+8.2690000000E-01,-5.645833E-04
+8.2740000000E-01,-5.041667E-04
+8.2790000000E-01,-7.375000E-04
+8.2840000000E-01,-1.666667E-04
+8.2890000000E-01,-1.812500E-04
+8.2940000000E-01,-1.458333E-04
+8.2990000000E-01,-4.895834E-04
+8.3040000000E-01,-3.166667E-04
+8.3090000000E-01,-1.187500E-04
+8.3140000000E-01,-1.854167E-04
+8.3190000000E-01,+5.625000E-05
+8.3240000000E-01,-3.541667E-05
+8.3290000000E-01,-5.000000E-05
+8.3340000000E-01,-2.208333E-04
+8.3390000000E-01,+4.166665E-06
+8.3440000000E-01,+1.145833E-04
+8.3490000000E-01,+3.354167E-04
+8.3540000000E-01,-1.000000E-04
+8.3590000000E-01,+1.041666E-05
+8.3640000000E-01,+7.291666E-05
+8.3690000000E-01,+3.541667E-05
+8.3740000000E-01,+5.020833E-04
+8.3790000000E-01,+3.270833E-04
+8.3840000000E-01,+1.354167E-04
+8.3890000000E-01,+2.500000E-04
+8.3940000000E-01,+5.437500E-04
+8.3990000000E-01,+5.770833E-04
+8.4040000000E-01,+5.333333E-04
+8.4090000000E-01,+4.270833E-04
+8.4140000000E-01,+4.125000E-04
+8.4190000000E-01,+3.687500E-04
+8.4240000000E-01,+8.104166E-04
+8.4290000000E-01,+6.708333E-04
+8.4340000000E-01,+6.145833E-04
+8.4390000000E-01,+4.770833E-04
+8.4440000000E-01,+5.000000E-04
+8.4490000000E-01,+6.291667E-04
+8.4540000000E-01,+7.479167E-04
+8.4590000000E-01,+8.625000E-04
+8.4640000000E-01,+6.416666E-04
+8.4690000000E-01,+6.104167E-04
+8.4740000000E-01,+5.875000E-04
+8.4790000000E-01,+4.083333E-04
+8.4840000000E-01,+1.025000E-03
+8.4890000000E-01,+7.729167E-04
+8.4940000000E-01,+6.000000E-04
+8.4990000000E-01,+6.041666E-04
+8.5040000000E-01,+7.625000E-04
+8.5090000000E-01,+5.062500E-04
+8.5140000000E-01,+9.479166E-04
+8.5190000000E-01,+7.312500E-04
+8.5240000000E-01,+6.333333E-04
+8.5290000000E-01,+6.833333E-04
+8.5340000000E-01,+7.145833E-04
+8.5390000000E-01,+8.000000E-04
+8.5440000000E-01,+9.541667E-04
+8.5490000000E-01,+6.416666E-04
+8.5540000000E-01,+8.854167E-04
+8.5590000000E-01,+7.166667E-04
+8.5640000000E-01,+6.895834E-04
+8.5690000000E-01,+9.958333E-04
+8.5740000000E-01,+7.375000E-04
+8.5790000000E-01,+3.895833E-04
+8.5840000000E-01,+4.583334E-04
+8.5890000000E-01,+6.583334E-04
+8.5940000000E-01,+7.437500E-04
+8.5990000000E-01,+6.145833E-04
+8.6040000000E-01,+5.125000E-04
+8.6090000000E-01,+5.208334E-04
+8.6140000000E-01,+3.395833E-04
+8.6190000000E-01,+4.895834E-04
+8.6240000000E-01,+7.291667E-04
+8.6290000000E-01,+4.916667E-04
+8.6340000000E-01,+4.020833E-04
+8.6390000000E-01,+2.937500E-04
+8.6440000000E-01,+2.541667E-04
+8.6490000000E-01,+3.541667E-04
+8.6540000000E-01,+7.666667E-04
+8.6590000000E-01,+3.541667E-04
+8.6640000000E-01,+4.625000E-04
+8.6690000000E-01,+1.125000E-04
+8.6740000000E-01,+1.229167E-04
+8.6790000000E-01,+6.625000E-04
+8.6840000000E-01,+3.333333E-04
+8.6890000000E-01,+1.562500E-04
+8.6940000000E-01,+1.958333E-04
+8.6990000000E-01,-1.270833E-04
+8.7040000000E-01,+2.937500E-04
+8.7090000000E-01,-5.625000E-05
+8.7140000000E-01,+5.625000E-05
+8.7190000000E-01,-1.416667E-04
+8.7240000000E-01,-1.979167E-04
+8.7290000000E-01,-2.375000E-04
+8.7340000000E-01,-8.333335E-06
+8.7390000000E-01,+3.333333E-05
+8.7440000000E-01,-1.145833E-04
+8.7490000000E-01,-3.937500E-04
+8.7540000000E-01,-2.937500E-04
+8.7590000000E-01,-2.666667E-04
+8.7640000000E-01,-1.958333E-04
+8.7690000000E-01,-2.833333E-04
+8.7740000000E-01,-4.645833E-04
+8.7790000000E-01,-6.354167E-04
+8.7840000000E-01,-8.645834E-04
+8.7890000000E-01,-2.583333E-04
+8.7940000000E-01,-3.625000E-04
+8.7990000000E-01,-6.104167E-04
+8.8040000000E-01,-2.562500E-04
+8.8090000000E-01,-5.416667E-04
+8.8140000000E-01,-5.562500E-04
+8.8190000000E-01,-5.000000E-04
+8.8240000000E-01,-5.791667E-04
+8.8290000000E-01,-5.895834E-04
+8.8340000000E-01,-8.020833E-04
+8.8390000000E-01,-9.375000E-04
+8.8440000000E-01,-7.812500E-04
+8.8490000000E-01,-3.458333E-04
+8.8540000000E-01,-6.416667E-04
+8.8590000000E-01,-6.895834E-04
+8.8640000000E-01,-9.562500E-04
+8.8690000000E-01,-9.729167E-04
+8.8740000000E-01,-4.937500E-04
+8.8790000000E-01,-4.979167E-04
+8.8840000000E-01,-8.437500E-04
+8.8890000000E-01,-1.000000E-03
+8.8940000000E-01,-9.729167E-04
+8.8990000000E-01,-7.875000E-04
+8.9040000000E-01,-6.770833E-04
+8.9090000000E-01,-1.043750E-03
+8.9140000000E-01,-9.645834E-04
+8.9190000000E-01,-1.070833E-03
+8.9240000000E-01,-9.645834E-04
+8.9290000000E-01,-1.245833E-03
+8.9340000000E-01,-7.229167E-04
+8.9390000000E-01,-8.791667E-04
+8.9440000000E-01,-1.029167E-03
+8.9490000000E-01,-1.216667E-03
+8.9540000000E-01,-1.129167E-03
+8.9590000000E-01,-7.229167E-04
+8.9640000000E-01,-8.687500E-04
+8.9690000000E-01,-1.041667E-03
+8.9740000000E-01,-9.250000E-04
+8.9790000000E-01,-1.062500E-03
+8.9840000000E-01,-7.750000E-04
+8.9890000000E-01,-9.666667E-04
+8.9940000000E-01,-1.058333E-03
+8.9990000000E-01,-1.000000E-03
+9.0040000000E-01,-8.645834E-04
+9.0090000000E-01,-9.812500E-04
+9.0140000000E-01,-5.666667E-04
+9.0190000000E-01,-8.979167E-04
+9.0240000000E-01,-7.937500E-04
+9.0290000000E-01,-9.479167E-04
+9.0340000000E-01,-1.106250E-03
+9.0390000000E-01,-1.143750E-03
+9.0440000000E-01,-6.250000E-04
+9.0490000000E-01,-6.187500E-04
+9.0540000000E-01,-8.833333E-04
+9.0590000000E-01,-1.054167E-03
+9.0640000000E-01,-6.354167E-04
+9.0690000000E-01,-4.708333E-04
+9.0740000000E-01,-1.185417E-03
+9.0790000000E-01,-7.541667E-04
+9.0840000000E-01,-7.020833E-04
+9.0890000000E-01,-7.812500E-04
+9.0940000000E-01,-6.291667E-04
+9.0990000000E-01,-3.354167E-04
+9.1040000000E-01,-3.270833E-04
+9.1090000000E-01,-5.083333E-04
+9.1140000000E-01,-3.791667E-04
+9.1190000000E-01,-5.270833E-04
+9.1240000000E-01,-4.000000E-04
+9.1290000000E-01,-1.854167E-04
+9.1340000000E-01,-2.500000E-05
+9.1390000000E-01,-2.708333E-04
+9.1440000000E-01,-3.937500E-04
+9.1490000000E-01,-2.687500E-04
+9.1540000000E-01,-1.791667E-04
+9.1590000000E-01,+8.333333E-05
+9.1640000000E-01,-1.833333E-04
+9.1690000000E-01,-2.270833E-04
+9.1740000000E-01,-3.958333E-05
+9.1790000000E-01,+2.708333E-04
+9.1840000000E-01,+4.541667E-04
+9.1890000000E-01,+4.020833E-04
+9.1940000000E-01,+1.291667E-04
+9.1990000000E-01,+2.541667E-04
+9.2040000000E-01,-1.020833E-04
+9.2090000000E-01,+2.395833E-04
+9.2140000000E-01,+6.500000E-04
+9.2190000000E-01,+5.145833E-04
+9.2240000000E-01,+2.166667E-04
+9.2290000000E-01,+2.166667E-04
+9.2340000000E-01,+6.249998E-06
+9.2390000000E-01,+6.104167E-04
+9.2440000000E-01,+4.791667E-04
+9.2490000000E-01,+3.875000E-04
+9.2540000000E-01,+3.312500E-04
+9.2590000000E-01,+3.979167E-04
+9.2640000000E-01,+5.520834E-04
+9.2690000000E-01,+4.645833E-04
+9.2740000000E-01,+7.541667E-04
+9.2790000000E-01,+3.270833E-04
+9.2840000000E-01,+3.979167E-04
+9.2890000000E-01,+8.958334E-04
+9.2940000000E-01,+7.875000E-04
+9.2990000000E-01,+8.187500E-04
+9.3040000000E-01,+7.666667E-04
+9.3090000000E-01,+5.312500E-04
+9.3140000000E-01,+7.250000E-04
+9.3190000000E-01,+8.145833E-04
+9.3240000000E-01,+1.075000E-03
+9.3290000000E-01,+8.875000E-04
+9.3340000000E-01,+8.520833E-04
+9.3390000000E-01,+4.500000E-04
+9.3440000000E-01,+7.291667E-04
+9.3490000000E-01,+6.458333E-04
+9.3540000000E-01,+8.020833E-04
+9.3590000000E-01,+8.041667E-04
+9.3640000000E-01,+4.812500E-04
+9.3690000000E-01,+6.000000E-04
+9.3740000000E-01,+5.020833E-04
+9.3790000000E-01,+9.916667E-04
+9.3840000000E-01,+6.208334E-04
+9.3890000000E-01,+5.979167E-04
+9.3940000000E-01,+1.208333E-04
+9.3990000000E-01,+4.312500E-04
+9.4040000000E-01,+7.458333E-04
+9.4090000000E-01,+6.645833E-04
+9.4140000000E-01,+8.562500E-04
+9.4190000000E-01,+7.791667E-04
+9.4240000000E-01,+2.854167E-04
+9.4290000000E-01,+5.333333E-04
+9.4340000000E-01,+7.000000E-04
+9.4390000000E-01,+8.166667E-04
+9.4440000000E-01,+6.291667E-04
+9.4490000000E-01,+3.500000E-04
+9.4540000000E-01,+3.104167E-04
+9.4590000000E-01,+5.500000E-04
+9.4640000000E-01,+5.875000E-04
+9.4690000000E-01,+7.041667E-04
+9.4740000000E-01,+4.145833E-04
+9.4790000000E-01,+1.354167E-04
+9.4840000000E-01,+5.604167E-04
+9.4890000000E-01,+2.604167E-04
+9.4940000000E-01,+3.791667E-04
+9.4990000000E-01,+1.812500E-04
+9.5040000000E-01,+1.541667E-04
+9.5090000000E-01,+1.291667E-04
+9.5140000000E-01,+3.750000E-05
+9.5190000000E-01,+1.458333E-04
+9.5240000000E-01,+2.729167E-04
+9.5290000000E-01,+8.750000E-05
+9.5340000000E-01,+9.375000E-05
+9.5390000000E-01,+2.083332E-06
+9.5440000000E-01,+9.583333E-05
+9.5490000000E-01,+1.166667E-04
+9.5540000000E-01,+1.208333E-04
+9.5590000000E-01,-1.916667E-04
+9.5640000000E-01,-3.062500E-04
+9.5690000000E-01,-1.979167E-04
+9.5740000000E-01,-6.250002E-06
+9.5790000000E-01,-7.708334E-05
+9.5840000000E-01,-1.687500E-04
+9.5890000000E-01,-4.729167E-04
+9.5940000000E-01,-3.229167E-04
+9.5990000000E-01,-2.333333E-04
+9.6040000000E-01,-1.375000E-04
+9.6090000000E-01,-3.333333E-04
+9.6140000000E-01,-5.333333E-04
+9.6190000000E-01,-6.104167E-04
+9.6240000000E-01,-5.125000E-04
+9.6290000000E-01,-4.979167E-04
+9.6340000000E-01,-3.062500E-04
+9.6390000000E-01,-4.958333E-04
+9.6440000000E-01,-6.458333E-04
+9.6490000000E-01,-8.000000E-04
+9.6540000000E-01,-7.750000E-04
+9.6590000000E-01,-5.645833E-04
+9.6640000000E-01,-8.187500E-04
+9.6690000000E-01,-7.000000E-04
+9.6740000000E-01,-4.458333E-04
+9.6790000000E-01,-7.958334E-04
+9.6840000000E-01,-7.208334E-04
+9.6890000000E-01,-2.395833E-04
+9.6940000000E-01,-7.145833E-04
+9.6990000000E-01,-9.250000E-04
+9.7040000000E-01,-9.166667E-04
+9.7090000000E-01,-6.520834E-04
+9.7140000000E-01,-6.916667E-04
+9.7190000000E-01,-7.812500E-04
+9.7240000000E-01,-3.708334E-04
+9.7290000000E-01,-1.095833E-03
+9.7340000000E-01,-1.191667E-03
+9.7390000000E-01,-8.687500E-04
+9.7440000000E-01,-1.118750E-03
+9.7490000000E-01,-6.750000E-04
+9.7540000000E-01,-9.812500E-04
+9.7590000000E-01,-1.112500E-03
+9.7640000000E-01,-8.562500E-04
+9.7690000000E-01,-8.812500E-04
+9.7740000000E-01,-9.020834E-04
+9.7790000000E-01,-1.047917E-03
+9.7840000000E-01,-1.052083E-03
+9.7890000000E-01,-1.106250E-03
+9.7940000000E-01,-1.316667E-03
+9.7990000000E-01,-1.347917E-03
+9.8040000000E-01,-7.479167E-04
+9.8090000000E-01,-5.395833E-04
+9.8140000000E-01,-9.208333E-04
+9.8190000000E-01,-1.250000E-03
+9.8240000000E-01,-8.479167E-04
+9.8290000000E-01,-1.141667E-03
+9.8340000000E-01,-6.937500E-04
+9.8390000000E-01,-1.050000E-03
+9.8440000000E-01,-1.052083E-03
+9.8490000000E-01,-1.000000E-03
+9.8540000000E-01,-8.333334E-04
+9.8590000000E-01,-6.250000E-04
+9.8640000000E-01,-6.458333E-04
+9.8690000000E-01,-9.645834E-04
+9.8740000000E-01,-8.750000E-04
+9.8790000000E-01,-7.354167E-04
+9.8840000000E-01,-4.645833E-04
+9.8890000000E-01,-5.791667E-04
+9.8940000000E-01,-5.916667E-04
+9.8990000000E-01,-8.708333E-04
+9.9040000000E-01,-6.062500E-04
+9.9090000000E-01,-5.770833E-04
+9.9140000000E-01,-4.729167E-04
+9.9190000000E-01,-5.000000E-04
+9.9240000000E-01,-6.416667E-04
+9.9290000000E-01,-7.916667E-04
+9.9340000000E-01,-2.875000E-04
+9.9390000000E-01,-5.250000E-04
+9.9440000000E-01,-2.687500E-04
+9.9490000000E-01,-3.791667E-04
+9.9540000000E-01,-5.000000E-04
+9.9590000000E-01,-3.854167E-04
+9.9640000000E-01,-2.750000E-04
+9.9690000000E-01,-1.375000E-04
+9.9740000000E-01,-3.083333E-04
+9.9790000000E-01,-1.354167E-04
+9.9840000000E-01,-2.375000E-04
+9.9890000000E-01,-1.458333E-04
+9.9940000000E-01,-2.145833E-04
+9.9990000000E-01,+1.854167E-04
+1.0004000000E+00,-3.125000E-05
+1.0009000000E+00,-7.083334E-05
+1.0014000000E+00,-1.020833E-04
+1.0019000000E+00,+1.145833E-04
+1.0024000000E+00,+2.062500E-04
+1.0029000000E+00,+3.208333E-04
+1.0034000000E+00,-6.875000E-05
+1.0039000000E+00,+3.062500E-04
+1.0044000000E+00,-4.166669E-06
+1.0049000000E+00,+1.541667E-04
+1.0054000000E+00,+5.125000E-04
+1.0059000000E+00,+3.104167E-04
+1.0064000000E+00,+2.791667E-04
+1.0069000000E+00,+1.520833E-04
+1.0074000000E+00,+3.291667E-04
+1.0079000000E+00,+4.041667E-04
+1.0084000000E+00,+4.520833E-04
+1.0089000000E+00,+7.625000E-04
+1.0094000000E+00,+5.750000E-04
+1.0099000000E+00,+4.750000E-04
+1.0104000000E+00,+4.937500E-04
+1.0109000000E+00,+6.500000E-04
+1.0114000000E+00,+8.604167E-04
+1.0119000000E+00,+9.833333E-04
+1.0124000000E+00,+6.541667E-04
+1.0129000000E+00,+5.770833E-04
+1.0134000000E+00,+6.916667E-04
+1.0139000000E+00,+7.020833E-04
+1.0144000000E+00,+8.208333E-04
+1.0149000000E+00,+4.604167E-04
+1.0154000000E+00,+4.208333E-04
+1.0159000000E+00,+7.708333E-04
+1.0164000000E+00,+8.541667E-04
+1.0169000000E+00,+8.854167E-04
+1.0174000000E+00,+7.562500E-04
+1.0179000000E+00,+5.458333E-04
+1.0184000000E+00,+5.375000E-04
+1.0189000000E+00,+5.145833E-04
+1.0194000000E+00,+7.354167E-04
+1.0199000000E+00,+6.520833E-04
+1.0204000000E+00,+5.812500E-04
+1.0209000000E+00,+6.208334E-04
+1.0214000000E+00,+7.833333E-04
+1.0219000000E+00,+7.854167E-04
+1.0224000000E+00,+7.520833E-04
+1.0229000000E+00,+8.041667E-04
+1.0234000000E+00,+6.937500E-04
+1.0239000000E+00,+5.437500E-04
+1.0244000000E+00,+6.687500E-04
+1.0249000000E+00,+9.333334E-04
+1.0254000000E+00,+9.458333E-04
+1.0259000000E+00,+5.541667E-04
+1.0264000000E+00,+3.916667E-04
+1.0269000000E+00,+5.145833E-04
+1.0274000000E+00,+5.208334E-04
+1.0279000000E+00,+8.104166E-04
+1.0284000000E+00,+3.875000E-04
+1.0289000000E+00,+6.354167E-04
+1.0294000000E+00,+5.291667E-04
+1.0299000000E+00,+6.416666E-04
+1.0304000000E+00,+5.979167E-04
+1.0309000000E+00,+6.083333E-04
+1.0314000000E+00,+6.312500E-04
+1.0319000000E+00,+2.708333E-04
+1.0324000000E+00,+6.250000E-05
+1.0329000000E+00,+3.208333E-04
+1.0334000000E+00,+3.833333E-04
+1.0339000000E+00,+4.625000E-04
+1.0344000000E+00,+2.625000E-04
+1.0349000000E+00,-1.041667E-05
+1.0354000000E+00,+1.250000E-04
+1.0359000000E+00,+4.479167E-04
+1.0364000000E+00,+1.687500E-04
+1.0369000000E+00,+1.770833E-04
+1.0374000000E+00,+8.541666E-05
+1.0379000000E+00,-3.958333E-05
+1.0384000000E+00,+8.541666E-05
+1.0389000000E+00,-3.125000E-05
+1.0394000000E+00,+4.791667E-05
+1.0399000000E+00,-3.958333E-05
+1.0404000000E+00,-1.812500E-04
+1.0409000000E+00,-1.875000E-04
+1.0414000000E+00,+1.125000E-04
+1.0419000000E+00,+1.083333E-04
+1.0424000000E+00,-2.812500E-04
+1.0429000000E+00,-3.583333E-04
+1.0434000000E+00,-5.541667E-04
+1.0439000000E+00,-5.125000E-04
+1.0444000000E+00,-2.145833E-04
+1.0449000000E+00,-2.145833E-04
+1.0454000000E+00,-5.354166E-04
+1.0459000000E+00,-5.062500E-04
+1.0464000000E+00,-4.104167E-04
+1.0469000000E+00,-2.770833E-04
+1.0474000000E+00,-4.104167E-04
+1.0479000000E+00,-4.520833E-04
+1.0484000000E+00,-4.604167E-04
+1.0489000000E+00,-6.041666E-04
+1.0494000000E+00,-7.333333E-04
+1.0499000000E+00,-6.729166E-04
+1.0504000000E+00,-3.145833E-04
+1.0509000000E+00,-4.020833E-04
+1.0514000000E+00,-8.958334E-04
+1.0519000000E+00,-8.750000E-04
+1.0524000000E+00,-7.520833E-04
+1.0529000000E+00,-5.958333E-04
+1.0534000000E+00,-6.166667E-04
+1.0539000000E+00,-7.104167E-04
+1.0544000000E+00,-1.083333E-03
+1.0549000000E+00,-9.416667E-04
+1.0554000000E+00,-7.687500E-04
+1.0559000000E+00,-7.375000E-04
+1.0564000000E+00,-8.937500E-04
+1.0569000000E+00,-1.185417E-03
+1.0574000000E+00,-9.854167E-04
+1.0579000000E+00,-9.583334E-04
+1.0584000000E+00,-9.895833E-04
+1.0589000000E+00,-8.812500E-04
+1.0594000000E+00,-8.687500E-04
+1.0599000000E+00,-1.072917E-03
+1.0604000000E+00,-1.008333E-03
+1.0609000000E+00,-9.958333E-04
+1.0614000000E+00,-6.895834E-04
+1.0619000000E+00,-1.004167E-03
+1.0624000000E+00,-8.208333E-04
+1.0629000000E+00,-1.029167E-03
+1.0634000000E+00,-1.056250E-03
+1.0639000000E+00,-8.166667E-04
+1.0644000000E+00,-5.687500E-04
+1.0649000000E+00,-9.020834E-04
+1.0654000000E+00,-8.645834E-04
+1.0659000000E+00,-1.122917E-03
+1.0664000000E+00,-9.812500E-04
+1.0669000000E+00,-7.875000E-04
+1.0674000000E+00,-8.729167E-04
+1.0679000000E+00,-9.250000E-04
+1.0684000000E+00,-1.218750E-03
+1.0689000000E+00,-9.916667E-04
+1.0694000000E+00,-1.072917E-03
+1.0699000000E+00,-7.375000E-04
+1.0704000000E+00,-6.750000E-04
+1.0709000000E+00,-1.291667E-03
+1.0714000000E+00,-1.045833E-03
+1.0719000000E+00,-6.729166E-04
+1.0724000000E+00,-5.812500E-04
+1.0729000000E+00,-5.291667E-04
+1.0734000000E+00,-6.375000E-04
+1.0739000000E+00,-1.018750E-03
+1.0744000000E+00,-6.791667E-04
+1.0749000000E+00,-4.187500E-04
+1.0754000000E+00,-4.625000E-04
+1.0759000000E+00,-6.645833E-04
+1.0764000000E+00,-4.895834E-04
+1.0769000000E+00,-6.895834E-04
+1.0774000000E+00,-4.625000E-04
+1.0779000000E+00,-5.041667E-04
+1.0784000000E+00,-4.729167E-04
+1.0789000000E+00,-3.833333E-04
+1.0794000000E+00,-5.583334E-04
+1.0799000000E+00,-7.416666E-04
+1.0804000000E+00,-3.437500E-04
+1.0809000000E+00,-1.979167E-04
+1.0814000000E+00,+5.000000E-05
+1.0819000000E+00,-1.895833E-04
+1.0824000000E+00,-2.645833E-04
+1.0829000000E+00,-4.333333E-04
+1.0834000000E+00,-2.083333E-04
+1.0839000000E+00,+2.187500E-04
+1.0844000000E+00,+2.708333E-05
+1.0849000000E+00,-1.125000E-04
+1.0854000000E+00,-1.104167E-04
+1.0859000000E+00,+1.458333E-04
+1.0864000000E+00,+7.916667E-05
+1.0869000000E+00,+4.645833E-04
+1.0874000000E+00,+2.500000E-04
+1.0879000000E+00,-1.041667E-05
+1.0884000000E+00,+1.250000E-05
+1.0889000000E+00,+1.708333E-04
+1.0894000000E+00,+3.208333E-04
+1.0899000000E+00,+4.479167E-04
+1.0904000000E+00,+3.250000E-04
+1.0909000000E+00,+2.083332E-06
+1.0914000000E+00,+4.000000E-04
+1.0919000000E+00,+5.333333E-04
+1.0924000000E+00,+2.104167E-04
+1.0929000000E+00,+4.562500E-04
+1.0934000000E+00,+3.375000E-04
+1.0939000000E+00,+2.312500E-04
+1.0944000000E+00,+5.875000E-04
+1.0949000000E+00,+7.250000E-04
+1.0954000000E+00,+5.145833E-04
+1.0959000000E+00,+4.395833E-04
+1.0964000000E+00,+5.416667E-04
+1.0969000000E+00,+4.854167E-04
+1.0974000000E+00,+7.520833E-04
+1.0979000000E+00,+1.200000E-03
+1.0984000000E+00,+7.187500E-04
+1.0989000000E+00,+7.437500E-04
+1.0994000000E+00,+4.708333E-04
+1.0999000000E+00,+3.083333E-04
+1.1004000000E+00,+7.208333E-04
+1.1009000000E+00,+9.375000E-04
+1.1014000000E+00,+8.583334E-04
+1.1019000000E+00,+6.645833E-04
+1.1024000000E+00,+4.333333E-04
+1.1029000000E+00,+6.437500E-04
+1.1034000000E+00,+7.791667E-04
+1.1039000000E+00,+8.208333E-04
+1.1044000000E+00,+5.562500E-04
+1.1049000000E+00,+5.270833E-04
+1.1054000000E+00,+3.020833E-04
+1.1059000000E+00,+7.541667E-04
+1.1064000000E+00,+6.958334E-04
+1.1069000000E+00,+5.916667E-04
+1.1074000000E+00,+6.062500E-04
+1.1079000000E+00,+2.395833E-04
+1.1084000000E+00,+7.354167E-04
+1.1089000000E+00,+6.958334E-04
+1.1094000000E+00,+3.666667E-04
+1.1099000000E+00,+8.145833E-04
+1.1104000000E+00,+4.458333E-04
+1.1109000000E+00,+5.916667E-04
+1.1114000000E+00,+6.500000E-04
+1.1119000000E+00,+8.354167E-04
+1.1124000000E+00,+8.125000E-04
+1.1129000000E+00,+6.000000E-04
+1.1134000000E+00,+2.750000E-04
+1.1139000000E+00,+2.770833E-04
+1.1144000000E+00,+6.541667E-04
+1.1149000000E+00,+4.729167E-04
+1.1154000000E+00,+2.770833E-04
+1.1159000000E+00,+4.062500E-04
+1.1164000000E+00,+4.062500E-04
+1.1169000000E+00,+2.916667E-04
+1.1174000000E+00,+3.395833E-04
+1.1179000000E+00,+4.041667E-04
+1.1184000000E+00,+2.854167E-04
+1.1189000000E+00,-1.125000E-04
+1.1194000000E+00,+1.083333E-04
+1.1199000000E+00,+2.500000E-04
+1.1204000000E+00,+1.250000E-04
+1.1209000000E+00,+4.000000E-04
+1.1214000000E+00,-3.541667E-05
+1.1219000000E+00,-3.270833E-04
+1.1224000000E+00,-2.479167E-04
+1.1229000000E+00,-5.208333E-05
+1.1234000000E+00,+1.770833E-04
+1.1239000000E+00,-2.354167E-04
+1.1244000000E+00,-4.500000E-04
+1.1249000000E+00,-1.062500E-04
+1.1254000000E+00,+1.875000E-05
+1.1259000000E+00,-7.500000E-05
+1.1264000000E+00,-1.458334E-05
+1.1269000000E+00,-2.020833E-04
+1.1274000000E+00,-3.729167E-04
+1.1279000000E+00,+6.250000E-05
+1.1284000000E+00,-2.208333E-04
+1.1289000000E+00,+3.541667E-05
+1.1294000000E+00,-2.541667E-04
+1.1299000000E+00,-9.416667E-04
+1.1304000000E+00,-6.375000E-04
+1.1309000000E+00,-5.458333E-04
+1.1314000000E+00,-3.437500E-04
+1.1319000000E+00,-1.520833E-04
+1.1324000000E+00,-5.729167E-04
+1.1329000000E+00,-9.437500E-04
+1.1334000000E+00,-7.333333E-04
+1.1339000000E+00,-3.666667E-04
+1.1344000000E+00,-4.937500E-04
+1.1349000000E+00,-3.187500E-04
+1.1354000000E+00,-8.125000E-04
+1.1359000000E+00,-7.416666E-04
+1.1364000000E+00,-7.958334E-04
+1.1369000000E+00,-5.166667E-04
+1.1374000000E+00,-7.625000E-04
+1.1379000000E+00,-8.395833E-04
+1.1384000000E+00,-8.229167E-04
+1.1389000000E+00,-8.354167E-04
+1.1394000000E+00,-9.562500E-04
+1.1399000000E+00,-7.333333E-04
+1.1404000000E+00,-6.875000E-04
+1.1409000000E+00,-1.004167E-03
+1.1414000000E+00,-9.875001E-04
+1.1419000000E+00,-1.060417E-03
+1.1424000000E+00,-8.437500E-04
+1.1429000000E+00,-7.062500E-04
+1.1434000000E+00,-9.354167E-04
+1.1439000000E+00,-1.214583E-03
+1.1444000000E+00,-1.033333E-03
+1.1449000000E+00,-1.266667E-03
+1.1454000000E+00,-8.166667E-04
+1.1459000000E+00,-8.145833E-04
+1.1464000000E+00,-1.047917E-03
+1.1469000000E+00,-9.020834E-04
+1.1474000000E+00,-1.197917E-03
+1.1479000000E+00,-9.458333E-04
+1.1484000000E+00,-8.687500E-04
+1.1489000000E+00,-1.056250E-03
+1.1494000000E+00,-1.000000E-03
+1.1499000000E+00,-1.168750E-03
+1.1504000000E+00,-9.916667E-04
+1.1509000000E+00,-6.833333E-04
+1.1514000000E+00,-7.687500E-04
+1.1519000000E+00,-8.333334E-04
+1.1524000000E+00,-9.895833E-04
+1.1529000000E+00,-9.604167E-04
+1.1534000000E+00,-6.645833E-04
+1.1539000000E+00,-8.479167E-04
+1.1544000000E+00,-7.229167E-04
+1.1549000000E+00,-7.958334E-04
+1.1554000000E+00,-8.895833E-04
+1.1559000000E+00,-6.750000E-04
+1.1564000000E+00,-9.291667E-04
+1.1569000000E+00,-6.875000E-04
+1.1574000000E+00,-5.854167E-04
+1.1579000000E+00,-8.229167E-04
+1.1584000000E+00,-8.500000E-04
+1.1589000000E+00,-6.562500E-04
+1.1594000000E+00,-5.187500E-04
+1.1599000000E+00,-5.020833E-04
+1.1604000000E+00,-5.187500E-04
+1.1609000000E+00,-3.375000E-04
+1.1614000000E+00,-8.875000E-04
+1.1619000000E+00,-4.083333E-04
+1.1624000000E+00,-2.812500E-04
+1.1629000000E+00,-3.041667E-04
+1.1634000000E+00,-5.500000E-04
+1.1639000000E+00,-3.916667E-04
+1.1644000000E+00,-4.520833E-04
+1.1649000000E+00,-2.000000E-04
+1.1654000000E+00,-2.687500E-04
+1.1659000000E+00,-2.500000E-04
+1.1664000000E+00,-3.750000E-04
+1.1669000000E+00,-2.083333E-04
+1.1674000000E+00,-2.083335E-06
+1.1679000000E+00,+2.083332E-06
+1.1684000000E+00,+2.083333E-05
+1.1689000000E+00,+1.395833E-04
+1.1694000000E+00,-2.083333E-05
+1.1699000000E+00,+7.708334E-05
+1.1704000000E+00,-2.916667E-05
+1.1709000000E+00,+1.500000E-04
+1.1714000000E+00,+1.916667E-04
+1.1719000000E+00,+1.354167E-04
+1.1724000000E+00,-1.500000E-04
+1.1729000000E+00,+3.666667E-04
+1.1734000000E+00,+6.416666E-04
+1.1739000000E+00,+5.833333E-04
+1.1744000000E+00,+1.187500E-04
+1.1749000000E+00,+1.562500E-04
+1.1754000000E+00,+1.104167E-04
+1.1759000000E+00,+3.500000E-04
+1.1764000000E+00,+4.541667E-04
+1.1769000000E+00,+4.854167E-04
+1.1774000000E+00,+4.604167E-04
+1.1779000000E+00,+2.333333E-04
+1.1784000000E+00,+4.250000E-04
+1.1789000000E+00,+6.645833E-04
+1.1794000000E+00,+1.093750E-03
+1.1799000000E+00,+7.791667E-04
+1.1804000000E+00,+5.937500E-04
+1.1809000000E+00,+7.062500E-04
+1.1814000000E+00,+6.270834E-04
+1.1819000000E+00,+6.583334E-04
+1.1824000000E+00,+9.354167E-04
+1.1829000000E+00,+5.812500E-04
+1.1834000000E+00,+5.666667E-04
+1.1839000000E+00,+7.354167E-04
+1.1844000000E+00,+5.312500E-04
+1.1849000000E+00,+8.020833E-04
+1.1854000000E+00,+7.812500E-04
+1.1859000000E+00,+4.812500E-04
+1.1864000000E+00,+6.500000E-04
+1.1869000000E+00,+5.729166E-04
+1.1874000000E+00,+8.479167E-04
+1.1879000000E+00,+8.916667E-04
+1.1884000000E+00,+7.687500E-04
+1.1889000000E+00,+5.645833E-04
+1.1894000000E+00,+4.895834E-04
+1.1899000000E+00,+5.458333E-04
+1.1904000000E+00,+9.333334E-04
+1.1909000000E+00,+8.625000E-04
+1.1914000000E+00,+8.500000E-04
+1.1919000000E+00,+5.708333E-04
+1.1924000000E+00,+6.270834E-04
+1.1929000000E+00,+8.395833E-04
+1.1934000000E+00,+9.187500E-04
+1.1939000000E+00,+7.562500E-04
+1.1944000000E+00,+7.979167E-04
+1.1949000000E+00,+4.583334E-04
+1.1954000000E+00,+4.729167E-04
+1.1959000000E+00,+8.875000E-04
+1.1964000000E+00,+6.250000E-04
+1.1969000000E+00,+3.812500E-04
+1.1974000000E+00,+3.645833E-04
+1.1979000000E+00,+4.166667E-04
+1.1984000000E+00,+3.312500E-04
+1.1989000000E+00,+5.958333E-04
+1.1994000000E+00,+6.541667E-04
+1.1999000000E+00,+5.083333E-04
+1.2004000000E+00,+1.208333E-04
+1.2009000000E+00,+3.500000E-04
+1.2014000000E+00,+3.500000E-04
+1.2019000000E+00,+3.708333E-04
+1.2024000000E+00,+2.833333E-04
+1.2029000000E+00,+1.166667E-04
+1.2034000000E+00,+6.458334E-05
+1.2039000000E+00,+2.687500E-04
+1.2044000000E+00,+3.104167E-04
+1.2049000000E+00,+2.625000E-04
+1.2054000000E+00,+4.500000E-04
+1.2059000000E+00,+2.916667E-05
+1.2064000000E+00,-1.666667E-04
+1.2069000000E+00,+4.916667E-04
+1.2074000000E+00,+6.041667E-05
+1.2079000000E+00,+1.125000E-04
+1.2084000000E+00,-1.062500E-04
+1.2089000000E+00,-4.062500E-04
+1.2094000000E+00,-2.229167E-04
+1.2099000000E+00,-9.791667E-05
+1.2104000000E+00,-5.625000E-05
+1.2109000000E+00,-2.916667E-04
+1.2114000000E+00,-2.791667E-04
+1.2119000000E+00,-5.479167E-04
+1.2124000000E+00,-4.437500E-04
+1.2129000000E+00,-3.666667E-04
+1.2134000000E+00,-3.062500E-04
+1.2139000000E+00,-4.375000E-04
+1.2144000000E+00,-7.125000E-04
+1.2149000000E+00,-4.312500E-04
+1.2154000000E+00,-6.291667E-04
+1.2159000000E+00,-4.562500E-04
+1.2164000000E+00,-4.791667E-04
+1.2169000000E+00,-5.166667E-04
+1.2174000000E+00,-7.958334E-04
+1.2179000000E+00,-7.958334E-04
+1.2184000000E+00,-5.791667E-04
+1.2189000000E+00,-1.750000E-04
+1.2194000000E+00,-4.895834E-04
+1.2199000000E+00,-7.645834E-04
+1.2204000000E+00,-8.520833E-04
+1.2209000000E+00,-6.145833E-04
+1.2214000000E+00,-4.458333E-04
+1.2219000000E+00,-5.895834E-04
+1.2224000000E+00,-1.137500E-03
+1.2229000000E+00,-1.264583E-03
+1.2234000000E+00,-6.479167E-04
+1.2239000000E+00,-9.145833E-04
+1.2244000000E+00,-8.333334E-04
+1.2249000000E+00,-9.687500E-04
+1.2254000000E+00,-1.000000E-03
+1.2259000000E+00,-9.895833E-04
+1.2264000000E+00,-9.354167E-04
+1.2269000000E+00,-9.041667E-04
+1.2274000000E+00,-7.333333E-04
+1.2279000000E+00,-8.812500E-04
+1.2284000000E+00,-8.708333E-04
+1.2289000000E+00,-1.137500E-03
+1.2294000000E+00,-8.625000E-04
+1.2299000000E+00,-5.500000E-04
+1.2304000000E+00,-7.708333E-04
+1.2309000000E+00,-5.104167E-04
+1.2314000000E+00,-1.127083E-03
+1.2319000000E+00,-9.062500E-04
+1.2324000000E+00,-8.500000E-04
+1.2329000000E+00,-7.750000E-04
+1.2334000000E+00,-8.979167E-04
+1.2339000000E+00,-1.154167E-03
+1.2344000000E+00,-1.087500E-03
+1.2349000000E+00,-1.154167E-03
+1.2354000000E+00,-8.854167E-04
+1.2359000000E+00,-1.035417E-03
+1.2364000000E+00,-9.479167E-04
+1.2369000000E+00,-1.085417E-03
+1.2374000000E+00,-1.172917E-03
+1.2379000000E+00,-9.145833E-04
+1.2384000000E+00,-5.187500E-04
+1.2389000000E+00,-8.875000E-04
+1.2394000000E+00,-9.520833E-04
+1.2399000000E+00,-1.045833E-03
+1.2404000000E+00,-8.541667E-04
+1.2409000000E+00,-6.229167E-04
+1.2414000000E+00,-3.166667E-04
+1.2419000000E+00,-8.645834E-04
+1.2424000000E+00,-7.520833E-04
+1.2429000000E+00,-7.895834E-04
+1.2434000000E+00,-4.812500E-04
+1.2439000000E+00,-6.666667E-04
+1.2444000000E+00,-5.020833E-04
+1.2449000000E+00,-6.270834E-04
+1.2454000000E+00,-5.104167E-04
+1.2459000000E+00,-4.479167E-04
+1.2464000000E+00,-3.520833E-04
+1.2469000000E+00,-1.354167E-04
+1.2474000000E+00,-3.916667E-04
+1.2479000000E+00,-4.562500E-04
+1.2484000000E+00,-8.791667E-04
+1.2489000000E+00,-3.625000E-04
+1.2494000000E+00,-1.166667E-04
+1.2499000000E+00,-1.562500E-04
+1.2504000000E+00,-2.437500E-04
+1.2509000000E+00,-2.625000E-04
+1.2514000000E+00,-2.479167E-04
+1.2519000000E+00,-1.125000E-04
+1.2524000000E+00,+2.229167E-04
+1.2529000000E+00,-4.166667E-05
+1.2534000000E+00,+2.916667E-05
+1.2539000000E+00,+3.958333E-05
+1.2544000000E+00,+6.458334E-05
+1.2549000000E+00,+3.604167E-04
+1.2554000000E+00,+1.625000E-04
+1.2559000000E+00,+2.291667E-04
+1.2564000000E+00,+1.000000E-04
+1.2569000000E+00,-8.541667E-05
+1.2574000000E+00,+1.937500E-04
+1.2579000000E+00,+5.812500E-04
+1.2584000000E+00,+8.270834E-04
+1.2589000000E+00,+2.500000E-04
+1.2594000000E+00,+2.604167E-04
+1.2599000000E+00,+4.916667E-04
+1.2604000000E+00,+5.395833E-04
+1.2609000000E+00,+8.291667E-04
+1.2614000000E+00,+4.583334E-04
+1.2619000000E+00,+3.500000E-04
+1.2624000000E+00,+6.312500E-04
+1.2629000000E+00,+3.937500E-04
+1.2634000000E+00,+6.687500E-04
+1.2639000000E+00,+6.666667E-04
+1.2644000000E+00,+5.479167E-04
+1.2649000000E+00,+5.500000E-04
+1.2654000000E+00,+5.458333E-04
+1.2659000000E+00,+7.729167E-04
+1.2664000000E+00,+9.875000E-04
+1.2669000000E+00,+7.104167E-04
+1.2674000000E+00,+4.729167E-04
+1.2679000000E+00,+3.375000E-04
+1.2684000000E+00,+5.145833E-04
+1.2689000000E+00,+7.979167E-04
+1.2694000000E+00,+6.645833E-04
+1.2699000000E+00,+8.208333E-04
+1.2704000000E+00,+6.208334E-04
+1.2709000000E+00,+5.208334E-04
+1.2714000000E+00,+7.791667E-04
+1.2719000000E+00,+1.085417E-03
+1.2724000000E+00,+5.166667E-04
+1.2729000000E+00,+3.770833E-04
+1.2734000000E+00,+5.041666E-04
+1.2739000000E+00,+5.666667E-04
+1.2744000000E+00,+8.604167E-04
+1.2749000000E+00,+8.250000E-04
+1.2754000000E+00,+6.604167E-04
+1.2759000000E+00,+5.104167E-04
+1.2764000000E+00,+4.708333E-04
+1.2769000000E+00,+3.708333E-04
+1.2774000000E+00,+6.645833E-04
+1.2779000000E+00,+7.916667E-04
+1.2784000000E+00,+6.166667E-04
+1.2789000000E+00,+3.437500E-04
+1.2794000000E+00,+2.750000E-04
+1.2799000000E+00,+3.854167E-04
+1.2804000000E+00,+7.187500E-04
+1.2809000000E+00,+6.562500E-04
+1.2814000000E+00,+3.333333E-04
+1.2819000000E+00,+3.604167E-04
+1.2824000000E+00,+3.562500E-04
+1.2829000000E+00,+5.145833E-04
+1.2834000000E+00,+6.208334E-04
+1.2839000000E+00,+6.020833E-04
+1.2844000000E+00,+5.708333E-04
+1.2849000000E+00,+1.104167E-04
+1.2854000000E+00,+2.458333E-04
+1.2859000000E+00,+5.062500E-04
+1.2864000000E+00,+4.187500E-04
+1.2869000000E+00,+2.395833E-04
+1.2874000000E+00,+1.562500E-04
+1.2879000000E+00,+1.041667E-04
+1.2884000000E+00,+2.895833E-04
+1.2889000000E+00,+2.916667E-04
+1.2894000000E+00,+2.479167E-04
+1.2899000000E+00,-2.208333E-04
+1.2904000000E+00,-1.666667E-04
+1.2909000000E+00,-1.250000E-04
+1.2914000000E+00,-2.583333E-04
+1.2919000000E+00,-1.125000E-04
+1.2924000000E+00,-1.375000E-04
+1.2929000000E+00,-3.750000E-05
+1.2934000000E+00,-3.291667E-04
+1.2939000000E+00,-7.291667E-05
+1.2944000000E+00,-1.458334E-05
+1.2949000000E+00,-2.875000E-04
+1.2954000000E+00,-2.312500E-04
+1.2959000000E+00,+1.875000E-05
+1.2964000000E+00,-8.000000E-04
+1.2969000000E+00,-1.791667E-04
+1.2974000000E+00,+1.458333E-05
+1.2979000000E+00,-5.125000E-04
+1.2984000000E+00,-5.020833E-04
+1.2989000000E+00,-6.000000E-04
+1.2994000000E+00,-4.833333E-04
+1.2999000000E+00,-3.625000E-04
+1.3004000000E+00,-2.750000E-04
+1.3009000000E+00,-6.250000E-04
+1.3014000000E+00,-9.708334E-04
+1.3019000000E+00,-7.770833E-04
+1.3024000000E+00,-6.062500E-04
+1.3029000000E+00,-3.812500E-04
+1.3034000000E+00,-5.125000E-04
+1.3039000000E+00,-8.750000E-04
+1.3044000000E+00,-8.375000E-04
+1.3049000000E+00,-4.895834E-04
+1.3054000000E+00,-8.479167E-04
+1.3059000000E+00,-7.854167E-04
+1.3064000000E+00,-7.125000E-04
+1.3069000000E+00,-8.812500E-04
+1.3074000000E+00,-1.125000E-03
+1.3079000000E+00,-9.750000E-04
+1.3084000000E+00,-8.250000E-04
+1.3089000000E+00,-6.291667E-04
+1.3094000000E+00,-7.562500E-04
+1.3099000000E+00,-1.106250E-03
+1.3104000000E+00,-9.875001E-04
+1.3109000000E+00,-9.083333E-04
+1.3114000000E+00,-8.604167E-04
+1.3119000000E+00,-8.895833E-04
+1.3124000000E+00,-9.250000E-04
+1.3129000000E+00,-1.079167E-03
+1.3134000000E+00,-1.118750E-03
+1.3139000000E+00,-8.500000E-04
+1.3144000000E+00,-8.375000E-04
+1.3149000000E+00,-8.020833E-04
+1.3154000000E+00,-9.854167E-04
+1.3159000000E+00,-1.272917E-03
+1.3164000000E+00,-1.185417E-03
+1.3169000000E+00,-1.041667E-03
+1.3174000000E+00,-5.854167E-04
+1.3179000000E+00,-1.137500E-03
+1.3184000000E+00,-8.791667E-04
+1.3189000000E+00,-1.041667E-03
+1.3194000000E+00,-1.052083E-03
+1.3199000000E+00,-6.916667E-04
+1.3204000000E+00,-6.958334E-04
+1.3209000000E+00,-1.360417E-03
+1.3214000000E+00,-1.225000E-03
+1.3219000000E+00,-9.041667E-04
+1.3224000000E+00,-7.770833E-04
+1.3229000000E+00,-4.395834E-04
+1.3234000000E+00,-7.187500E-04
+1.3239000000E+00,-7.604167E-04
+1.3244000000E+00,-7.750000E-04
+1.3249000000E+00,-7.416666E-04
+1.3254000000E+00,-5.000000E-04
+1.3259000000E+00,-3.145833E-04
+1.3264000000E+00,-5.916667E-04
+1.3269000000E+00,-8.541667E-04
+1.3274000000E+00,-6.104167E-04
+1.3279000000E+00,-6.500000E-04
+1.3284000000E+00,-3.375000E-04
+1.3289000000E+00,-2.770833E-04
+1.3294000000E+00,-6.354167E-04
+1.3299000000E+00,-7.145833E-04
+1.3304000000E+00,-4.166667E-04
+1.3309000000E+00,-2.958333E-04
+1.3314000000E+00,-4.291667E-04
+1.3319000000E+00,-3.812500E-04
+1.3324000000E+00,-5.520834E-04
+1.3329000000E+00,-2.916667E-04
+1.3334000000E+00,-2.666667E-04
+1.3339000000E+00,-8.541667E-05
+1.3344000000E+00,+3.750000E-05
+1.3349000000E+00,-2.104167E-04
+1.3354000000E+00,-4.729167E-04
+1.3359000000E+00,-2.395833E-04
+1.3364000000E+00,-5.625000E-05
+1.3369000000E+00,+3.312500E-04
+1.3374000000E+00,+1.291667E-04
+1.3379000000E+00,-1.062500E-04
+1.3384000000E+00,+1.020833E-04
+1.3389000000E+00,-1.958333E-04
+1.3394000000E+00,+2.916667E-04
+1.3399000000E+00,+5.354166E-04
+1.3404000000E+00,-7.083334E-05
+1.3409000000E+00,+1.875000E-05
+1.3414000000E+00,+2.500000E-04
+1.3419000000E+00,+2.208333E-04
+1.3424000000E+00,+5.020833E-04
+1.3429000000E+00,+1.770833E-04
+1.3434000000E+00,+3.062500E-04
+1.3439000000E+00,+3.229167E-04
+1.3444000000E+00,+3.583333E-04
+1.3449000000E+00,+6.666667E-04
+1.3454000000E+00,+6.250000E-04
+1.3459000000E+00,+5.520834E-04
+1.3464000000E+00,+2.854167E-04
+1.3469000000E+00,+4.312500E-04
+1.3474000000E+00,+2.145833E-04
+1.3479000000E+00,+6.645833E-04
+1.3484000000E+00,+7.583334E-04
+1.3489000000E+00,+6.250000E-04
+1.3494000000E+00,+1.250000E-04
+1.3499000000E+00,+5.708333E-04
+1.3504000000E+00,+6.291667E-04
+1.3509000000E+00,+6.479167E-04
+1.3514000000E+00,+5.416667E-04
+1.3519000000E+00,+4.708333E-04
+1.3524000000E+00,+8.062500E-04
+1.3529000000E+00,+5.270833E-04
+1.3534000000E+00,+1.218750E-03
+1.3539000000E+00,+7.250000E-04
+1.3544000000E+00,+8.375000E-04
+1.3549000000E+00,+6.333333E-04
+1.3554000000E+00,+7.395833E-04
+1.3559000000E+00,+7.187500E-04
+1.3564000000E+00,+7.979167E-04
+1.3569000000E+00,+4.583334E-04
+1.3574000000E+00,+6.625000E-04
+1.3579000000E+00,+4.895834E-04
+1.3584000000E+00,+8.333334E-04
+1.3589000000E+00,+8.166667E-04
+1.3594000000E+00,+8.291667E-04
+1.3599000000E+00,+3.958333E-04
+1.3604000000E+00,+2.916667E-04
+1.3609000000E+00,+4.270833E-04
+1.3614000000E+00,+5.479167E-04
+1.3619000000E+00,+1.037500E-03
+1.3624000000E+00,+6.687500E-04
+1.3629000000E+00,+6.187500E-04
+1.3634000000E+00,+8.958333E-05
+1.3639000000E+00,+5.541667E-04
+1.3644000000E+00,+4.520833E-04
+1.3649000000E+00,+8.000000E-04
+1.3654000000E+00,+7.750000E-04
+1.3659000000E+00,+4.604167E-04
+1.3664000000E+00,+2.125000E-04
+1.3669000000E+00,+3.270833E-04
+1.3674000000E+00,+5.750000E-04
+1.3679000000E+00,+7.395833E-04
+1.3684000000E+00,+4.729167E-04
+1.3689000000E+00,+4.375000E-05
+1.3694000000E+00,+7.916667E-05
+1.3699000000E+00,+5.062500E-04
+1.3704000000E+00,+4.375000E-04
+1.3709000000E+00,+2.000000E-04
+1.3714000000E+00,+5.145833E-04
+1.3719000000E+00,+5.416667E-05
+1.3724000000E+00,+3.958333E-05
+1.3729000000E+00,+5.375000E-04
+1.3734000000E+00,-2.708334E-05
+1.3739000000E+00,+2.333333E-04
+1.3744000000E+00,+1.250000E-05
+1.3749000000E+00,-2.770833E-04
+1.3754000000E+00,-9.791667E-05
+1.3759000000E+00,+1.479167E-04
+1.3764000000E+00,+3.979167E-04
+1.3769000000E+00,-2.604167E-04
+1.3774000000E+00,-1.625000E-04
+1.3779000000E+00,-4.208333E-04
+1.3784000000E+00,+6.250000E-05
+1.3789000000E+00,-2.291667E-05
+1.3794000000E+00,-1.250000E-04
+1.3799000000E+00,-4.666667E-04
+1.3804000000E+00,-3.958333E-04
+1.3809000000E+00,-5.729167E-04
+1.3814000000E+00,-3.187500E-04
+1.3819000000E+00,-2.750000E-04
+1.3824000000E+00,-4.687500E-04
+1.3829000000E+00,-3.020833E-04
+1.3834000000E+00,-5.812500E-04
+1.3839000000E+00,-5.562500E-04
+1.3844000000E+00,-6.166667E-04
+1.3849000000E+00,-5.854167E-04
+1.3854000000E+00,-5.895834E-04
+1.3859000000E+00,-6.583334E-04
+1.3864000000E+00,-8.583334E-04
+1.3869000000E+00,-6.250000E-04
+1.3874000000E+00,-6.979167E-04
+1.3879000000E+00,-5.833333E-04
+1.3884000000E+00,-5.479167E-04
+1.3889000000E+00,-8.645834E-04
+1.3894000000E+00,-8.625000E-04
+1.3899000000E+00,-8.604167E-04
+1.3904000000E+00,-6.729166E-04
+1.3909000000E+00,-7.166667E-04
+1.3914000000E+00,-9.625000E-04
+1.3919000000E+00,-9.187500E-04
+1.3924000000E+00,-7.958334E-04
+1.3929000000E+00,-9.062500E-04
+1.3934000000E+00,-8.250000E-04
+1.3939000000E+00,-9.520833E-04
+1.3944000000E+00,-1.033333E-03
+1.3949000000E+00,-1.162500E-03
+1.3954000000E+00,-1.077083E-03
+1.3959000000E+00,-7.208334E-04
+1.3964000000E+00,-7.520833E-04
+1.3969000000E+00,-9.979167E-04
+1.3974000000E+00,-1.143750E-03
+1.3979000000E+00,-1.066667E-03
+1.3984000000E+00,-6.854167E-04
+1.3989000000E+00,-7.520833E-04
+1.3994000000E+00,-8.604167E-04
+1.3999000000E+00,-9.062500E-04
+1.4004000000E+00,-1.081250E-03
+1.4009000000E+00,-1.004167E-03
+1.4014000000E+00,-9.979167E-04
+1.4019000000E+00,-9.791667E-04
+1.4024000000E+00,-8.125000E-04
+1.4029000000E+00,-9.750000E-04
+1.4034000000E+00,-9.208333E-04
+1.4039000000E+00,-8.875000E-04
+1.4044000000E+00,-8.562500E-04
+1.4049000000E+00,-6.958334E-04
+1.4054000000E+00,-9.041667E-04
+1.4059000000E+00,-1.168750E-03
+1.4064000000E+00,-7.833333E-04
+1.4069000000E+00,-7.333333E-04
+1.4074000000E+00,-6.500000E-04
+1.4079000000E+00,-8.604167E-04
+1.4084000000E+00,-7.083333E-04
+1.4089000000E+00,-1.002083E-03
+1.4094000000E+00,-7.104167E-04
+1.4099000000E+00,-4.916667E-04
+1.4104000000E+00,-6.458333E-04
+1.4109000000E+00,-7.083333E-04
+1.4114000000E+00,-1.125000E-03
+1.4119000000E+00,-9.395833E-04
+1.4124000000E+00,-4.979167E-04
+1.4129000000E+00,-1.033333E-03
+1.4134000000E+00,-3.645833E-04
+1.4139000000E+00,-8.833333E-04
+1.4144000000E+00,-7.270834E-04
+1.4149000000E+00,-5.062500E-04
+1.4154000000E+00,-3.312500E-04
+1.4159000000E+00,-3.187500E-04
+1.4164000000E+00,-4.541667E-04
+1.4169000000E+00,-5.437500E-04
+1.4174000000E+00,-9.312500E-04
+1.4179000000E+00,-2.645833E-04
+1.4184000000E+00,-1.333333E-04
+1.4189000000E+00,+1.291667E-04
+1.4194000000E+00,-1.666667E-04
+1.4199000000E+00,-6.125000E-04
+1.4204000000E+00,-2.000000E-04
+1.4209000000E+00,+5.416667E-05
+1.4214000000E+00,-2.500000E-05
+1.4219000000E+00,+4.375000E-05
+1.4224000000E+00,-1.250000E-05
+1.4229000000E+00,+1.895833E-04
+1.4234000000E+00,+7.500000E-05
+1.4239000000E+00,+2.750000E-04
+1.4244000000E+00,+1.708333E-04
+1.4249000000E+00,+3.916667E-04
+1.4254000000E+00,-7.083334E-05
+1.4259000000E+00,+3.895833E-04
+1.4264000000E+00,+2.875000E-04
+1.4269000000E+00,+4.125000E-04
+1.4274000000E+00,+6.000000E-04
+1.4279000000E+00,+5.312500E-04
+1.4284000000E+00,+1.750000E-04
+1.4289000000E+00,+3.187500E-04
+1.4294000000E+00,+7.687500E-04
+1.4299000000E+00,+5.291667E-04
+1.4304000000E+00,+4.958333E-04
+1.4309000000E+00,+7.083333E-05
+1.4314000000E+00,+4.166667E-04
+1.4319000000E+00,+3.145833E-04
+1.4324000000E+00,+6.583334E-04
+1.4329000000E+00,+9.062500E-04
+1.4334000000E+00,+5.354166E-04
+1.4339000000E+00,+5.687500E-04
+1.4344000000E+00,+5.458333E-04
+1.4349000000E+00,+5.645833E-04
+1.4354000000E+00,+8.625000E-04
+1.4359000000E+00,+7.916667E-04
+1.4364000000E+00,+7.270834E-04
+1.4369000000E+00,+7.270834E-04
+1.4374000000E+00,+5.687500E-04
+1.4379000000E+00,+7.666667E-04
+1.4384000000E+00,+1.185417E-03
+1.4389000000E+00,+7.583334E-04
+1.4394000000E+00,+1.145833E-04
+1.4399000000E+00,+5.083333E-04
+1.4404000000E+00,+5.270833E-04
+1.4409000000E+00,+6.333333E-04
+1.4414000000E+00,+8.541667E-04
+1.4419000000E+00,+6.708333E-04
+1.4424000000E+00,+7.375000E-04
+1.4429000000E+00,+5.125000E-04
+1.4434000000E+00,+6.312500E-04
+1.4439000000E+00,+8.395833E-04
+1.4444000000E+00,+8.020833E-04
+1.4449000000E+00,+5.833333E-04
+1.4454000000E+00,+4.145833E-04
+1.4459000000E+00,+1.187500E-04
+1.4464000000E+00,+5.208334E-04
+1.4469000000E+00,+1.004167E-03
+1.4474000000E+00,+6.333333E-04
+1.4479000000E+00,+4.666667E-04
+1.4484000000E+00,+2.354167E-04
+1.4489000000E+00,+8.125000E-04
+1.4494000000E+00,+4.708333E-04
+1.4499000000E+00,+4.812500E-04
+1.4504000000E+00,+3.854167E-04
+1.4509000000E+00,+4.375000E-04
+1.4514000000E+00,+4.375000E-04
+1.4519000000E+00,+4.208333E-04
+1.4524000000E+00,+2.895833E-04
+1.4529000000E+00,+3.062500E-04
+1.4534000000E+00,+2.500000E-04
+1.4539000000E+00,+3.000000E-04
+1.4544000000E+00,+7.708334E-05
+1.4549000000E+00,+4.562500E-04
+1.4554000000E+00,+6.458333E-04
+1.4559000000E+00,+2.354167E-04
+1.4564000000E+00,+9.583333E-05
+1.4569000000E+00,-1.041667E-04
+1.4574000000E+00,+1.020833E-04
+1.4579000000E+00,+2.770833E-04
+1.4584000000E+00,+1.083333E-04
+1.4589000000E+00,+1.208333E-04
+1.4594000000E+00,+1.479167E-04
+1.4599000000E+00,+4.166667E-05
+1.4604000000E+00,+6.041667E-05
+1.4609000000E+00,+1.666667E-05
+1.4614000000E+00,-4.375000E-05
+1.4619000000E+00,-4.812500E-04
+1.4624000000E+00,-2.729167E-04
+1.4629000000E+00,-1.812500E-04
+1.4634000000E+00,-3.416667E-04
+1.4639000000E+00,-3.541667E-05
+1.4644000000E+00,-1.500000E-04
+1.4649000000E+00,-4.229167E-04
+1.4654000000E+00,-5.708333E-04
+1.4659000000E+00,-3.604167E-04
+1.4664000000E+00,-6.000000E-04
+1.4669000000E+00,-2.729167E-04
+1.4674000000E+00,-4.625000E-04
+1.4679000000E+00,-7.250000E-04
+1.4684000000E+00,-6.104167E-04
+1.4689000000E+00,-4.625000E-04
+1.4694000000E+00,-5.770833E-04
+1.4699000000E+00,-6.687500E-04
+1.4704000000E+00,-6.708333E-04
+1.4709000000E+00,-8.354167E-04
+1.4714000000E+00,-6.666667E-04
+1.4719000000E+00,-5.791667E-04
+1.4724000000E+00,-5.875000E-04
+1.4729000000E+00,-5.520834E-04
+1.4734000000E+00,-7.708333E-04
+1.4739000000E+00,-1.012500E-03
+1.4744000000E+00,-7.791667E-04
+1.4749000000E+00,-5.937500E-04
+1.4754000000E+00,-6.250000E-04
+1.4759000000E+00,-9.125000E-04
+1.4764000000E+00,-8.937500E-04
+1.4769000000E+00,-1.106250E-03
+1.4774000000E+00,-7.750000E-04
+1.4779000000E+00,-3.604167E-04
+1.4784000000E+00,-6.895834E-04
+1.4789000000E+00,-1.479167E-03
+1.4794000000E+00,-1.085417E-03
+1.4799000000E+00,-8.270834E-04
+1.4804000000E+00,-9.250000E-04
+1.4809000000E+00,-8.666667E-04
+1.4814000000E+00,-9.395833E-04
+1.4819000000E+00,-1.110417E-03
+1.4824000000E+00,-1.081250E-03
+1.4829000000E+00,-9.437500E-04
+1.4834000000E+00,-6.833333E-04
+1.4839000000E+00,-8.166667E-04
+1.4844000000E+00,-9.895833E-04
+1.4849000000E+00,-1.208333E-03
+1.4854000000E+00,-9.000000E-04
+1.4859000000E+00,-8.395833E-04
+1.4864000000E+00,-7.854167E-04
+1.4869000000E+00,-8.104167E-04
+1.4874000000E+00,-1.087500E-03
+1.4879000000E+00,-1.143750E-03
+1.4884000000E+00,-9.041667E-04
+1.4889000000E+00,-7.375000E-04
+1.4894000000E+00,-1.093750E-03
+1.4899000000E+00,-8.875000E-04
+1.4904000000E+00,-8.875000E-04
+1.4909000000E+00,-9.520833E-04
+1.4914000000E+00,-7.958334E-04
+1.4919000000E+00,-5.666667E-04
+1.4924000000E+00,-7.291667E-04
+1.4929000000E+00,-7.583334E-04
+1.4934000000E+00,-1.012500E-03
+1.4939000000E+00,-7.708333E-04
+1.4944000000E+00,-6.958334E-04
+1.4949000000E+00,-4.833333E-04
+1.4954000000E+00,-6.375000E-04
+1.4959000000E+00,-7.354167E-04
+1.4964000000E+00,-6.937500E-04
+1.4969000000E+00,-6.541667E-04
+1.4974000000E+00,-1.979167E-04
+1.4979000000E+00,-1.729167E-04
+1.4984000000E+00,-6.791667E-04
+1.4989000000E+00,-6.354167E-04
+1.4994000000E+00,-3.395833E-04
+1.4999000000E+00,-1.666667E-04
+1.5004000000E+00,-2.708333E-04
+1.5009000000E+00,-1.166667E-04
+1.5014000000E+00,-4.229167E-04
+1.5019000000E+00,-2.395833E-04
+1.5024000000E+00,-4.312500E-04
+1.5029000000E+00,-5.416667E-05
+1.5034000000E+00,+1.125000E-04
+1.5039000000E+00,+1.875000E-05
+1.5044000000E+00,-2.041667E-04
+1.5049000000E+00,-8.750000E-05
+1.5054000000E+00,-6.250000E-05
+1.5059000000E+00,+1.812500E-04
+1.5064000000E+00,+3.416667E-04
+1.5069000000E+00,+3.625000E-04
+1.5074000000E+00,-1.791667E-04
+1.5079000000E+00,+8.333332E-06
+1.5084000000E+00,+5.333333E-04
+1.5089000000E+00,+3.958333E-05
+1.5094000000E+00,+2.895833E-04
+1.5099000000E+00,+2.916667E-05
+1.5104000000E+00,+1.145833E-04
+1.5109000000E+00,+3.500000E-04
+1.5114000000E+00,+5.354166E-04
+1.5119000000E+00,+5.750000E-04
+1.5124000000E+00,+3.854167E-04
+1.5129000000E+00,+3.041667E-04
+1.5134000000E+00,+2.000000E-04
+1.5139000000E+00,+5.083333E-04
+1.5144000000E+00,+6.437500E-04
+1.5149000000E+00,+6.458333E-04
+1.5154000000E+00,+5.458333E-04
+1.5159000000E+00,+4.937500E-04
+1.5164000000E+00,+4.562500E-04
+1.5169000000E+00,+5.604167E-04
+1.5174000000E+00,+8.520833E-04
+1.5179000000E+00,+8.104166E-04
+1.5184000000E+00,+6.333333E-04
+1.5189000000E+00,+6.083333E-04
+1.5194000000E+00,+5.958333E-04
+1.5199000000E+00,+8.041667E-04
+1.5204000000E+00,+2.458333E-04
+1.5209000000E+00,+6.375000E-04
+1.5214000000E+00,+7.416666E-04
+1.5219000000E+00,+6.833333E-04
+1.5224000000E+00,+6.812500E-04
+1.5229000000E+00,+7.041667E-04
+1.5234000000E+00,+9.541667E-04
+1.5239000000E+00,+6.125000E-04
+1.5244000000E+00,+4.812500E-04
+1.5249000000E+00,+5.833333E-04
+1.5254000000E+00,+7.708333E-04
+1.5259000000E+00,+8.729167E-04
+1.5264000000E+00,+5.583334E-04
+1.5269000000E+00,+7.875000E-04
+1.5274000000E+00,+7.750000E-04
+1.5279000000E+00,+7.604167E-04
+1.5284000000E+00,+1.027083E-03
+1.5289000000E+00,+7.166667E-04
+1.5294000000E+00,+7.604167E-04
+1.5299000000E+00,+5.250000E-04
+1.5304000000E+00,+3.416667E-04
+1.5309000000E+00,+5.354166E-04
+1.5314000000E+00,+6.354167E-04
+1.5319000000E+00,+7.000000E-04
+1.5324000000E+00,+5.000000E-04
+1.5329000000E+00,+3.666667E-04
+1.5334000000E+00,+3.666667E-04
+1.5339000000E+00,+4.291667E-04
+1.5344000000E+00,+9.437500E-04
+1.5349000000E+00,+4.291667E-04
+1.5354000000E+00,+3.104167E-04
+1.5359000000E+00,+3.479167E-04
+1.5364000000E+00,+3.750000E-04
+1.5369000000E+00,+6.979167E-04
+1.5374000000E+00,+3.145833E-04
+1.5379000000E+00,+2.208333E-04
+1.5384000000E+00,+1.812500E-04
+1.5389000000E+00,+2.958333E-04
+1.5394000000E+00,+2.187500E-04
+1.5399000000E+00,+2.812500E-04
+1.5404000000E+00,+4.166667E-05
+1.5409000000E+00,-3.125000E-05
+1.5414000000E+00,+7.916667E-05
+1.5419000000E+00,+6.666667E-05
+1.5424000000E+00,+1.854167E-04
+1.5429000000E+00,+6.250000E-05
+1.5434000000E+00,+1.270833E-04
+1.5439000000E+00,-3.250000E-04
+1.5444000000E+00,-2.000000E-04
+1.5449000000E+00,-4.020833E-04
+1.5454000000E+00,-1.916667E-04
+1.5459000000E+00,-5.416667E-05
+1.5464000000E+00,-2.645833E-04
+1.5469000000E+00,-3.937500E-04
+1.5474000000E+00,-3.854167E-04
+1.5479000000E+00,+4.166667E-05
+1.5484000000E+00,-3.083333E-04
+1.5489000000E+00,-3.750000E-04
+1.5494000000E+00,-3.229167E-04
+1.5499000000E+00,-3.687500E-04
+1.5504000000E+00,-5.937500E-04
+1.5509000000E+00,-4.437500E-04
+1.5514000000E+00,-5.020833E-04
+1.5519000000E+00,-2.520834E-04
+1.5524000000E+00,-5.541667E-04
+1.5529000000E+00,-5.729167E-04
+1.5534000000E+00,-6.520834E-04
+1.5539000000E+00,-4.208333E-04
+1.5544000000E+00,-5.562500E-04
+1.5549000000E+00,-6.166667E-04
+1.5554000000E+00,-9.645834E-04
+1.5559000000E+00,-8.687500E-04
+1.5564000000E+00,-8.000000E-04
+1.5569000000E+00,-5.750000E-04
+1.5574000000E+00,-6.729166E-04
+1.5579000000E+00,-9.625000E-04
+1.5584000000E+00,-9.312500E-04
+1.5589000000E+00,-7.229167E-04
+1.5594000000E+00,-7.583334E-04
+1.5599000000E+00,-7.687500E-04
+1.5604000000E+00,-7.979167E-04
+1.5609000000E+00,-8.458333E-04
+1.5614000000E+00,-6.708333E-04
+1.5619000000E+00,-8.979167E-04
+1.5624000000E+00,-4.520833E-04
+1.5629000000E+00,-6.500000E-04
+1.5634000000E+00,-1.031250E-03
+1.5639000000E+00,-1.087500E-03
+1.5644000000E+00,-9.479167E-04
+1.5649000000E+00,-6.958334E-04
+1.5654000000E+00,-8.145833E-04
+1.5659000000E+00,-7.645834E-04
+1.5664000000E+00,-9.625000E-04
+1.5669000000E+00,-1.077083E-03
+1.5674000000E+00,-1.304167E-03
+1.5679000000E+00,-7.104167E-04
+1.5684000000E+00,-7.500000E-04
+1.5689000000E+00,-1.316667E-03
+1.5694000000E+00,-9.979167E-04
+1.5699000000E+00,-1.027083E-03
+1.5704000000E+00,-9.333334E-04
+1.5709000000E+00,-6.916667E-04
+1.5714000000E+00,-8.500000E-04
+1.5719000000E+00,-1.079167E-03
+1.5724000000E+00,-9.770833E-04
+1.5729000000E+00,-9.958333E-04
+1.5734000000E+00,-7.729167E-04
+1.5739000000E+00,-6.812500E-04
+1.5744000000E+00,-7.833333E-04
+1.5749000000E+00,-1.060417E-03
+1.5754000000E+00,-8.729167E-04
+1.5759000000E+00,-7.166667E-04
+1.5764000000E+00,-7.125000E-04
+1.5769000000E+00,-4.187500E-04
+1.5774000000E+00,-8.145833E-04
+1.5779000000E+00,-1.039583E-03
+1.5784000000E+00,-6.187500E-04
+1.5789000000E+00,-9.625000E-04
+1.5794000000E+00,-4.541667E-04
+1.5799000000E+00,-7.208334E-04
+1.5804000000E+00,-6.854167E-04
+1.5809000000E+00,-5.791667E-04
+1.5814000000E+00,-6.041666E-04
+1.5819000000E+00,-1.875000E-04
+1.5824000000E+00,-2.687500E-04
+1.5829000000E+00,-3.375000E-04
+1.5834000000E+00,-5.333333E-04
+1.5839000000E+00,-5.916667E-04
+1.5844000000E+00,-2.875000E-04
+1.5849000000E+00,-3.458333E-04
+1.5854000000E+00,-4.791667E-05
+1.5859000000E+00,-8.541667E-05
+1.5864000000E+00,-4.062500E-04
+1.5869000000E+00,-2.375000E-04
+1.5874000000E+00,-9.791667E-05
+1.5879000000E+00,-8.125000E-05
+1.5884000000E+00,-5.416667E-05
+1.5889000000E+00,-5.000000E-05
+1.5894000000E+00,-1.875000E-05
+1.5899000000E+00,+4.791667E-05
+1.5904000000E+00,+6.875000E-05
+1.5909000000E+00,+3.354167E-04
+1.5914000000E+00,+1.395833E-04
+1.5919000000E+00,+1.812500E-04
+1.5924000000E+00,-1.500000E-04
+1.5929000000E+00,+2.770833E-04
+1.5934000000E+00,+1.270833E-04
+1.5939000000E+00,+5.625000E-04
+1.5944000000E+00,+1.895833E-04
+1.5949000000E+00,+2.770833E-04
+1.5954000000E+00,+5.625000E-05
+1.5959000000E+00,+5.145833E-04
+1.5964000000E+00,+6.062500E-04
+1.5969000000E+00,+7.104167E-04
+1.5974000000E+00,+3.125000E-04
+1.5979000000E+00,+5.229167E-04
+1.5984000000E+00,+8.791666E-04
+1.5989000000E+00,+6.354167E-04
+1.5994000000E+00,+2.875000E-04
+1.5999000000E+00,+6.416666E-04
+1.6004000000E+00,+5.083333E-04
+1.6009000000E+00,+5.208334E-04
+1.6014000000E+00,+7.708333E-04
+1.6019000000E+00,+7.229167E-04
+1.6024000000E+00,+8.437500E-04
+1.6029000000E+00,+5.895834E-04
+1.6034000000E+00,+5.416667E-04
+1.6039000000E+00,+5.937500E-04
+1.6044000000E+00,+8.083333E-04
+1.6049000000E+00,+8.916667E-04
+1.6054000000E+00,+1.095833E-03
+1.6059000000E+00,+3.333333E-04
+1.6064000000E+00,+4.645833E-04
+1.6069000000E+00,+8.291667E-04
+1.6074000000E+00,+8.208333E-04
+1.6079000000E+00,+7.416666E-04
+1.6084000000E+00,+7.437500E-04
+1.6089000000E+00,+4.750000E-04
+1.6094000000E+00,+6.375000E-04
+1.6099000000E+00,+7.541667E-04
+1.6104000000E+00,+8.354167E-04
+1.6109000000E+00,+6.541667E-04
+1.6114000000E+00,+4.791667E-04
+1.6119000000E+00,+6.166667E-04
+1.6124000000E+00,+6.083333E-04
+1.6129000000E+00,+6.812500E-04
+1.6134000000E+00,+7.729167E-04
+1.6139000000E+00,+7.854167E-04
+1.6144000000E+00,+6.375000E-04
+1.6149000000E+00,+4.270833E-04
+1.6154000000E+00,+4.958333E-04
+1.6159000000E+00,+7.500000E-04
+1.6164000000E+00,+6.104167E-04
+1.6169000000E+00,+3.708333E-04
+1.6174000000E+00,+5.812500E-04
+1.6179000000E+00,+6.041666E-04
+1.6184000000E+00,+6.375000E-04
+1.6189000000E+00,+4.625000E-04
+1.6194000000E+00,+5.354166E-04
+1.6199000000E+00,+4.750000E-04
+1.6204000000E+00,+3.562500E-04
+1.6209000000E+00,+1.250000E-04
+1.6214000000E+00,+2.791667E-04
+1.6219000000E+00,+4.354167E-04
+1.6224000000E+00,+3.187500E-04
+1.6229000000E+00,+7.291666E-05
+1.6234000000E+00,-1.020833E-04
+1.6239000000E+00,+1.833333E-04
+1.6244000000E+00,+3.166667E-04
+1.6249000000E+00,+1.541667E-04
+1.6254000000E+00,+6.041667E-05
+1.6259000000E+00,-1.520833E-04
+1.6264000000E+00,-7.708334E-05
+1.6269000000E+00,+4.791667E-05
+1.6274000000E+00,+1.104167E-04
+1.6279000000E+00,+4.833333E-04
+1.6284000000E+00,-2.145833E-04
+1.6289000000E+00,-3.250000E-04
+1.6294000000E+00,-1.812500E-04
+1.6299000000E+00,-3.416667E-04
+1.6304000000E+00,-2.979167E-04
+1.6309000000E+00,+6.249998E-06
+1.6314000000E+00,-2.666667E-04
+1.6319000000E+00,-4.458333E-04
+1.6324000000E+00,-3.854167E-04
+1.6329000000E+00,-1.645833E-04
+1.6334000000E+00,-1.979167E-04
+1.6339000000E+00,-2.687500E-04
+1.6344000000E+00,-5.895834E-04
+1.6349000000E+00,-5.729167E-04
+1.6354000000E+00,-5.625000E-04
+1.6359000000E+00,-2.520834E-04
+1.6364000000E+00,-6.145833E-04
+1.6369000000E+00,-7.770833E-04
+1.6374000000E+00,-8.270834E-04
+1.6379000000E+00,-4.416667E-04
+1.6384000000E+00,-4.916667E-04
+1.6389000000E+00,-7.000000E-04
+1.6394000000E+00,-8.583334E-04
+1.6399000000E+00,-7.958334E-04
+1.6404000000E+00,-7.895834E-04
+1.6409000000E+00,-7.208334E-04
+1.6414000000E+00,-7.020833E-04
+1.6419000000E+00,-5.250000E-04
+1.6424000000E+00,-8.395833E-04
+1.6429000000E+00,-1.020833E-03
+1.6434000000E+00,-1.020833E-03
+1.6439000000E+00,-9.104167E-04
+1.6444000000E+00,-7.312500E-04
+1.6449000000E+00,-8.875000E-04
+1.6454000000E+00,-1.052083E-03
+1.6459000000E+00,-1.125000E-03
+1.6464000000E+00,-9.416667E-04
+1.6469000000E+00,-7.458333E-04
+1.6474000000E+00,-1.091667E-03
+1.6479000000E+00,-1.033333E-03
+1.6484000000E+00,-1.125000E-03
+1.6489000000E+00,-9.437500E-04
+1.6494000000E+00,-1.097917E-03
+1.6499000000E+00,-8.062500E-04
+1.6504000000E+00,-1.054167E-03
+1.6509000000E+00,-1.143750E-03
+1.6514000000E+00,-1.122917E-03
+1.6519000000E+00,-1.097917E-03
+1.6524000000E+00,-8.750000E-04
+1.6529000000E+00,-7.895834E-04
+1.6534000000E+00,-8.062500E-04
+1.6539000000E+00,-1.091667E-03
+1.6544000000E+00,-8.583334E-04
+1.6549000000E+00,-8.041667E-04
+1.6554000000E+00,-8.125000E-04
+1.6559000000E+00,-9.145833E-04
+1.6564000000E+00,-9.937501E-04
+1.6569000000E+00,-9.750000E-04
+1.6574000000E+00,-1.133333E-03
+1.6579000000E+00,-9.437500E-04
+1.6584000000E+00,-4.416667E-04
+1.6589000000E+00,-9.875001E-04
+1.6594000000E+00,-8.520833E-04
+1.6599000000E+00,-1.097917E-03
+1.6604000000E+00,-8.291667E-04
+1.6609000000E+00,-7.333333E-04
+1.6614000000E+00,-5.541667E-04
+1.6619000000E+00,-6.479167E-04
+1.6624000000E+00,-8.000000E-04
+1.6629000000E+00,-6.375000E-04
+1.6634000000E+00,-6.437500E-04
+1.6639000000E+00,-3.958333E-04
+1.6644000000E+00,-3.041667E-04
+1.6649000000E+00,-7.229167E-04
+1.6654000000E+00,-6.500000E-04
+1.6659000000E+00,-5.687500E-04
+1.6664000000E+00,-1.729167E-04
+1.6669000000E+00,-1.979167E-04
+1.6674000000E+00,-3.812500E-04
+1.6679000000E+00,-4.833333E-04
+1.6684000000E+00,-3.916667E-04
+1.6689000000E+00,-1.770833E-04
+1.6694000000E+00,-1.791667E-04
+1.6699000000E+00,-3.958333E-05
+1.6704000000E+00,+3.333333E-05
+1.6709000000E+00,-3.270833E-04
+1.6714000000E+00,-3.833333E-04
+1.6719000000E+00,-4.229167E-04
+1.6724000000E+00,+2.250000E-04
+1.6729000000E+00,-2.500000E-05
+1.6734000000E+00,-4.479167E-04
+1.6739000000E+00,-2.333333E-04
+1.6744000000E+00,-1.875000E-05
+1.6749000000E+00,+1.020833E-04
+1.6754000000E+00,+2.062500E-04
+1.6759000000E+00,+3.750000E-05
+1.6764000000E+00,+1.375000E-04
+1.6769000000E+00,+7.708334E-05
+1.6774000000E+00,+3.250000E-04
+1.6779000000E+00,+3.208333E-04
+1.6784000000E+00,+5.229167E-04
+1.6789000000E+00,+4.229167E-04
+1.6794000000E+00,+1.062500E-04
+1.6799000000E+00,+4.937500E-04
+1.6804000000E+00,+3.270833E-04
+1.6809000000E+00,+5.729166E-04
+1.6814000000E+00,+8.645834E-04
+1.6819000000E+00,+3.041667E-04
+1.6824000000E+00,+7.500000E-05
+1.6829000000E+00,+4.645833E-04
+1.6834000000E+00,+7.458333E-04
+1.6839000000E+00,+8.770833E-04
+1.6844000000E+00,+7.416666E-04
+1.6849000000E+00,+3.604167E-04
+1.6854000000E+00,+4.875000E-04
+1.6859000000E+00,+7.791667E-04
+1.6864000000E+00,+6.250000E-04
+1.6869000000E+00,+7.854167E-04
+1.6874000000E+00,+6.520833E-04
+1.6879000000E+00,+8.145833E-04
+1.6884000000E+00,+5.895834E-04
+1.6889000000E+00,+7.895833E-04
+1.6894000000E+00,+9.166667E-04
+1.6899000000E+00,+7.729167E-04
+1.6904000000E+00,+8.979167E-04
+1.6909000000E+00,+5.520834E-04
+1.6914000000E+00,+6.145833E-04
+1.6919000000E+00,+9.770833E-04
+1.6924000000E+00,+9.791667E-04
+1.6929000000E+00,+6.104167E-04
+1.6934000000E+00,+4.791667E-04
+1.6939000000E+00,+4.604167E-04
+1.6944000000E+00,+7.541667E-04
+1.6949000000E+00,+5.187500E-04
+1.6954000000E+00,+8.937500E-04
+1.6959000000E+00,+5.750000E-04
+1.6964000000E+00,+5.000000E-04
+1.6969000000E+00,+6.708333E-04
+1.6974000000E+00,+5.729166E-04
+1.6979000000E+00,+7.354167E-04
+1.6984000000E+00,+4.208333E-04
+1.6989000000E+00,+5.437500E-04
+1.6994000000E+00,+6.375000E-04
+1.6999000000E+00,+5.479167E-04
+1.7004000000E+00,+7.500000E-04
+1.7009000000E+00,+6.562500E-04
+1.7014000000E+00,+4.479167E-04
+1.7019000000E+00,+3.312500E-04
+1.7024000000E+00,+4.479167E-04
+1.7029000000E+00,+4.812500E-04
+1.7034000000E+00,+5.958333E-04
+1.7039000000E+00,+3.312500E-04
+1.7044000000E+00,+2.750000E-04
+1.7049000000E+00,+2.166667E-04
+1.7054000000E+00,+2.270833E-04
+1.7059000000E+00,+4.791667E-04
+1.7064000000E+00,+4.166667E-04
+1.7069000000E+00,+2.479167E-04
+1.7074000000E+00,+2.354167E-04
+1.7079000000E+00,-2.083333E-05
+1.7084000000E+00,+1.916667E-04
+1.7089000000E+00,+4.041667E-04
+1.7094000000E+00,+5.208333E-05
+1.7099000000E+00,+1.000000E-04
+1.7104000000E+00,-1.875000E-05
+1.7109000000E+00,-1.125000E-04
+1.7114000000E+00,+1.708333E-04
+1.7119000000E+00,+5.833333E-05
+1.7124000000E+00,-8.750000E-05
+1.7129000000E+00,-2.333333E-04
+1.7134000000E+00,-2.125000E-04
+1.7139000000E+00,-1.083333E-04
+1.7144000000E+00,-6.250002E-06
+1.7149000000E+00,+6.250000E-05
+1.7154000000E+00,-3.770833E-04
+1.7159000000E+00,-4.708333E-04
+1.7164000000E+00,-2.854167E-04
+1.7169000000E+00,-3.312500E-04
+1.7174000000E+00,-3.250000E-04
+1.7179000000E+00,-4.166667E-04
+1.7184000000E+00,-7.604167E-04
+1.7189000000E+00,-5.833333E-04
+1.7194000000E+00,-8.708333E-04
+1.7199000000E+00,-4.625000E-04
+1.7204000000E+00,-4.354167E-04
+1.7209000000E+00,-5.458333E-04
+1.7214000000E+00,-6.062500E-04
+1.7219000000E+00,-6.937500E-04
+1.7224000000E+00,-3.604167E-04
+1.7229000000E+00,-4.770833E-04
+1.7234000000E+00,-6.562500E-04
+1.7239000000E+00,-4.562500E-04
+1.7244000000E+00,-1.058333E-03
+1.7249000000E+00,-8.875000E-04
+1.7254000000E+00,-7.104167E-04
+1.7259000000E+00,-5.958333E-04
+1.7264000000E+00,-6.395833E-04
+1.7269000000E+00,-9.479167E-04
+1.7274000000E+00,-9.687500E-04
+1.7279000000E+00,-9.895833E-04
+1.7284000000E+00,-8.916667E-04
+1.7289000000E+00,-6.208334E-04
+1.7294000000E+00,-1.066667E-03
+1.7299000000E+00,-8.729167E-04
+1.7304000000E+00,-1.172917E-03
+1.7309000000E+00,-9.395833E-04
+1.7314000000E+00,-1.106250E-03
+1.7319000000E+00,-6.395833E-04
+1.7324000000E+00,-1.010417E-03
+1.7329000000E+00,-1.177083E-03
+1.7334000000E+00,-9.187500E-04
+1.7339000000E+00,-8.291667E-04
+1.7344000000E+00,-7.500000E-04
+1.7349000000E+00,-8.000000E-04
+1.7354000000E+00,-1.116667E-03
+1.7359000000E+00,-9.458333E-04
+1.7364000000E+00,-9.375000E-04
+1.7369000000E+00,-9.104167E-04
+1.7374000000E+00,-8.604167E-04
+1.7379000000E+00,-9.687500E-04
+1.7384000000E+00,-8.291667E-04
+1.7389000000E+00,-1.083333E-03
+1.7394000000E+00,-1.058333E-03
+1.7399000000E+00,-7.625000E-04
+1.7404000000E+00,-9.104167E-04
+1.7409000000E+00,-8.187500E-04
+1.7414000000E+00,-9.875001E-04
+1.7419000000E+00,-7.375000E-04
+1.7424000000E+00,-7.520833E-04
+1.7429000000E+00,-3.854167E-04
+1.7434000000E+00,-8.125000E-04
+1.7439000000E+00,-1.118750E-03
+1.7444000000E+00,-7.770833E-04
+1.7449000000E+00,-5.958333E-04
+1.7454000000E+00,-7.520833E-04
+1.7459000000E+00,-6.208334E-04
+1.7464000000E+00,-7.250000E-04
+1.7469000000E+00,-6.062500E-04
+1.7474000000E+00,-7.333333E-04
+1.7479000000E+00,-8.312500E-04
+1.7484000000E+00,-8.937500E-04
+1.7489000000E+00,-4.333333E-04
+1.7494000000E+00,-1.131250E-03
+1.7499000000E+00,-7.708333E-04
+1.7504000000E+00,-3.458333E-04
+1.7509000000E+00,-3.229167E-04
+1.7514000000E+00,-2.229167E-04
+1.7519000000E+00,-1.750000E-04
+1.7524000000E+00,-7.500000E-04
+1.7529000000E+00,-4.437500E-04
+1.7534000000E+00,-1.125000E-04
+1.7539000000E+00,-5.416667E-05
+1.7544000000E+00,-9.166667E-05
+1.7549000000E+00,-4.625000E-04
+1.7554000000E+00,-3.625000E-04
+1.7559000000E+00,-5.208333E-05
+1.7564000000E+00,+9.583333E-05
+1.7569000000E+00,+1.833333E-04
+1.7574000000E+00,-1.479167E-04
+1.7579000000E+00,+5.833333E-05
+1.7584000000E+00,-2.625000E-04
+1.7589000000E+00,+5.625000E-05
+1.7594000000E+00,+1.437500E-04
+1.7599000000E+00,+3.958333E-05
+1.7604000000E+00,+6.875000E-05
+1.7609000000E+00,-1.875000E-05
+1.7614000000E+00,-3.437500E-04
+1.7619000000E+00,+3.687500E-04
+1.7624000000E+00,+4.145833E-04
+1.7629000000E+00,+3.958333E-04
+1.7634000000E+00,+2.104167E-04
+1.7639000000E+00,+1.020833E-04
+1.7644000000E+00,+4.333333E-04
+1.7649000000E+00,+7.083333E-04
+1.7654000000E+00,+5.875000E-04
+1.7659000000E+00,+5.875000E-04
+1.7664000000E+00,+2.479167E-04
+1.7669000000E+00,+4.791667E-04
+1.7674000000E+00,+5.729166E-04
+1.7679000000E+00,+6.541667E-04
+1.7684000000E+00,+6.666667E-04
+1.7689000000E+00,+1.729167E-04
+1.7694000000E+00,+6.041666E-04
+1.7699000000E+00,+2.812500E-04
+1.7704000000E+00,+7.333333E-04
+1.7709000000E+00,+6.895834E-04
+1.7714000000E+00,+5.666667E-04
+1.7719000000E+00,+4.687500E-04
+1.7724000000E+00,+4.479167E-04
+1.7729000000E+00,+7.208333E-04
+1.7734000000E+00,+5.979167E-04
+1.7739000000E+00,+8.145833E-04
+1.7744000000E+00,+1.141667E-03
+1.7749000000E+00,+5.562500E-04
+1.7754000000E+00,+3.604167E-04
+1.7759000000E+00,+6.125000E-04
+1.7764000000E+00,+8.666667E-04
+1.7769000000E+00,+1.002083E-03
+1.7774000000E+00,+5.250000E-04
+1.7779000000E+00,+7.937500E-04
+1.7784000000E+00,+4.916667E-04
+1.7789000000E+00,+7.562500E-04
+1.7794000000E+00,+7.854167E-04
+1.7799000000E+00,+8.166667E-04
+1.7804000000E+00,+3.020833E-04
+1.7809000000E+00,+6.750000E-04
+1.7814000000E+00,+6.354167E-04
+1.7819000000E+00,+8.562500E-04
+1.7824000000E+00,+8.208333E-04
+1.7829000000E+00,+7.604167E-04
+1.7834000000E+00,+3.437500E-04
+1.7839000000E+00,+5.104167E-04
+1.7844000000E+00,+6.520833E-04
+1.7849000000E+00,+7.020833E-04
+1.7854000000E+00,+7.729167E-04
+1.7859000000E+00,+3.437500E-04
+1.7864000000E+00,+3.604167E-04
+1.7869000000E+00,+3.083333E-04
+1.7874000000E+00,+3.312500E-04
+1.7879000000E+00,+2.479167E-04
+1.7884000000E+00,+4.375000E-04
+1.7889000000E+00,+4.083333E-04
+1.7894000000E+00,+5.625000E-05
+1.7899000000E+00,+2.187500E-04
+1.7904000000E+00,+2.750000E-04
+1.7909000000E+00,+3.375000E-04
+1.7914000000E+00,+2.562500E-04
+1.7919000000E+00,+3.541667E-05
+1.7924000000E+00,-1.458333E-04
+1.7929000000E+00,+5.208334E-04
+1.7934000000E+00,+2.354167E-04
+1.7939000000E+00,+1.500000E-04
+1.7944000000E+00,-1.354167E-04
+1.7949000000E+00,-1.458334E-05
+1.7954000000E+00,+1.041666E-05
+1.7959000000E+00,+1.187500E-04
+1.7964000000E+00,+1.479167E-04
+1.7969000000E+00,+4.166665E-06
+1.7974000000E+00,-1.416667E-04
+1.7979000000E+00,-1.937500E-04
+1.7984000000E+00,+4.375000E-05
+1.7989000000E+00,-1.520833E-04
+1.7994000000E+00,-2.708334E-05
+1.7999000000E+00,-3.604167E-04
+1.8004000000E+00,-5.291667E-04
+1.8009000000E+00,-4.020833E-04
+1.8014000000E+00,-1.895833E-04
+1.8019000000E+00,-1.458333E-04
+1.8024000000E+00,-3.500000E-04
+1.8029000000E+00,-4.916667E-04
+1.8034000000E+00,-5.083333E-04
+1.8039000000E+00,-2.541667E-04
+1.8044000000E+00,-3.208334E-04
+1.8049000000E+00,-4.708333E-04
+1.8054000000E+00,-4.833333E-04
+1.8059000000E+00,-8.625000E-04
+1.8064000000E+00,-7.604167E-04
+1.8069000000E+00,-6.833333E-04
+1.8074000000E+00,-5.062500E-04
+1.8079000000E+00,-8.458333E-04
+1.8084000000E+00,-8.625000E-04
+1.8089000000E+00,-9.270834E-04
+1.8094000000E+00,-9.291667E-04
+1.8099000000E+00,-7.145833E-04
+1.8104000000E+00,-7.125000E-04
+1.8109000000E+00,-7.687500E-04
+1.8114000000E+00,-8.854167E-04
+1.8119000000E+00,-9.375000E-04
+1.8124000000E+00,-7.895834E-04
+1.8129000000E+00,-6.354167E-04
+1.8134000000E+00,-7.166667E-04
+1.8139000000E+00,-9.854167E-04
+1.8144000000E+00,-1.408333E-03
+1.8149000000E+00,-1.089583E-03
+1.8154000000E+00,-8.708333E-04
+1.8159000000E+00,-9.625000E-04
+1.8164000000E+00,-9.500000E-04
+1.8169000000E+00,-1.195833E-03
+1.8174000000E+00,-8.895833E-04
+1.8179000000E+00,-8.520833E-04
+1.8184000000E+00,-7.291667E-04
+1.8189000000E+00,-8.750000E-04
+1.8194000000E+00,-9.916667E-04
+1.8199000000E+00,-9.437500E-04
+1.8204000000E+00,-1.339583E-03
+1.8209000000E+00,-6.395833E-04
+1.8214000000E+00,-6.625000E-04
+1.8219000000E+00,-7.541667E-04
+1.8224000000E+00,-1.091667E-03
+1.8229000000E+00,-1.083333E-03
+1.8234000000E+00,-1.114583E-03
+1.8239000000E+00,-1.160417E-03
+1.8244000000E+00,-8.062500E-04
+1.8249000000E+00,-7.687500E-04
+1.8254000000E+00,-6.479167E-04
+1.8259000000E+00,-8.000000E-04
+1.8264000000E+00,-8.458333E-04
+1.8269000000E+00,-6.916667E-04
+1.8274000000E+00,-6.520834E-04
+1.8279000000E+00,-6.729166E-04
+1.8284000000E+00,-7.312500E-04
+1.8289000000E+00,-7.937500E-04
+1.8294000000E+00,-6.625000E-04
+1.8299000000E+00,-4.895834E-04
+1.8304000000E+00,-8.895833E-04
+1.8309000000E+00,-7.229167E-04
+1.8314000000E+00,-8.958334E-04
+1.8319000000E+00,-5.750000E-04
+1.8324000000E+00,-4.770833E-04
+1.8329000000E+00,-3.104167E-04
+1.8334000000E+00,-4.229167E-04
+1.8339000000E+00,-6.166667E-04
+1.8344000000E+00,-4.270833E-04
+1.8349000000E+00,-3.395833E-04
+1.8354000000E+00,-2.208333E-04
+1.8359000000E+00,-1.750000E-04
+1.8364000000E+00,-4.541667E-04
+1.8369000000E+00,-3.729167E-04
+1.8374000000E+00,-3.312500E-04
+1.8379000000E+00,-1.812500E-04
+1.8384000000E+00,-4.791667E-05
+1.8389000000E+00,-7.708334E-05
+1.8394000000E+00,+1.750000E-04
+1.8399000000E+00,-1.875000E-04
+1.8404000000E+00,-1.104167E-04
+1.8409000000E+00,+2.604167E-04
+1.8414000000E+00,+9.375000E-05
+1.8419000000E+00,+2.083333E-04
+1.8424000000E+00,-9.166667E-05
+1.8429000000E+00,+1.291667E-04
+1.8434000000E+00,+2.145833E-04
+1.8439000000E+00,+2.104167E-04
+1.8444000000E+00,+2.333333E-04
+1.8449000000E+00,+4.750000E-04
+1.8454000000E+00,+1.208333E-04
+1.8459000000E+00,+1.750000E-04
+1.8464000000E+00,+4.250000E-04
+1.8469000000E+00,+2.729167E-04
+1.8474000000E+00,+4.395833E-04
+1.8479000000E+00,+4.416667E-04
+1.8484000000E+00,+4.875000E-04
+1.8489000000E+00,+3.250000E-04
+1.8494000000E+00,+4.687500E-04
+1.8499000000E+00,+3.645833E-04
+1.8504000000E+00,+4.791667E-04
+1.8509000000E+00,+8.958333E-05
+1.8514000000E+00,+2.041667E-04
+1.8519000000E+00,+6.000000E-04
+1.8524000000E+00,+7.041667E-04
+1.8529000000E+00,+5.958333E-04
+1.8534000000E+00,+4.791667E-04
+1.8539000000E+00,+4.562500E-04
+1.8544000000E+00,+6.000000E-04
+1.8549000000E+00,+8.583334E-04
+1.8554000000E+00,+7.104167E-04
+1.8559000000E+00,+6.791667E-04
+1.8564000000E+00,+6.791667E-04
+1.8569000000E+00,+3.895833E-04
+1.8574000000E+00,+6.979167E-04
+1.8579000000E+00,+6.208334E-04
+1.8584000000E+00,+6.166667E-04
+1.8589000000E+00,+5.416667E-04
+1.8594000000E+00,+5.125000E-04
+1.8599000000E+00,+3.395833E-04
+1.8604000000E+00,+7.812500E-04
+1.8609000000E+00,+9.145833E-04
+1.8614000000E+00,+8.083333E-04
+1.8619000000E+00,+6.062500E-04
+1.8624000000E+00,+6.041666E-04
+1.8629000000E+00,+7.208333E-04
+1.8634000000E+00,+1.018750E-03
+1.8639000000E+00,+8.000000E-04
+1.8644000000E+00,+7.750000E-04
+1.8649000000E+00,+6.208334E-04
+1.8654000000E+00,+6.812500E-04
+1.8659000000E+00,+5.854167E-04
+1.8664000000E+00,+7.250000E-04
+1.8669000000E+00,+5.875000E-04
+1.8674000000E+00,+3.979167E-04
+1.8679000000E+00,+6.395833E-04
+1.8684000000E+00,+2.854167E-04
+1.8689000000E+00,+6.770833E-04
+1.8694000000E+00,+1.204167E-03
+1.8699000000E+00,+5.625000E-04
+1.8704000000E+00,+7.020833E-04
+1.8709000000E+00,+3.583333E-04
+1.8714000000E+00,+2.895833E-04
+1.8719000000E+00,+3.354167E-04
+1.8724000000E+00,+5.708333E-04
+1.8729000000E+00,+4.562500E-04
+1.8734000000E+00,+1.020833E-04
+1.8739000000E+00,-3.708334E-04
+1.8744000000E+00,+2.875000E-04
+1.8749000000E+00,+3.500000E-04
+1.8754000000E+00,+2.375000E-04
+1.8759000000E+00,+1.083333E-04
+1.8764000000E+00,+1.229167E-04
+1.8769000000E+00,+1.145833E-04
+1.8774000000E+00,+1.479167E-04
+1.8779000000E+00,+3.041667E-04
+1.8784000000E+00,-7.708334E-05
+1.8789000000E+00,-3.125000E-05
+1.8794000000E+00,-1.520833E-04
+1.8799000000E+00,-7.500000E-05
+1.8804000000E+00,+3.750000E-05
+1.8809000000E+00,+1.041666E-05
+1.8814000000E+00,-1.395833E-04
+1.8819000000E+00,-4.000000E-04
+1.8824000000E+00,-2.020833E-04
+1.8829000000E+00,-9.583333E-05
+1.8834000000E+00,-6.041667E-05
+1.8839000000E+00,-3.020833E-04
+1.8844000000E+00,-3.604167E-04
+1.8849000000E+00,-4.458333E-04
+1.8854000000E+00,-5.500000E-04
+1.8859000000E+00,-4.229167E-04
+1.8864000000E+00,-5.541667E-04
+1.8869000000E+00,-4.916667E-04
+1.8874000000E+00,-4.645833E-04
+1.8879000000E+00,-7.625000E-04
+1.8884000000E+00,-5.020833E-04
+1.8889000000E+00,-4.833333E-04
+1.8894000000E+00,+5.416667E-05
+1.8899000000E+00,-5.791667E-04
+1.8904000000E+00,-1.147917E-03
+1.8909000000E+00,-1.229167E-03
+1.8914000000E+00,-7.000000E-04
+1.8919000000E+00,-5.229167E-04
+1.8924000000E+00,-5.041667E-04
+1.8929000000E+00,-9.812500E-04
+1.8934000000E+00,-9.270834E-04
+1.8939000000E+00,-8.104167E-04
+1.8944000000E+00,-6.166667E-04
+1.8949000000E+00,-7.500000E-04
+1.8954000000E+00,-7.687500E-04
+1.8959000000E+00,-1.045833E-03
+1.8964000000E+00,-9.437500E-04
+1.8969000000E+00,-4.854167E-04
+1.8974000000E+00,-7.500000E-04
+1.8979000000E+00,-7.041667E-04
+1.8984000000E+00,-9.541667E-04
+1.8989000000E+00,-9.208333E-04
+1.8994000000E+00,-1.081250E-03
+1.8999000000E+00,-1.002083E-03
+1.9004000000E+00,-7.937500E-04
+1.9009000000E+00,-8.937500E-04
+1.9014000000E+00,-1.112500E-03
+1.9019000000E+00,-1.066667E-03
+1.9024000000E+00,-1.354167E-03
+1.9029000000E+00,-9.750000E-04
+1.9034000000E+00,-7.729167E-04
+1.9039000000E+00,-8.104167E-04
+1.9044000000E+00,-1.068750E-03
+1.9049000000E+00,-9.312500E-04
+1.9054000000E+00,-8.604167E-04
+1.9059000000E+00,-6.375000E-04
+1.9064000000E+00,-1.010417E-03
+1.9069000000E+00,-9.416667E-04
+1.9074000000E+00,-1.195833E-03
+1.9079000000E+00,-1.129167E-03
+1.9084000000E+00,-9.979167E-04
+1.9089000000E+00,-7.666667E-04
+1.9094000000E+00,-7.770833E-04
+1.9099000000E+00,-9.708334E-04
+1.9104000000E+00,-9.062500E-04
+1.9109000000E+00,-1.089583E-03
+1.9114000000E+00,-4.812500E-04
+1.9119000000E+00,-5.729167E-04
+1.9124000000E+00,-8.895833E-04
+1.9129000000E+00,-6.645833E-04
+1.9134000000E+00,-7.937500E-04
+1.9139000000E+00,-7.854167E-04
+1.9144000000E+00,-5.875000E-04
+1.9149000000E+00,-7.416666E-04
+1.9154000000E+00,-4.895834E-04
+1.9159000000E+00,-7.000000E-04
+1.9164000000E+00,-3.500000E-04
+1.9169000000E+00,-5.937500E-04
+1.9174000000E+00,-2.916667E-04
+1.9179000000E+00,-6.458334E-05
+1.9184000000E+00,-2.145833E-04
+1.9189000000E+00,-4.937500E-04
+1.9194000000E+00,-4.395834E-04
+1.9199000000E+00,-3.187500E-04
+1.9204000000E+00,-3.125000E-05
+1.9209000000E+00,-2.625000E-04
+1.9214000000E+00,-7.333333E-04
+1.9219000000E+00,-6.333333E-04
+1.9224000000E+00,-1.041667E-05
+1.9229000000E+00,+7.083333E-05
+1.9234000000E+00,-3.541667E-05
+1.9239000000E+00,-3.750000E-05
+1.9244000000E+00,-3.333334E-05
+1.9249000000E+00,-1.500000E-04
+1.9254000000E+00,-1.875000E-05
+1.9259000000E+00,-1.333333E-04
+1.9264000000E+00,-5.000000E-05
+1.9269000000E+00,-1.250000E-05
+1.9274000000E+00,-1.250000E-05
+1.9279000000E+00,+3.958333E-05
+1.9284000000E+00,+4.458333E-04
+1.9289000000E+00,+1.500000E-04
+1.9294000000E+00,+1.166667E-04
+1.9299000000E+00,+1.895833E-04
+1.9304000000E+00,+1.791667E-04
+1.9309000000E+00,+3.208333E-04
+1.9314000000E+00,+5.979167E-04
+1.9319000000E+00,+8.895833E-04
+1.9324000000E+00,+2.895833E-04
+1.9329000000E+00,+2.666667E-04
+1.9334000000E+00,+2.375000E-04
+1.9339000000E+00,+3.187500E-04
+1.9344000000E+00,+6.937500E-04
+1.9349000000E+00,+6.083333E-04
+1.9354000000E+00,+2.791667E-04
+1.9359000000E+00,+2.916667E-04
+1.9364000000E+00,+5.395833E-04
+1.9369000000E+00,+7.083333E-04
+1.9374000000E+00,+7.083333E-04
+1.9379000000E+00,+7.354167E-04
+1.9384000000E+00,+5.437500E-04
+1.9389000000E+00,+3.937500E-04
+1.9394000000E+00,+5.979167E-04
+1.9399000000E+00,+3.000000E-04
+1.9404000000E+00,+8.750000E-04
+1.9409000000E+00,+5.895834E-04
+1.9414000000E+00,+4.458333E-04
+1.9419000000E+00,+6.416666E-04
+1.9424000000E+00,+7.187500E-04
+1.9429000000E+00,+6.833333E-04
+1.9434000000E+00,+5.187500E-04
+1.9439000000E+00,+6.958334E-04
+1.9444000000E+00,+6.395833E-04
+1.9449000000E+00,+6.125000E-04
+1.9454000000E+00,+1.266667E-03
+1.9459000000E+00,+8.020833E-04
+1.9464000000E+00,+6.812500E-04
+1.9469000000E+00,+5.729166E-04
+1.9474000000E+00,+5.583334E-04
+1.9479000000E+00,+8.041667E-04
+1.9484000000E+00,+1.308333E-03
+1.9489000000E+00,+8.250000E-04
+1.9494000000E+00,+8.125000E-05
+1.9499000000E+00,+3.437500E-04
+1.9504000000E+00,+4.583334E-04
+1.9509000000E+00,+6.708333E-04
+1.9514000000E+00,+8.333334E-04
+1.9519000000E+00,+5.458333E-04
+1.9524000000E+00,+3.687500E-04
+1.9529000000E+00,+5.020833E-04
+1.9534000000E+00,+3.708333E-04
+1.9539000000E+00,+5.479167E-04
+1.9544000000E+00,+6.416666E-04
+1.9549000000E+00,+5.000000E-04
+1.9554000000E+00,+3.562500E-04
+1.9559000000E+00,+4.645833E-04
+1.9564000000E+00,+5.145833E-04
+1.9569000000E+00,+4.354167E-04
+1.9574000000E+00,+4.708333E-04
+1.9579000000E+00,+3.458333E-04
+1.9584000000E+00,+9.375000E-05
+1.9589000000E+00,+3.958333E-05
+1.9594000000E+00,+4.000000E-04
+1.9599000000E+00,+3.500000E-04
+1.9604000000E+00,+1.541667E-04
+1.9609000000E+00,-6.250000E-05
+1.9614000000E+00,+9.583333E-05
+1.9619000000E+00,+1.270833E-04
+1.9624000000E+00,+1.687500E-04
+1.9629000000E+00,+3.229167E-04
+1.9634000000E+00,-2.291667E-05
+1.9639000000E+00,+7.708334E-05
+1.9644000000E+00,-1.791667E-04
+1.9649000000E+00,+1.437500E-04
+1.9654000000E+00,+1.166667E-04
+1.9659000000E+00,-1.229167E-04
+1.9664000000E+00,-2.729167E-04
+1.9669000000E+00,-3.166667E-04
+1.9674000000E+00,-3.916667E-04
+1.9679000000E+00,-1.875000E-05
+1.9684000000E+00,-2.250000E-04
+1.9689000000E+00,-3.520833E-04
+1.9694000000E+00,-4.687500E-04
+1.9699000000E+00,-2.500000E-04
+1.9704000000E+00,-4.479167E-04
+1.9709000000E+00,-9.791667E-05
+1.9714000000E+00,-4.083333E-04
+1.9719000000E+00,-5.479167E-04
+1.9724000000E+00,-7.208334E-04
+1.9729000000E+00,-5.104167E-04
+1.9734000000E+00,-4.625000E-04
+1.9739000000E+00,-6.125000E-04
+1.9744000000E+00,-4.270833E-04
+1.9749000000E+00,-6.854167E-04
+1.9754000000E+00,-7.958334E-04
+1.9759000000E+00,-7.166667E-04
+1.9764000000E+00,-6.208334E-04
+1.9769000000E+00,-5.395833E-04
+1.9774000000E+00,-8.354167E-04
+1.9779000000E+00,-9.437500E-04
+1.9784000000E+00,-8.750000E-04
+1.9789000000E+00,-6.229167E-04
+1.9794000000E+00,-7.937500E-04
+1.9799000000E+00,-6.125000E-04
+1.9804000000E+00,-8.354167E-04
+1.9809000000E+00,-1.135417E-03
+1.9814000000E+00,-1.047917E-03
+1.9819000000E+00,-7.916667E-04
+1.9824000000E+00,-6.854167E-04
+1.9829000000E+00,-9.166667E-04
+1.9834000000E+00,-8.291667E-04
+1.9839000000E+00,-9.875001E-04
+1.9844000000E+00,-8.666667E-04
+1.9849000000E+00,-7.458333E-04
+1.9854000000E+00,-7.895834E-04
+1.9859000000E+00,-1.037500E-03
+1.9864000000E+00,-1.077083E-03
+1.9869000000E+00,-1.300000E-03
+1.9874000000E+00,-1.066667E-03
+1.9879000000E+00,-8.645834E-04
+1.9884000000E+00,-9.479167E-04
+1.9889000000E+00,-7.583334E-04
+1.9894000000E+00,-1.227083E-03
+1.9899000000E+00,-1.162500E-03
+1.9904000000E+00,-9.937501E-04
+1.9909000000E+00,-6.812500E-04
+1.9914000000E+00,-5.958333E-04
+1.9919000000E+00,-8.708333E-04
+1.9924000000E+00,-9.812500E-04
+1.9929000000E+00,-9.729167E-04
+1.9934000000E+00,-5.812500E-04
+1.9939000000E+00,-6.520834E-04
+1.9944000000E+00,-6.812500E-04
+1.9949000000E+00,-9.520833E-04
+1.9954000000E+00,-9.333334E-04
+1.9959000000E+00,-6.708333E-04
+1.9964000000E+00,-6.750000E-04
+1.9969000000E+00,-4.458333E-04
+1.9974000000E+00,-8.437500E-04
+1.9979000000E+00,-7.479167E-04
+1.9984000000E+00,-9.104167E-04
+1.9989000000E+00,-5.625000E-05
+1.9994000000E+00,-1.208333E-04
+1.9999000000E+00,-4.708333E-04
+2.0004000000E+00,-5.541667E-04
+2.0009000000E+00,-6.229167E-04
+2.0014000000E+00,-5.833333E-04
+2.0019000000E+00,-1.687500E-04
+2.0024000000E+00,-4.250000E-04
+2.0029000000E+00,-3.104167E-04
+2.0034000000E+00,-5.145833E-04
+2.0039000000E+00,-3.791667E-04
+2.0044000000E+00,-2.125000E-04
+2.0049000000E+00,-1.958333E-04
+2.0054000000E+00,-3.062500E-04
+2.0059000000E+00,-1.458334E-05
+2.0064000000E+00,-1.854167E-04
+2.0069000000E+00,-3.479167E-04
+2.0074000000E+00,-1.958333E-04
+2.0079000000E+00,+1.895833E-04
+2.0084000000E+00,+2.604167E-04
+2.0089000000E+00,+1.875000E-05
+2.0094000000E+00,-1.145833E-04
+2.0099000000E+00,-4.166667E-05
+2.0104000000E+00,+4.812500E-04
+2.0109000000E+00,+4.583334E-04
+2.0114000000E+00,+4.166667E-05
+2.0119000000E+00,-1.125000E-04
+2.0124000000E+00,+4.375000E-05
+2.0129000000E+00,+3.041667E-04
+2.0134000000E+00,+2.958333E-04
+2.0139000000E+00,+4.083333E-04
+2.0144000000E+00,-2.083335E-06
+2.0149000000E+00,+1.958333E-04
+2.0154000000E+00,+3.250000E-04
+2.0159000000E+00,+4.312500E-04
+2.0164000000E+00,+5.291667E-04
+2.0169000000E+00,+7.437500E-04
+2.0174000000E+00,+2.708333E-04
+2.0179000000E+00,+2.541667E-04
+2.0184000000E+00,+3.854167E-04
+2.0189000000E+00,+6.166667E-04
+2.0194000000E+00,+6.541667E-04
+2.0199000000E+00,+6.479167E-04
+2.0204000000E+00,+3.770833E-04
+2.0209000000E+00,+2.625000E-04
+2.0214000000E+00,+4.875000E-04
+2.0219000000E+00,+6.625000E-04
+2.0224000000E+00,+6.020833E-04
+2.0229000000E+00,+7.854167E-04
+2.0234000000E+00,+6.354167E-04
+2.0239000000E+00,+5.250000E-04
+2.0244000000E+00,+7.708333E-04
+2.0249000000E+00,+8.229167E-04
+2.0254000000E+00,+8.062500E-04
+2.0259000000E+00,+6.354167E-04
+2.0264000000E+00,+5.312500E-04
+2.0269000000E+00,+3.145833E-04
+2.0274000000E+00,+6.000000E-04
+2.0279000000E+00,+6.958334E-04
+2.0284000000E+00,+9.958333E-04
+2.0289000000E+00,+7.229167E-04
+2.0294000000E+00,+5.979167E-04
+2.0299000000E+00,+6.291667E-04
+2.0304000000E+00,+1.006250E-03
+2.0309000000E+00,+8.291667E-04
+2.0314000000E+00,+6.416666E-04
+2.0319000000E+00,+5.812500E-04
+2.0324000000E+00,+1.389583E-03
+2.0329000000E+00,+6.000000E-04
+2.0334000000E+00,+8.104166E-04
+2.0339000000E+00,+8.312500E-04
+2.0344000000E+00,+3.562500E-04
+2.0349000000E+00,+5.729166E-04
+2.0354000000E+00,+5.083333E-04
+2.0359000000E+00,+6.562500E-04
+2.0364000000E+00,+4.604167E-04
+2.0369000000E+00,+6.812500E-04
+2.0374000000E+00,+4.791667E-04
+2.0379000000E+00,+2.937500E-04
+2.0384000000E+00,+5.125000E-04
+2.0389000000E+00,+4.833333E-04
+2.0394000000E+00,+4.437500E-04
+2.0399000000E+00,+2.479167E-04
+2.0404000000E+00,+1.229167E-04
+2.0409000000E+00,+7.500000E-05
+2.0414000000E+00,+4.854167E-04
+2.0419000000E+00,+4.145833E-04
+2.0424000000E+00,+4.750000E-04
+2.0429000000E+00,-1.187500E-04
+2.0434000000E+00,+9.583333E-05
+2.0439000000E+00,+1.583333E-04
+2.0444000000E+00,+2.770833E-04
+2.0449000000E+00,+3.687500E-04
+2.0454000000E+00,+1.145833E-04
+2.0459000000E+00,-1.354167E-04
+2.0464000000E+00,-8.125000E-05
+2.0469000000E+00,-5.625000E-05
+2.0474000000E+00,-2.208333E-04
+2.0479000000E+00,+1.604167E-04
+2.0484000000E+00,+2.708333E-05
+2.0489000000E+00,-2.583333E-04
+2.0494000000E+00,-4.583334E-04
+2.0499000000E+00,-3.645833E-04
+2.0504000000E+00,+4.583333E-05
+2.0509000000E+00,-2.125000E-04
+2.0514000000E+00,-4.479167E-04
+2.0519000000E+00,-3.520833E-04
+2.0524000000E+00,-4.000000E-04
+2.0529000000E+00,-1.187500E-04
+2.0534000000E+00,-2.125000E-04
+2.0539000000E+00,-2.562500E-04
+2.0544000000E+00,-5.479167E-04
+2.0549000000E+00,-5.416667E-04
+2.0554000000E+00,-4.500000E-04
+2.0559000000E+00,-5.500000E-04
+2.0564000000E+00,-4.416667E-04
+2.0569000000E+00,-2.562500E-04
+2.0574000000E+00,-6.645833E-04
+2.0579000000E+00,-7.729167E-04
+2.0584000000E+00,-6.416667E-04
+2.0589000000E+00,-6.687500E-04
+2.0594000000E+00,-6.375000E-04
+2.0599000000E+00,-9.062500E-04
+2.0604000000E+00,-1.010417E-03
+2.0609000000E+00,-7.666667E-04
+2.0614000000E+00,-7.395833E-04
+2.0619000000E+00,-6.125000E-04
+2.0624000000E+00,-8.333334E-04
+2.0629000000E+00,-8.833333E-04
+2.0634000000E+00,-7.062500E-04
+2.0639000000E+00,-8.020833E-04
+2.0644000000E+00,-9.000000E-04
+2.0649000000E+00,-7.583334E-04
+2.0654000000E+00,-9.645834E-04
+2.0659000000E+00,-9.083333E-04
+2.0664000000E+00,-1.043750E-03
+2.0669000000E+00,-9.000000E-04
+2.0674000000E+00,-9.479167E-04
+2.0679000000E+00,-7.166667E-04
+2.0684000000E+00,-1.070833E-03
+2.0689000000E+00,-1.285417E-03
+2.0694000000E+00,-8.937500E-04
+2.0699000000E+00,-7.687500E-04
+2.0704000000E+00,-4.833333E-04
+2.0709000000E+00,-9.520833E-04
+2.0714000000E+00,-1.100000E-03
+2.0719000000E+00,-1.262500E-03
+2.0724000000E+00,-9.395833E-04
+2.0729000000E+00,-8.562500E-04
+2.0734000000E+00,-7.458333E-04
+2.0739000000E+00,-5.187500E-04
+2.0744000000E+00,-1.054167E-03
+2.0749000000E+00,-8.687500E-04
+2.0754000000E+00,-1.089583E-03
+2.0759000000E+00,-4.479167E-04
+2.0764000000E+00,-7.062500E-04
+2.0769000000E+00,-1.039583E-03
+2.0774000000E+00,-9.916667E-04
+2.0779000000E+00,-8.500000E-04
+2.0784000000E+00,-6.062500E-04
+2.0789000000E+00,-7.062500E-04
+2.0794000000E+00,-5.791667E-04
+2.0799000000E+00,-9.166667E-04
+2.0804000000E+00,-1.041667E-03
+2.0809000000E+00,-8.020833E-04
+2.0814000000E+00,-5.854167E-04
+2.0819000000E+00,-6.520834E-04
+2.0824000000E+00,-5.791667E-04
+2.0829000000E+00,-7.979167E-04
+2.0834000000E+00,-6.875000E-04
+2.0839000000E+00,-6.729166E-04
+2.0844000000E+00,-3.208334E-04
+2.0849000000E+00,-3.875000E-04
+2.0854000000E+00,-6.187500E-04
+2.0859000000E+00,-5.479167E-04
+2.0864000000E+00,-4.916667E-04
+2.0869000000E+00,-3.979167E-04
+2.0874000000E+00,-8.333335E-06
+2.0879000000E+00,-1.687500E-04
+2.0884000000E+00,-6.250000E-04
+2.0889000000E+00,-3.145833E-04
+2.0894000000E+00,-2.666667E-04
+2.0899000000E+00,+1.770833E-04
+2.0904000000E+00,-8.333335E-06
+2.0909000000E+00,-2.812500E-04
+2.0914000000E+00,-3.791667E-04
+2.0919000000E+00,-2.479167E-04
+2.0924000000E+00,+1.166667E-04
+2.0929000000E+00,-7.500000E-05
+2.0934000000E+00,+1.458333E-05
+2.0939000000E+00,-2.375000E-04
+2.0944000000E+00,-1.875000E-04
+2.0949000000E+00,-3.062500E-04
+2.0954000000E+00,+1.583333E-04
+2.0959000000E+00,+3.958333E-04
+2.0964000000E+00,+1.041666E-05
+2.0969000000E+00,+5.416667E-05
+2.0974000000E+00,+1.250000E-05
+2.0979000000E+00,+3.750000E-04
+2.0984000000E+00,+5.625000E-04
+2.0989000000E+00,+6.250000E-04
+2.0994000000E+00,+4.500000E-04
+2.0999000000E+00,+4.291667E-04
+2.1004000000E+00,+5.416667E-05
+2.1009000000E+00,+6.083333E-04
+2.1014000000E+00,+6.104167E-04
+2.1019000000E+00,+4.812500E-04
+2.1024000000E+00,+5.479167E-04
+2.1029000000E+00,+4.166667E-04
+2.1034000000E+00,+3.104167E-04
+2.1039000000E+00,+5.708333E-04
+2.1044000000E+00,+6.687500E-04
+2.1049000000E+00,+8.062500E-04
+2.1054000000E+00,+6.750000E-04
+2.1059000000E+00,+6.083333E-04
+2.1064000000E+00,+2.166667E-04
+2.1069000000E+00,+1.227083E-03
+2.1074000000E+00,+8.062500E-04
+2.1079000000E+00,+7.958334E-04
+2.1084000000E+00,+3.541667E-04
+2.1089000000E+00,+3.625000E-04
+2.1094000000E+00,+8.562500E-04
+2.1099000000E+00,+7.229167E-04
+2.1104000000E+00,+4.625000E-04
+2.1109000000E+00,+1.041667E-04
+2.1114000000E+00,+3.729167E-04
+2.1119000000E+00,+4.854167E-04
+2.1124000000E+00,+6.666667E-04
+2.1129000000E+00,+5.729166E-04
+2.1134000000E+00,+6.854167E-04
+2.1139000000E+00,+6.625000E-04
+2.1144000000E+00,+5.958333E-04
+2.1149000000E+00,+4.729167E-04
+2.1154000000E+00,+7.020833E-04
+2.1159000000E+00,+8.895833E-04
+2.1164000000E+00,+4.979167E-04
+2.1169000000E+00,+6.750000E-04
+2.1174000000E+00,+6.416666E-04
+2.1179000000E+00,+5.666667E-04
+2.1184000000E+00,+7.145833E-04
+2.1189000000E+00,+6.937500E-04
+2.1194000000E+00,+4.583334E-04
+2.1199000000E+00,+2.916667E-04
+2.1204000000E+00,+7.166667E-04
+2.1209000000E+00,+4.437500E-04
+2.1214000000E+00,+4.875000E-04
+2.1219000000E+00,+8.437500E-04
+2.1224000000E+00,+4.520833E-04
+2.1229000000E+00,+1.250000E-04
+2.1234000000E+00,+3.770833E-04
+2.1239000000E+00,+5.333333E-04
+2.1244000000E+00,+5.458333E-04
+2.1249000000E+00,+4.166667E-04
+2.1254000000E+00,+4.041667E-04
+2.1259000000E+00,+2.833333E-04
+2.1264000000E+00,+2.312500E-04
+2.1269000000E+00,+2.687500E-04
+2.1274000000E+00,+1.333333E-04
+2.1279000000E+00,+1.375000E-04
+2.1284000000E+00,+2.500000E-05
+2.1289000000E+00,-4.375000E-05
+2.1294000000E+00,+2.479167E-04
+2.1299000000E+00,+6.395833E-04
+2.1304000000E+00,-1.895833E-04
+2.1309000000E+00,-1.875000E-05
+2.1314000000E+00,-5.625000E-05
+2.1319000000E+00,+3.958333E-05
+2.1324000000E+00,+2.979167E-04
+2.1329000000E+00,+3.625000E-04
+2.1334000000E+00,-2.666667E-04
+2.1339000000E+00,-2.145833E-04
+2.1344000000E+00,-1.875000E-04
+2.1349000000E+00,-7.708334E-05
+2.1354000000E+00,-2.687500E-04
+2.1359000000E+00,-1.666667E-05
+2.1364000000E+00,-5.520834E-04
+2.1369000000E+00,-4.291667E-04
+2.1374000000E+00,-5.145833E-04
+2.1379000000E+00,+2.083333E-05
+2.1384000000E+00,-3.458333E-04
+2.1389000000E+00,-1.791667E-04
+2.1394000000E+00,-1.937500E-04
+2.1399000000E+00,-5.875000E-04
+2.1404000000E+00,-2.791667E-04
+2.1409000000E+00,-5.895834E-04
+2.1414000000E+00,-5.562500E-04
+2.1419000000E+00,-5.208334E-04
+2.1424000000E+00,-7.812500E-04
+2.1429000000E+00,-6.395833E-04
+2.1434000000E+00,-5.333333E-04
+2.1439000000E+00,-4.791667E-04
+2.1444000000E+00,-3.937500E-04
+2.1449000000E+00,-5.625000E-04
+2.1454000000E+00,-8.833333E-04
+2.1459000000E+00,-8.458333E-04
+2.1464000000E+00,-6.687500E-04
+2.1469000000E+00,-5.000000E-04
+2.1474000000E+00,-7.937500E-04
+2.1479000000E+00,-9.958333E-04
+2.1484000000E+00,-1.000000E-03
+2.1489000000E+00,-5.833333E-04
+2.1494000000E+00,-7.729167E-04
+2.1499000000E+00,-7.416666E-04
+2.1504000000E+00,-7.500000E-04
+2.1509000000E+00,-9.895833E-04
+2.1514000000E+00,-9.437500E-04
+2.1519000000E+00,-7.562500E-04
+2.1524000000E+00,-6.625000E-04
+2.1529000000E+00,-9.020834E-04
+2.1534000000E+00,-1.081250E-03
+2.1539000000E+00,-1.039583E-03
+2.1544000000E+00,-9.000000E-04
+2.1549000000E+00,-8.375000E-04
+2.1554000000E+00,-7.145833E-04
+2.1559000000E+00,-5.729167E-04
+2.1564000000E+00,-1.027083E-03
+2.1569000000E+00,-9.562500E-04
+2.1574000000E+00,-1.047917E-03
+2.1579000000E+00,-3.562500E-04
+2.1584000000E+00,-8.395833E-04
+2.1589000000E+00,-9.500000E-04
+2.1594000000E+00,-9.916667E-04
+2.1599000000E+00,-8.312500E-04
+2.1604000000E+00,-7.729167E-04
+2.1609000000E+00,-3.395833E-04
+2.1614000000E+00,-7.583334E-04
+2.1619000000E+00,-9.479167E-04
+2.1624000000E+00,-7.687500E-04
+2.1629000000E+00,-8.583334E-04
+2.1634000000E+00,-7.208334E-04
+2.1639000000E+00,-6.541667E-04
+2.1644000000E+00,-8.166667E-04
+2.1649000000E+00,-6.687500E-04
+2.1654000000E+00,-8.750000E-04
+2.1659000000E+00,-9.375000E-04
+2.1664000000E+00,-3.500000E-04
+2.1669000000E+00,-2.354167E-04
+2.1674000000E+00,-3.208334E-04
+2.1679000000E+00,-6.250000E-04
+2.1684000000E+00,-2.479167E-04
+2.1689000000E+00,-4.729167E-04
+2.1694000000E+00,+5.833333E-05
+2.1699000000E+00,-2.666667E-04
+2.1704000000E+00,-4.812500E-04
+2.1709000000E+00,-5.500000E-04
+2.1714000000E+00,-2.208333E-04
+2.1719000000E+00,-3.187500E-04
+2.1724000000E+00,-1.041667E-04
+2.1729000000E+00,-2.416667E-04
+2.1734000000E+00,-1.625000E-04
+2.1739000000E+00,-3.083333E-04
+2.1744000000E+00,-1.666667E-04
+2.1749000000E+00,+2.916667E-05
+2.1754000000E+00,+6.458334E-05
+2.1759000000E+00,+8.958333E-05
+2.1764000000E+00,-2.000000E-04
+2.1769000000E+00,-8.333333E-05
+2.1774000000E+00,+2.083333E-04
+2.1779000000E+00,+9.583333E-05
+2.1784000000E+00,-2.500000E-05
+2.1789000000E+00,-1.125000E-04
+2.1794000000E+00,+1.020833E-04
+2.1799000000E+00,+2.291667E-05
+2.1804000000E+00,+1.125000E-04
+2.1809000000E+00,+1.333333E-04
+2.1814000000E+00,+3.333333E-04
+2.1819000000E+00,+2.708333E-04
+2.1824000000E+00,+1.437500E-04
+2.1829000000E+00,+3.437500E-04
+2.1834000000E+00,+4.020833E-04
+2.1839000000E+00,+5.750000E-04
+2.1844000000E+00,+6.979167E-04
+2.1849000000E+00,+1.958333E-04
+2.1854000000E+00,+4.083333E-04
+2.1859000000E+00,+4.395833E-04
+2.1864000000E+00,+4.479167E-04
+2.1869000000E+00,+5.541667E-04
+2.1874000000E+00,+4.187500E-04
+2.1879000000E+00,+3.354167E-04
+2.1884000000E+00,+6.833333E-04
+2.1889000000E+00,+5.937500E-04
+2.1894000000E+00,+8.000000E-04
+2.1899000000E+00,+4.562500E-04
+2.1904000000E+00,+1.562500E-04
+2.1909000000E+00,+7.104167E-04
+2.1914000000E+00,+6.979167E-04
+2.1919000000E+00,+6.875000E-04
+2.1924000000E+00,+7.458333E-04
+2.1929000000E+00,+7.708333E-04
+2.1934000000E+00,+6.062500E-04
+2.1939000000E+00,+3.625000E-04
+2.1944000000E+00,+6.083333E-04
+2.1949000000E+00,+8.916667E-04
+2.1954000000E+00,+5.312500E-04
+2.1959000000E+00,+5.916667E-04
+2.1964000000E+00,+4.562500E-04
+2.1969000000E+00,+6.437500E-04
+2.1974000000E+00,+7.687500E-04
+2.1979000000E+00,+8.416667E-04
+2.1984000000E+00,+5.750000E-04
+2.1989000000E+00,+5.500000E-04
+2.1994000000E+00,+6.895834E-04
+2.1999000000E+00,+7.604167E-04
+2.2004000000E+00,+7.750000E-04
+2.2009000000E+00,+6.812500E-04
+2.2014000000E+00,+6.437500E-04
+2.2019000000E+00,+5.020833E-04
+2.2024000000E+00,+5.708333E-04
+2.2029000000E+00,+5.541667E-04
+2.2034000000E+00,+5.916667E-04
+2.2039000000E+00,+6.208334E-04
+2.2044000000E+00,+5.145833E-04
+2.2049000000E+00,+4.916667E-04
+2.2054000000E+00,+4.166667E-04
+2.2059000000E+00,+6.645833E-04
+2.2064000000E+00,+5.687500E-04
+2.2069000000E+00,+5.604167E-04
+2.2074000000E+00,+2.604167E-04
+2.2079000000E+00,+2.500000E-04
+2.2084000000E+00,+6.145833E-04
+2.2089000000E+00,+5.875000E-04
+2.2094000000E+00,+4.541667E-04
+2.2099000000E+00,+1.708333E-04
+2.2104000000E+00,+2.062500E-04
+2.2109000000E+00,+3.958333E-04
+2.2114000000E+00,+1.645833E-04
+2.2119000000E+00,+3.041667E-04
+2.2124000000E+00,+1.625000E-04
+2.2129000000E+00,-1.833333E-04
+2.2134000000E+00,-2.708334E-05
+2.2139000000E+00,+1.125000E-04
+2.2144000000E+00,+2.625000E-04
+2.2149000000E+00,+1.187500E-04
+2.2154000000E+00,-1.354167E-04
+2.2159000000E+00,-6.250002E-06
+2.2164000000E+00,-2.541667E-04
+2.2169000000E+00,+3.958333E-05
+2.2174000000E+00,-6.041667E-05
+2.2179000000E+00,-1.000000E-04
+2.2184000000E+00,-3.541667E-04
+2.2189000000E+00,-3.416667E-04
+2.2194000000E+00,-3.354167E-04
+2.2199000000E+00,+2.875000E-04
+2.2204000000E+00,-2.791667E-04
+2.2209000000E+00,-1.708333E-04
+2.2214000000E+00,-5.583334E-04
+2.2219000000E+00,-4.666667E-04
+2.2224000000E+00,-3.729167E-04
+2.2229000000E+00,-2.395833E-04
+2.2234000000E+00,-2.770833E-04
+2.2239000000E+00,-5.166667E-04
+2.2244000000E+00,-5.250000E-04
+2.2249000000E+00,-7.854167E-04
+2.2254000000E+00,-6.291667E-04
+2.2259000000E+00,-2.812500E-04
+2.2264000000E+00,-3.229167E-04
+2.2269000000E+00,-6.895834E-04
+2.2274000000E+00,-7.625000E-04
+2.2279000000E+00,-8.645834E-04
+2.2284000000E+00,-4.354167E-04
+2.2289000000E+00,-4.645833E-04
+2.2294000000E+00,-5.187500E-04
+2.2299000000E+00,-1.047917E-03
+2.2304000000E+00,-7.583334E-04
+2.2309000000E+00,-6.833333E-04
+2.2314000000E+00,-6.916667E-04
+2.2319000000E+00,-6.979167E-04
+2.2324000000E+00,-8.229167E-04
+2.2329000000E+00,-8.333334E-04
+2.2334000000E+00,-1.141667E-03
+2.2339000000E+00,-8.437500E-04
+2.2344000000E+00,-5.562500E-04
+2.2349000000E+00,-3.895834E-04
+2.2354000000E+00,-8.833333E-04
+2.2359000000E+00,-1.058333E-03
+2.2364000000E+00,-1.016667E-03
+2.2369000000E+00,-2.291667E-04
+2.2374000000E+00,-7.979167E-04
+2.2379000000E+00,-9.541667E-04
+2.2384000000E+00,-9.375000E-04
+2.2389000000E+00,-1.087500E-03
+2.2394000000E+00,-8.895833E-04
+2.2399000000E+00,-7.166667E-04
+2.2404000000E+00,-7.458333E-04
+2.2409000000E+00,-8.041667E-04
+2.2414000000E+00,-1.062500E-03
+2.2419000000E+00,-9.500000E-04
+2.2424000000E+00,-6.958334E-04
+2.2429000000E+00,-9.104167E-04
+2.2434000000E+00,-7.062500E-04
+2.2439000000E+00,-6.937500E-04
+2.2444000000E+00,-9.666667E-04
+2.2449000000E+00,-1.164583E-03
+2.2454000000E+00,-6.479167E-04
+2.2459000000E+00,-8.187500E-04
+2.2464000000E+00,-7.625000E-04
+2.2469000000E+00,-8.750000E-04
+2.2474000000E+00,-1.081250E-03
+2.2479000000E+00,-9.625000E-04
+2.2484000000E+00,-4.833333E-04
+2.2489000000E+00,-6.625000E-04
+2.2494000000E+00,-6.791667E-04
+2.2499000000E+00,-7.666667E-04
+2.2504000000E+00,-6.750000E-04
+2.2509000000E+00,-4.125000E-04
+2.2514000000E+00,-8.062500E-04
+2.2519000000E+00,-5.333333E-04
+2.2524000000E+00,-5.020833E-04
+2.2529000000E+00,-4.750000E-04
+2.2534000000E+00,-6.104167E-04
+2.2539000000E+00,-2.750000E-04
+2.2544000000E+00,-3.645833E-04
+2.2549000000E+00,-2.562500E-04
+2.2554000000E+00,-7.208334E-04
+2.2559000000E+00,-5.770833E-04
+2.2564000000E+00,-2.166667E-04
+2.2569000000E+00,-1.541667E-04
+2.2574000000E+00,-2.000000E-04
+2.2579000000E+00,-3.750000E-04
+2.2584000000E+00,-5.229167E-04
+2.2589000000E+00,-1.666667E-04
+2.2594000000E+00,-2.645833E-04
+2.2599000000E+00,-1.458333E-04
+2.2604000000E+00,-1.791667E-04
+2.2609000000E+00,-3.583333E-04
+2.2614000000E+00,-2.625000E-04
+2.2619000000E+00,+2.083333E-05
+2.2624000000E+00,+1.333333E-04
+2.2629000000E+00,+2.812500E-04
+2.2634000000E+00,+2.291667E-05
+2.2639000000E+00,+9.583333E-05
+2.2644000000E+00,+3.541667E-05
+2.2649000000E+00,+1.562500E-04
+2.2654000000E+00,+3.000000E-04
+2.2659000000E+00,+3.937500E-04
+2.2664000000E+00,+2.416667E-04
+2.2669000000E+00,+7.500000E-05
+2.2674000000E+00,+1.958333E-04
+2.2679000000E+00,+5.708333E-04
+2.2684000000E+00,+6.229167E-04
+2.2689000000E+00,+4.166667E-04
+2.2694000000E+00,+2.270833E-04
+2.2699000000E+00,+7.500000E-05
+2.2704000000E+00,+6.479167E-04
+2.2709000000E+00,+1.520833E-04
+2.2714000000E+00,+4.604167E-04
+2.2719000000E+00,+6.000000E-04
+2.2724000000E+00,+4.166667E-04
+2.2729000000E+00,+4.312500E-04
+2.2734000000E+00,+4.125000E-04
+2.2739000000E+00,+6.625000E-04
+2.2744000000E+00,+7.395833E-04
+2.2749000000E+00,+4.979167E-04
+2.2754000000E+00,+5.479167E-04
+2.2759000000E+00,+5.395833E-04
+2.2764000000E+00,+6.250000E-04
+2.2769000000E+00,+8.333334E-04
+2.2774000000E+00,+7.666667E-04
+2.2779000000E+00,+4.875000E-04
+2.2784000000E+00,+2.833333E-04
+2.2789000000E+00,+6.104167E-04
+2.2794000000E+00,+7.208333E-04
+2.2799000000E+00,+8.750000E-04
+2.2804000000E+00,+6.520833E-04
+2.2809000000E+00,+2.729167E-04
+2.2814000000E+00,+5.208334E-04
+2.2819000000E+00,+1.050000E-03
+2.2824000000E+00,+7.354167E-04
+2.2829000000E+00,+7.541667E-04
+2.2834000000E+00,+6.375000E-04
+2.2839000000E+00,+4.666667E-04
+2.2844000000E+00,+7.041667E-04
+2.2849000000E+00,+5.437500E-04
+2.2854000000E+00,+7.687500E-04
+2.2859000000E+00,+5.145833E-04
+2.2864000000E+00,+4.958333E-04
+2.2869000000E+00,+3.791667E-04
+2.2874000000E+00,+1.770833E-04
+2.2879000000E+00,+5.791667E-04
+2.2884000000E+00,+6.770833E-04
+2.2889000000E+00,+5.395833E-04
+2.2894000000E+00,+5.604167E-04
+2.2899000000E+00,+3.250000E-04
+2.2904000000E+00,+3.833333E-04
+2.2909000000E+00,+6.312500E-04
+2.2914000000E+00,+3.479167E-04
+2.2919000000E+00,+1.770833E-04
+2.2924000000E+00,+2.500000E-04
+2.2929000000E+00,+2.125000E-04
+2.2934000000E+00,+3.208333E-04
+2.2939000000E+00,+3.979167E-04
+2.2944000000E+00,+1.520833E-04
+2.2949000000E+00,+2.312500E-04
+2.2954000000E+00,+1.666667E-05
+2.2959000000E+00,-2.687500E-04
+2.2964000000E+00,+4.458333E-04
+2.2969000000E+00,+5.416667E-05
+2.2974000000E+00,+1.666667E-05
+2.2979000000E+00,-1.437500E-04
+2.2984000000E+00,-2.145833E-04
+2.2989000000E+00,+1.145833E-04
+2.2994000000E+00,+6.250000E-05
+2.2999000000E+00,+1.083333E-04
+2.3004000000E+00,-2.354167E-04
+2.3009000000E+00,-4.062500E-04
+2.3014000000E+00,-1.916667E-04
+2.3019000000E+00,-2.083333E-05
+2.3024000000E+00,-1.229167E-04
+2.3029000000E+00,-1.812500E-04
+2.3034000000E+00,-3.000000E-04
+2.3039000000E+00,-2.354167E-04
+2.3044000000E+00,-4.312500E-04
+2.3049000000E+00,-3.750000E-05
+2.3054000000E+00,+5.625000E-05
+2.3059000000E+00,-4.312500E-04
+2.3064000000E+00,-4.479167E-04
+2.3069000000E+00,-5.791667E-04
+2.3074000000E+00,-3.458333E-04
+2.3079000000E+00,-2.583333E-04
+2.3084000000E+00,-1.375000E-04
+2.3089000000E+00,-6.770833E-04
+2.3094000000E+00,-6.687500E-04
+2.3099000000E+00,-7.354167E-04
+2.3104000000E+00,-7.229167E-04
+2.3109000000E+00,-3.416667E-04
+2.3114000000E+00,-6.208334E-04
+2.3119000000E+00,-6.770833E-04
+2.3124000000E+00,-7.312500E-04
+2.3129000000E+00,-7.833333E-04
+2.3134000000E+00,-7.666667E-04
+2.3139000000E+00,-4.604167E-04
+2.3144000000E+00,-8.479167E-04
+2.3149000000E+00,-8.604167E-04
+2.3154000000E+00,-9.125000E-04
+2.3159000000E+00,-8.500000E-04
+2.3164000000E+00,-6.520834E-04
+2.3169000000E+00,-6.437500E-04
+2.3174000000E+00,-9.979167E-04
+2.3179000000E+00,-7.541667E-04
+2.3184000000E+00,-8.104167E-04
+2.3189000000E+00,-6.437500E-04
+2.3194000000E+00,-8.854167E-04
+2.3199000000E+00,-1.095833E-03
+2.3204000000E+00,-1.225000E-03
+2.3209000000E+00,-1.131250E-03
+2.3214000000E+00,-6.125000E-04
+2.3219000000E+00,-7.500000E-04
+2.3224000000E+00,-9.291667E-04
+2.3229000000E+00,-8.708333E-04
+2.3234000000E+00,-1.141667E-03
+2.3239000000E+00,-1.079167E-03
+2.3244000000E+00,-8.541667E-04
+2.3249000000E+00,-8.708333E-04
+2.3254000000E+00,-8.791667E-04
+2.3259000000E+00,-1.025000E-03
+2.3264000000E+00,-9.791667E-04
+2.3269000000E+00,-1.062500E-03
+2.3274000000E+00,-6.125000E-04
+2.3279000000E+00,-5.812500E-04
+2.3284000000E+00,-1.106250E-03
+2.3289000000E+00,-1.002083E-03
+2.3294000000E+00,-9.687500E-04
+2.3299000000E+00,-9.312500E-04
+2.3304000000E+00,-6.645833E-04
+2.3309000000E+00,-6.770833E-04
+2.3314000000E+00,-8.375000E-04
+2.3319000000E+00,-7.895834E-04
+2.3324000000E+00,-5.666667E-04
+2.3329000000E+00,-2.937500E-04
+2.3334000000E+00,-3.791667E-04
+2.3339000000E+00,-6.895834E-04
+2.3344000000E+00,-8.083333E-04
+2.3349000000E+00,-8.520833E-04
+2.3354000000E+00,-9.041667E-04
+2.3359000000E+00,-4.166667E-04
+2.3364000000E+00,-3.979167E-04
+2.3369000000E+00,-5.000000E-04
+2.3374000000E+00,-7.979167E-04
+2.3379000000E+00,-5.729167E-04
+2.3384000000E+00,-1.479167E-04
+2.3389000000E+00,-3.687500E-04
+2.3394000000E+00,-3.916667E-04
+2.3399000000E+00,-4.937500E-04
+2.3404000000E+00,-4.333333E-04
+2.3409000000E+00,-2.770833E-04
+2.3414000000E+00,+8.541666E-05
+2.3419000000E+00,-4.479167E-04
+2.3424000000E+00,-1.145833E-04
+2.3429000000E+00,-2.750000E-04
+2.3434000000E+00,-2.208333E-04
+2.3439000000E+00,-2.020833E-04
+2.3444000000E+00,+1.854167E-04
+2.3449000000E+00,+2.083333E-05
+2.3454000000E+00,-1.229167E-04
+2.3459000000E+00,-2.708334E-05
+2.3464000000E+00,+2.916667E-05
+2.3469000000E+00,+2.395833E-04
+2.3474000000E+00,+3.437500E-04
+2.3479000000E+00,+1.187500E-04
+2.3484000000E+00,+1.375000E-04
+2.3489000000E+00,-7.083334E-05
+2.3494000000E+00,+2.458333E-04
+2.3499000000E+00,+3.312500E-04
+2.3504000000E+00,+1.041667E-04
+2.3509000000E+00,+3.666667E-04
+2.3514000000E+00,+1.541667E-04
+2.3519000000E+00,+4.354167E-04
+2.3524000000E+00,+4.916667E-04
+2.3529000000E+00,+5.062500E-04
+2.3534000000E+00,+5.895834E-04
+2.3539000000E+00,+5.708333E-04
+2.3544000000E+00,+2.562500E-04
+2.3549000000E+00,+6.208334E-04
+2.3554000000E+00,+6.500000E-04
+2.3559000000E+00,+8.854167E-04
+2.3564000000E+00,+9.041667E-04
+2.3569000000E+00,+5.041666E-04
+2.3574000000E+00,+2.875000E-04
+2.3579000000E+00,+8.500000E-04
+2.3584000000E+00,+8.312500E-04
+2.3589000000E+00,+7.520833E-04
+2.3594000000E+00,+6.562500E-04
+2.3599000000E+00,+5.416667E-04
+2.3604000000E+00,+5.416667E-04
+2.3609000000E+00,+7.083333E-04
+2.3614000000E+00,+8.062500E-04
+2.3619000000E+00,+6.583334E-04
+2.3624000000E+00,+5.791667E-04
+2.3629000000E+00,+6.791667E-04
+2.3634000000E+00,+5.645833E-04
+2.3639000000E+00,+7.270834E-04
+2.3644000000E+00,+7.729167E-04
+2.3649000000E+00,+1.145833E-03
+2.3654000000E+00,+5.500000E-04
+2.3659000000E+00,+9.083333E-04
+2.3664000000E+00,+4.687500E-04
+2.3669000000E+00,+7.395833E-04
+2.3674000000E+00,+8.854167E-04
+2.3679000000E+00,+7.333333E-04
+2.3684000000E+00,+5.729166E-04
+2.3689000000E+00,+5.062500E-04
+2.3694000000E+00,+7.833333E-04
+2.3699000000E+00,+9.000000E-04
+2.3704000000E+00,+6.354167E-04
+2.3709000000E+00,+5.750000E-04
+2.3714000000E+00,+7.229167E-04
+2.3719000000E+00,+7.854167E-04
+2.3724000000E+00,+4.479167E-04
+2.3729000000E+00,+8.229167E-04
+2.3734000000E+00,+6.291667E-04
+2.3739000000E+00,+5.041666E-04
+2.3744000000E+00,+3.208333E-04
+2.3749000000E+00,+4.479167E-04
+2.3754000000E+00,+6.020833E-04
+2.3759000000E+00,+6.250000E-04
+2.3764000000E+00,+3.312500E-04
+2.3769000000E+00,+1.208333E-04
+2.3774000000E+00,+2.708333E-04
+2.3779000000E+00,+4.604167E-04
+2.3784000000E+00,+3.041667E-04
+2.3789000000E+00,+4.687500E-04
+2.3794000000E+00,+2.145833E-04
+2.3799000000E+00,+8.333332E-06
+2.3804000000E+00,+1.041667E-04
+2.3809000000E+00,+2.416667E-04
+2.3814000000E+00,+1.812500E-04
+2.3819000000E+00,+2.854167E-04
+2.3824000000E+00,-8.125000E-05
+2.3829000000E+00,-1.562500E-04
+2.3834000000E+00,+9.166667E-05
+2.3839000000E+00,+1.125000E-04
+2.3844000000E+00,+1.125000E-04
+2.3849000000E+00,-3.250000E-04
+2.3854000000E+00,-2.791667E-04
+2.3859000000E+00,-1.500000E-04
+2.3864000000E+00,-5.833333E-05
+2.3869000000E+00,+8.541666E-05
+2.3874000000E+00,-3.354167E-04
+2.3879000000E+00,-5.041667E-04
+2.3884000000E+00,-4.666667E-04
+2.3889000000E+00,-4.437500E-04
+2.3894000000E+00,-1.375000E-04
+2.3899000000E+00,-2.416667E-04
+2.3904000000E+00,-3.604167E-04
+2.3909000000E+00,-1.958333E-04
+2.3914000000E+00,-5.791667E-04
+2.3919000000E+00,-3.729167E-04
+2.3924000000E+00,-6.145833E-04
+2.3929000000E+00,-1.625000E-04
+2.3934000000E+00,-6.104167E-04
+2.3939000000E+00,-8.083333E-04
+2.3944000000E+00,-6.958334E-04
+2.3949000000E+00,-6.333333E-04
+2.3954000000E+00,-5.729167E-04
+2.3959000000E+00,-4.104167E-04
+2.3964000000E+00,-7.000000E-04
+2.3969000000E+00,-8.708333E-04
+2.3974000000E+00,-5.708333E-04
+2.3979000000E+00,-4.666667E-04
+2.3984000000E+00,-8.312500E-04
+2.3989000000E+00,-8.854167E-04
+2.3994000000E+00,-8.041667E-04
+2.3999000000E+00,-9.833333E-04
+2.4004000000E+00,-8.291667E-04
+2.4009000000E+00,-9.604167E-04
+2.4014000000E+00,-9.229167E-04
+2.4019000000E+00,-7.854167E-04
+2.4024000000E+00,-1.129167E-03
+2.4029000000E+00,-1.197917E-03
+2.4034000000E+00,-8.625000E-04
+2.4039000000E+00,-6.666667E-04
+2.4044000000E+00,-8.083333E-04
+2.4049000000E+00,-1.091667E-03
+2.4054000000E+00,-9.458333E-04
+2.4059000000E+00,-1.004167E-03
+2.4064000000E+00,-6.770833E-04
+2.4069000000E+00,-5.270833E-04
+2.4074000000E+00,-9.020834E-04
+2.4079000000E+00,-1.091667E-03
+2.4084000000E+00,-9.604167E-04
+2.4089000000E+00,-9.500000E-04
+2.4094000000E+00,-7.729167E-04
+2.4099000000E+00,-9.770833E-04
+2.4104000000E+00,-8.750000E-04
+2.4109000000E+00,-1.064583E-03
+2.4114000000E+00,-6.104167E-04
+2.4119000000E+00,-8.000000E-04
+2.4124000000E+00,-5.854167E-04
+2.4129000000E+00,-8.375000E-04
+2.4134000000E+00,-1.102083E-03
+2.4139000000E+00,-8.770833E-04
+2.4144000000E+00,-8.104167E-04
+2.4149000000E+00,-6.791667E-04
+2.4154000000E+00,-7.937500E-04
+2.4159000000E+00,-8.416667E-04
+2.4164000000E+00,-1.033333E-03
+2.4169000000E+00,-6.958334E-04
+2.4174000000E+00,-5.375000E-04
+2.4179000000E+00,-7.895834E-04
+2.4184000000E+00,-6.770833E-04
+2.4189000000E+00,-6.708333E-04
+2.4194000000E+00,-1.064583E-03
+2.4199000000E+00,-5.270833E-04
+2.4204000000E+00,-4.916667E-04
+2.4209000000E+00,-4.625000E-04
+2.4214000000E+00,-5.395833E-04
+2.4219000000E+00,-5.833333E-04
+2.4224000000E+00,-6.583334E-04
+2.4229000000E+00,-3.958333E-04
+2.4234000000E+00,+2.916667E-05
+2.4239000000E+00,-3.666667E-04
+2.4244000000E+00,-5.312500E-04
+2.4249000000E+00,-8.812500E-04
+2.4254000000E+00,-2.604167E-04
+2.4259000000E+00,-1.791667E-04
+2.4264000000E+00,+3.541667E-05
+2.4269000000E+00,-1.500000E-04
+2.4274000000E+00,-3.750000E-04
+2.4279000000E+00,-3.375000E-04
+2.4284000000E+00,+1.145833E-04
+2.4289000000E+00,+1.104167E-04
+2.4294000000E+00,-2.291667E-05
+2.4299000000E+00,+7.708334E-05
+2.4304000000E+00,-1.818989E-12
+2.4309000000E+00,-1.312500E-04
+2.4314000000E+00,+2.395833E-04
+2.4319000000E+00,+2.062500E-04
+2.4324000000E+00,+3.250000E-04
+2.4329000000E+00,+1.375000E-04
+2.4334000000E+00,-1.250000E-05
+2.4339000000E+00,+1.645833E-04
+2.4344000000E+00,+3.500000E-04
+2.4349000000E+00,+3.833333E-04
+2.4354000000E+00,+5.145833E-04
+2.4359000000E+00,+6.249998E-06
+2.4364000000E+00,+4.687500E-04
+2.4369000000E+00,+4.437500E-04
+2.4374000000E+00,+6.625000E-04
+2.4379000000E+00,+5.020833E-04
+2.4384000000E+00,+3.937500E-04
+2.4389000000E+00,+4.666667E-04
+2.4394000000E+00,+1.520833E-04
+2.4399000000E+00,+4.562500E-04
+2.4404000000E+00,+5.812500E-04
+2.4409000000E+00,+4.916667E-04
+2.4414000000E+00,+4.083333E-04
+2.4419000000E+00,+3.250000E-04
+2.4424000000E+00,+5.208334E-04
+2.4429000000E+00,+7.833333E-04
+2.4434000000E+00,+9.020834E-04
+2.4439000000E+00,+5.708333E-04
+2.4444000000E+00,+5.541667E-04
+2.4449000000E+00,+4.145833E-04
+2.4454000000E+00,+1.039583E-03
+2.4459000000E+00,+8.395833E-04
+2.4464000000E+00,+8.187500E-04
+2.4469000000E+00,+4.645833E-04
+2.4474000000E+00,+5.479167E-04
+2.4479000000E+00,+5.833333E-04
+2.4484000000E+00,+6.812500E-04
+2.4489000000E+00,+8.312500E-04
+2.4494000000E+00,+6.458333E-04
+2.4499000000E+00,+7.708333E-04
+2.4504000000E+00,+4.916667E-04
+2.4509000000E+00,+1.081250E-03
+2.4514000000E+00,+5.229167E-04
+2.4519000000E+00,+9.312500E-04
+2.4524000000E+00,+6.687500E-04
+2.4529000000E+00,+5.354166E-04
+2.4534000000E+00,+4.895834E-04
+2.4539000000E+00,+3.729167E-04
+2.4544000000E+00,+8.812500E-04
+2.4549000000E+00,+6.875000E-04
+2.4554000000E+00,+3.083333E-04
+2.4559000000E+00,+3.312500E-04
+2.4564000000E+00,+3.937500E-04
+2.4569000000E+00,+5.500000E-04
+2.4574000000E+00,+1.137500E-03
+2.4579000000E+00,+7.333333E-04
+2.4584000000E+00,+3.333333E-04
+2.4589000000E+00,+3.083333E-04
+2.4594000000E+00,+3.520833E-04
+2.4599000000E+00,+7.958334E-04
+2.4604000000E+00,+3.791667E-04
+2.4609000000E+00,+4.750000E-04
+2.4614000000E+00,+1.395833E-04
+2.4619000000E+00,+2.583333E-04
+2.4624000000E+00,+3.562500E-04
+2.4629000000E+00,+3.729167E-04
+2.4634000000E+00,+4.395833E-04
+2.4639000000E+00,+2.645833E-04
+2.4644000000E+00,-5.000000E-05
+2.4649000000E+00,+8.125000E-05
+2.4654000000E+00,+1.458333E-04
+2.4659000000E+00,+3.458333E-04
+2.4664000000E+00,+2.166667E-04
+2.4669000000E+00,-1.750000E-04
+2.4674000000E+00,-1.083333E-04
+2.4679000000E+00,-7.708334E-05
+2.4684000000E+00,-8.750000E-05
+2.4689000000E+00,-1.937500E-04
+2.4694000000E+00,-1.645833E-04
+2.4699000000E+00,-2.833333E-04
+2.4704000000E+00,-6.250000E-05
+2.4709000000E+00,-2.083333E-04
+2.4714000000E+00,+1.229167E-04
+2.4719000000E+00,-1.041667E-05
+2.4724000000E+00,-3.250000E-04
+2.4729000000E+00,-4.916667E-04
+2.4734000000E+00,-2.437500E-04
+2.4739000000E+00,-3.437500E-04
+2.4744000000E+00,-7.500000E-05
+2.4749000000E+00,-4.666667E-04
+2.4754000000E+00,-4.354167E-04
+2.4759000000E+00,-7.916667E-04
+2.4764000000E+00,-3.541667E-04
+2.4769000000E+00,-4.833333E-04
+2.4774000000E+00,-4.854167E-04
+2.4779000000E+00,-7.312500E-04
+2.4784000000E+00,-6.562500E-04
+2.4789000000E+00,-9.833333E-04
+2.4794000000E+00,-7.208334E-04
+2.4799000000E+00,-4.166667E-04
+2.4804000000E+00,-7.541667E-04
+2.4809000000E+00,-6.458333E-04
+2.4814000000E+00,-7.645834E-04
+2.4819000000E+00,-7.333333E-04
+2.4824000000E+00,-6.375000E-04
+2.4829000000E+00,-7.291667E-04
+2.4834000000E+00,-7.000000E-04
+2.4839000000E+00,-8.791667E-04
+2.4844000000E+00,-8.979167E-04
+2.4849000000E+00,-9.250000E-04
+2.4854000000E+00,-7.062500E-04
+2.4859000000E+00,-8.375000E-04
+2.4864000000E+00,-8.770833E-04
+2.4869000000E+00,-1.104167E-03
+2.4874000000E+00,-8.625000E-04
+2.4879000000E+00,-6.750000E-04
+2.4884000000E+00,-6.833333E-04
+2.4889000000E+00,-8.375000E-04
+2.4894000000E+00,-1.206250E-03
+2.4899000000E+00,-9.000000E-04
+2.4904000000E+00,-9.458333E-04
+2.4909000000E+00,-1.054167E-03
+2.4914000000E+00,-9.000000E-04
+2.4919000000E+00,-6.458333E-04
+2.4924000000E+00,-7.500000E-04
+2.4929000000E+00,-1.347917E-03
+2.4934000000E+00,-7.666667E-04
+2.4939000000E+00,-7.791667E-04
+2.4944000000E+00,-8.166667E-04
+2.4949000000E+00,-1.418750E-03
+2.4954000000E+00,-9.729167E-04
+2.4959000000E+00,-7.333333E-04
+2.4964000000E+00,-6.916667E-04
